{"v": "4.8.0", "meta": {"g": "LottieFiles AE 1.1.0", "a": "", "k": "", "d": "", "tc": ""}, "fr": 30, "ip": 0, "op": 91, "w": 2000, "h": 2000, "nm": "2000x2000", "ddd": 0, "assets": [{"id": "comp_0", "layers": [{"ddd": 0, "ind": 1, "ty": 4, "nm": "Confetti/ID Card_Verfication-Success or Failure Outlines 2", "td": 1, "sr": 1, "ks": {"o": {"a": 0, "k": 100, "ix": 11}, "r": {"a": 0, "k": 0, "ix": 10}, "p": {"a": 0, "k": [527, 1134, 0], "ix": 2}, "a": {"a": 0, "k": [475, 358, 0], "ix": 1}, "s": {"a": 0, "k": [100, 100, 100], "ix": 6}}, "ao": 0, "shapes": [{"ty": "gr", "it": [{"ind": 0, "ty": "sh", "ix": 1, "ks": {"a": 0, "k": {"i": [[0, 0], [0, 0], [0, 0]], "o": [[0, 0], [0, 0], [0, 0]], "v": [[604.355, 2.273], [564.364, 105.616], [598.679, 0.252]], "c": true}, "ix": 2}, "nm": "Path 1", "mn": "ADBE Vector Shape - Group", "hd": false}, {"ty": "fl", "c": {"a": 0, "k": [0.643137254902, 0.709803921569, 0.996078491211, 1], "ix": 4}, "o": {"a": 0, "k": 100, "ix": 5}, "r": 1, "bm": 0, "nm": "Fill 1", "mn": "ADBE Vector Graphic - Fill", "hd": false}, {"ind": 2, "ty": "sh", "ix": 3, "ks": {"a": 0, "k": {"i": [[0, 0], [0, 0], [0, 0]], "o": [[0, 0], [0, 0], [0, 0]], "v": [[823.189, 99.222], [719.887, 173.204], [819.566, 94.408]], "c": true}, "ix": 2}, "nm": "Path 2", "mn": "ADBE Vector Shape - Group", "hd": false}, {"ty": "fl", "c": {"a": 0, "k": [0.643137254902, 0.709803921569, 0.996078491211, 1], "ix": 4}, "o": {"a": 0, "k": 100, "ix": 5}, "r": 1, "bm": 0, "nm": "Fill 2", "mn": "ADBE Vector Graphic - Fill", "hd": false}, {"ind": 4, "ty": "sh", "ix": 5, "ks": {"a": 0, "k": {"i": [[0, 0], [0, 0], [0, 0]], "o": [[0, 0], [0, 0], [0, 0]], "v": [[948.917, 265.262], [809.689, 290.268], [947.725, 259.356]], "c": true}, "ix": 2}, "nm": "Path 3", "mn": "ADBE Vector Shape - Group", "hd": false}, {"ty": "fl", "c": {"a": 0, "k": [0.643137254902, 0.709803921569, 0.996078491211, 1], "ix": 4}, "o": {"a": 0, "k": 100, "ix": 5}, "r": 1, "bm": 0, "nm": "Fill 3", "mn": "ADBE Vector Graphic - Fill", "hd": false}, {"ind": 6, "ty": "sh", "ix": 7, "ks": {"a": 0, "k": {"i": [[0, 0], [0, 0], [0, 0]], "o": [[0, 0], [0, 0], [0, 0]], "v": [[947.732, 456.363], [809.697, 425.446], [948.924, 450.457]], "c": true}, "ix": 2}, "nm": "Path 4", "mn": "ADBE Vector Shape - Group", "hd": false}, {"ty": "fl", "c": {"a": 0, "k": [0.643137254902, 0.709803921569, 0.996078491211, 1], "ix": 4}, "o": {"a": 0, "k": 100, "ix": 5}, "r": 1, "bm": 0, "nm": "Fill 4", "mn": "ADBE Vector Graphic - Fill", "hd": false}, {"ind": 8, "ty": "sh", "ix": 9, "ks": {"a": 0, "k": {"i": [[0, 0], [0, 0], [0, 0]], "o": [[0, 0], [0, 0], [0, 0]], "v": [[819.577, 621.324], [719.918, 542.522], [823.201, 616.51]], "c": true}, "ix": 2}, "nm": "Path 5", "mn": "ADBE Vector Shape - Group", "hd": false}, {"ty": "fl", "c": {"a": 0, "k": [0.643137254902, 0.709803921569, 0.996078491211, 1], "ix": 4}, "o": {"a": 0, "k": 100, "ix": 5}, "r": 1, "bm": 0, "nm": "Fill 5", "mn": "ADBE Vector Graphic - Fill", "hd": false}, {"ind": 10, "ty": "sh", "ix": 11, "ks": {"a": 0, "k": {"i": [[0, 0], [0, 0], [0, 0]], "o": [[0, 0], [0, 0], [0, 0]], "v": [[598.684, 715.476], [564.384, 610.116], [604.361, 713.456]], "c": true}, "ix": 2}, "nm": "Path 6", "mn": "ADBE Vector Shape - Group", "hd": false}, {"ty": "fl", "c": {"a": 0, "k": [0.643137254902, 0.709803921569, 0.996078491211, 1], "ix": 4}, "o": {"a": 0, "k": 100, "ix": 5}, "r": 1, "bm": 0, "nm": "Fill 6", "mn": "ADBE Vector Graphic - Fill", "hd": false}, {"ind": 12, "ty": "sh", "ix": 13, "ks": {"a": 0, "k": {"i": [[0, 0], [0, 0], [0, 0]], "o": [[0, 0], [0, 0], [0, 0]], "v": [[344.808, 713.461], [384.787, 610.117], [350.484, 715.482]], "c": true}, "ix": 2}, "nm": "Path 7", "mn": "ADBE Vector Shape - Group", "hd": false}, {"ty": "fl", "c": {"a": 0, "k": [0.643137254902, 0.709803921569, 0.996078491211, 1], "ix": 4}, "o": {"a": 0, "k": 100, "ix": 5}, "r": 1, "bm": 0, "nm": "Fill 7", "mn": "ADBE Vector Graphic - Fill", "hd": false}, {"ind": 14, "ty": "sh", "ix": 15, "ks": {"a": 0, "k": {"i": [[0, 0], [0, 0], [0, 0]], "o": [[0, 0], [0, 0], [0, 0]], "v": [[125.972, 616.51], [229.269, 542.537], [129.596, 621.324]], "c": true}, "ix": 2}, "nm": "Path 8", "mn": "ADBE Vector Shape - Group", "hd": false}, {"ty": "fl", "c": {"a": 0, "k": [0.643137254902, 0.709803921569, 0.996078491211, 1], "ix": 4}, "o": {"a": 0, "k": 100, "ix": 5}, "r": 1, "bm": 0, "nm": "Fill 8", "mn": "ADBE Vector Graphic - Fill", "hd": false}, {"ind": 16, "ty": "sh", "ix": 17, "ks": {"a": 0, "k": {"i": [[0, 0], [0, 0], [0, 0]], "o": [[0, 0], [0, 0], [0, 0]], "v": [[0.25, 450.464], [139.476, 425.457], [1.441, 456.37]], "c": true}, "ix": 2}, "nm": "Path 9", "mn": "ADBE Vector Shape - Group", "hd": false}, {"ty": "fl", "c": {"a": 0, "k": [0.643137254902, 0.709803921569, 0.996078491211, 1], "ix": 4}, "o": {"a": 0, "k": 100, "ix": 5}, "r": 1, "bm": 0, "nm": "Fill 9", "mn": "ADBE Vector Graphic - Fill", "hd": false}, {"ind": 18, "ty": "sh", "ix": 19, "ks": {"a": 0, "k": {"i": [[0, 0], [0, 0], [0, 0]], "o": [[0, 0], [0, 0], [0, 0]], "v": [[1.445, 259.361], [139.472, 290.287], [0.253, 265.267]], "c": true}, "ix": 2}, "nm": "Path 10", "mn": "ADBE Vector Shape - Group", "hd": false}, {"ty": "fl", "c": {"a": 0, "k": [0.643137254902, 0.709803921569, 0.996078491211, 1], "ix": 4}, "o": {"a": 0, "k": 100, "ix": 5}, "r": 1, "bm": 0, "nm": "Fill 10", "mn": "ADBE Vector Graphic - Fill", "hd": false}, {"ind": 20, "ty": "sh", "ix": 21, "ks": {"a": 0, "k": {"i": [[0, 0], [0, 0], [0, 0]], "o": [[0, 0], [0, 0], [0, 0]], "v": [[129.591, 94.408], [229.242, 173.207], [125.967, 99.222]], "c": true}, "ix": 2}, "nm": "Path 11", "mn": "ADBE Vector Shape - Group", "hd": false}, {"ty": "fl", "c": {"a": 0, "k": [0.643137254902, 0.709803921569, 0.996078491211, 1], "ix": 4}, "o": {"a": 0, "k": 100, "ix": 5}, "r": 1, "bm": 0, "nm": "Fill 11", "mn": "ADBE Vector Graphic - Fill", "hd": false}, {"ind": 22, "ty": "sh", "ix": 23, "ks": {"a": 0, "k": {"i": [[0, 0], [0, 0], [0, 0]], "o": [[0, 0], [0, 0], [0, 0]], "v": [[350.486, 0.25], [384.795, 105.612], [344.81, 2.271]], "c": true}, "ix": 2}, "nm": "Path 12", "mn": "ADBE Vector Shape - Group", "hd": false}, {"ty": "fl", "c": {"a": 0, "k": [0.643137254902, 0.709803921569, 0.996078491211, 1], "ix": 4}, "o": {"a": 0, "k": 100, "ix": 5}, "r": 1, "bm": 0, "nm": "Fill 12", "mn": "ADBE Vector Graphic - Fill", "hd": false}, {"ty": "tr", "p": {"a": 0, "k": [474.587, 357.866], "ix": 2}, "a": {"a": 0, "k": [474.587, 357.866], "ix": 1}, "s": {"a": 0, "k": [100, 100], "ix": 3}, "r": {"a": 0, "k": 0, "ix": 6}, "o": {"a": 0, "k": 100, "ix": 7}, "sk": {"a": 0, "k": 0, "ix": 4}, "sa": {"a": 0, "k": 0, "ix": 5}, "nm": "Transform"}], "nm": "Group 1", "np": 24, "cix": 2, "bm": 0, "ix": 1, "mn": "ADBE Vector Group", "hd": false}], "ip": 55, "op": 92, "st": 1, "bm": 0}, {"ddd": 0, "ind": 2, "ty": 4, "nm": "Shape Layer 2", "tt": 1, "sr": 1, "ks": {"o": {"a": 0, "k": 100, "ix": 11}, "r": {"a": 0, "k": 0, "ix": 10}, "p": {"a": 0, "k": [527.5, 1134, 0], "ix": 2}, "a": {"a": 0, "k": [0, 0, 0], "ix": 1}, "s": {"a": 0, "k": [100, 100, 100], "ix": 6}}, "ao": 0, "shapes": [{"ty": "gr", "it": [{"d": 1, "ty": "el", "s": {"a": 1, "k": [{"i": {"x": [0.667, 0.667], "y": [1, 1]}, "o": {"x": [0.167, 0.167], "y": [0.167, 0.167]}, "t": 55, "s": [964.501, 703.282]}, {"t": 63, "s": [1647.473, 1201.282]}], "ix": 2}, "p": {"a": 0, "k": [0, 0], "ix": 3}, "nm": "Ellipse Path 1", "mn": "ADBE Vector Shape - Ellipse", "hd": false}, {"ty": "st", "c": {"a": 0, "k": [0.647058823529, 0.713725490196, 1, 1], "ix": 3}, "o": {"a": 0, "k": 100, "ix": 4}, "w": {"a": 0, "k": 350, "ix": 5}, "lc": 1, "lj": 1, "ml": 4, "bm": 0, "nm": "Stroke 1", "mn": "ADBE Vector Graphic - Stroke", "hd": false}, {"ty": "tr", "p": {"a": 0, "k": [-7.5, -26], "ix": 2}, "a": {"a": 0, "k": [0, 0], "ix": 1}, "s": {"a": 0, "k": [100, 100], "ix": 3}, "r": {"a": 0, "k": 0, "ix": 6}, "o": {"a": 0, "k": 100, "ix": 7}, "sk": {"a": 0, "k": 0, "ix": 4}, "sa": {"a": 0, "k": 0, "ix": 5}, "nm": "Transform"}], "nm": "Ellipse 1", "np": 3, "cix": 2, "bm": 0, "ix": 1, "mn": "ADBE Vector Group", "hd": false}, {"ty": "st", "c": {"a": 0, "k": [0.647058823529, 0.713725490196, 1, 1], "ix": 3}, "o": {"a": 0, "k": 100, "ix": 4}, "w": {"a": 0, "k": 158, "ix": 5}, "lc": 1, "lj": 1, "ml": 4, "bm": 0, "nm": "Stroke 1", "mn": "ADBE Vector Graphic - Stroke", "hd": false}], "ip": 55, "op": 97, "st": 12, "bm": 0}, {"ddd": 0, "ind": 3, "ty": 4, "nm": "Shape Layer 1", "td": 1, "sr": 1, "ks": {"o": {"a": 0, "k": 100, "ix": 11}, "r": {"a": 0, "k": 0, "ix": 10}, "p": {"a": 0, "k": [527.5, 1134, 0], "ix": 2}, "a": {"a": 0, "k": [0, 0, 0], "ix": 1}, "s": {"a": 0, "k": [100, 100, 100], "ix": 6}}, "ao": 0, "shapes": [{"ty": "gr", "it": [{"d": 1, "ty": "el", "s": {"a": 1, "k": [{"i": {"x": [0.833, 0.833], "y": [0.833, 0.833]}, "o": {"x": [0.167, 0.167], "y": [0.167, 0.167]}, "t": 42, "s": [612.143, 446.354]}, {"t": 54, "s": [1355.143, 988.125]}], "ix": 2}, "p": {"a": 0, "k": [0, 0], "ix": 3}, "nm": "Ellipse Path 1", "mn": "ADBE Vector Shape - Ellipse", "hd": false}, {"ty": "fl", "c": {"a": 0, "k": [0.256791776769, 0.03535563151, 0.819607843137, 1], "ix": 4}, "o": {"a": 0, "k": 100, "ix": 5}, "r": 1, "bm": 0, "nm": "Fill 1", "mn": "ADBE Vector Graphic - Fill", "hd": false}, {"ty": "tr", "p": {"a": 0, "k": [-7.5, -26], "ix": 2}, "a": {"a": 0, "k": [0, 0], "ix": 1}, "s": {"a": 0, "k": [100, 100], "ix": 3}, "r": {"a": 0, "k": 0, "ix": 6}, "o": {"a": 0, "k": 100, "ix": 7}, "sk": {"a": 0, "k": 0, "ix": 4}, "sa": {"a": 0, "k": 0, "ix": 5}, "nm": "Transform"}], "nm": "Ellipse 2", "np": 3, "cix": 2, "bm": 0, "ix": 1, "mn": "ADBE Vector Group", "hd": false}, {"ty": "fl", "c": {"a": 0, "k": [0.256791776769, 0.03535563151, 0.819607843137, 1], "ix": 4}, "o": {"a": 0, "k": 100, "ix": 5}, "r": 1, "bm": 0, "nm": "Fill 1", "mn": "ADBE Vector Graphic - Fill", "hd": false}], "ip": 42, "op": 55, "st": 11, "bm": 0}, {"ddd": 0, "ind": 4, "ty": 4, "nm": "Confetti/ID Card_Verfication-Success or Failure Outlines", "tt": 1, "sr": 1, "ks": {"o": {"a": 0, "k": 100, "ix": 11}, "r": {"a": 0, "k": 0, "ix": 10}, "p": {"a": 0, "k": [527, 1134, 0], "ix": 2}, "a": {"a": 0, "k": [475, 358, 0], "ix": 1}, "s": {"a": 0, "k": [100, 100, 100], "ix": 6}}, "ao": 0, "shapes": [{"ty": "gr", "it": [{"ind": 0, "ty": "sh", "ix": 1, "ks": {"a": 0, "k": {"i": [[0, 0], [0, 0], [0, 0]], "o": [[0, 0], [0, 0], [0, 0]], "v": [[604.355, 2.273], [564.364, 105.616], [598.679, 0.252]], "c": true}, "ix": 2}, "nm": "Path 1", "mn": "ADBE Vector Shape - Group", "hd": false}, {"ty": "fl", "c": {"a": 0, "k": [0.643137254902, 0.709803921569, 0.996078491211, 1], "ix": 4}, "o": {"a": 0, "k": 100, "ix": 5}, "r": 1, "bm": 0, "nm": "Fill 1", "mn": "ADBE Vector Graphic - Fill", "hd": false}, {"ind": 2, "ty": "sh", "ix": 3, "ks": {"a": 0, "k": {"i": [[0, 0], [0, 0], [0, 0]], "o": [[0, 0], [0, 0], [0, 0]], "v": [[823.189, 99.222], [719.887, 173.204], [819.566, 94.408]], "c": true}, "ix": 2}, "nm": "Path 2", "mn": "ADBE Vector Shape - Group", "hd": false}, {"ty": "fl", "c": {"a": 0, "k": [0.643137254902, 0.709803921569, 0.996078491211, 1], "ix": 4}, "o": {"a": 0, "k": 100, "ix": 5}, "r": 1, "bm": 0, "nm": "Fill 2", "mn": "ADBE Vector Graphic - Fill", "hd": false}, {"ind": 4, "ty": "sh", "ix": 5, "ks": {"a": 0, "k": {"i": [[0, 0], [0, 0], [0, 0]], "o": [[0, 0], [0, 0], [0, 0]], "v": [[948.917, 265.262], [809.689, 290.268], [947.725, 259.356]], "c": true}, "ix": 2}, "nm": "Path 3", "mn": "ADBE Vector Shape - Group", "hd": false}, {"ty": "fl", "c": {"a": 0, "k": [0.643137254902, 0.709803921569, 0.996078491211, 1], "ix": 4}, "o": {"a": 0, "k": 100, "ix": 5}, "r": 1, "bm": 0, "nm": "Fill 3", "mn": "ADBE Vector Graphic - Fill", "hd": false}, {"ind": 6, "ty": "sh", "ix": 7, "ks": {"a": 0, "k": {"i": [[0, 0], [0, 0], [0, 0]], "o": [[0, 0], [0, 0], [0, 0]], "v": [[947.732, 456.363], [809.697, 425.446], [948.924, 450.457]], "c": true}, "ix": 2}, "nm": "Path 4", "mn": "ADBE Vector Shape - Group", "hd": false}, {"ty": "fl", "c": {"a": 0, "k": [0.643137254902, 0.709803921569, 0.996078491211, 1], "ix": 4}, "o": {"a": 0, "k": 100, "ix": 5}, "r": 1, "bm": 0, "nm": "Fill 4", "mn": "ADBE Vector Graphic - Fill", "hd": false}, {"ind": 8, "ty": "sh", "ix": 9, "ks": {"a": 0, "k": {"i": [[0, 0], [0, 0], [0, 0]], "o": [[0, 0], [0, 0], [0, 0]], "v": [[819.577, 621.324], [719.918, 542.522], [823.201, 616.51]], "c": true}, "ix": 2}, "nm": "Path 5", "mn": "ADBE Vector Shape - Group", "hd": false}, {"ty": "fl", "c": {"a": 0, "k": [0.643137254902, 0.709803921569, 0.996078491211, 1], "ix": 4}, "o": {"a": 0, "k": 100, "ix": 5}, "r": 1, "bm": 0, "nm": "Fill 5", "mn": "ADBE Vector Graphic - Fill", "hd": false}, {"ind": 10, "ty": "sh", "ix": 11, "ks": {"a": 0, "k": {"i": [[0, 0], [0, 0], [0, 0]], "o": [[0, 0], [0, 0], [0, 0]], "v": [[598.684, 715.476], [564.384, 610.116], [604.361, 713.456]], "c": true}, "ix": 2}, "nm": "Path 6", "mn": "ADBE Vector Shape - Group", "hd": false}, {"ty": "fl", "c": {"a": 0, "k": [0.643137254902, 0.709803921569, 0.996078491211, 1], "ix": 4}, "o": {"a": 0, "k": 100, "ix": 5}, "r": 1, "bm": 0, "nm": "Fill 6", "mn": "ADBE Vector Graphic - Fill", "hd": false}, {"ind": 12, "ty": "sh", "ix": 13, "ks": {"a": 0, "k": {"i": [[0, 0], [0, 0], [0, 0]], "o": [[0, 0], [0, 0], [0, 0]], "v": [[344.808, 713.461], [384.787, 610.117], [350.484, 715.482]], "c": true}, "ix": 2}, "nm": "Path 7", "mn": "ADBE Vector Shape - Group", "hd": false}, {"ty": "fl", "c": {"a": 0, "k": [0.643137254902, 0.709803921569, 0.996078491211, 1], "ix": 4}, "o": {"a": 0, "k": 100, "ix": 5}, "r": 1, "bm": 0, "nm": "Fill 7", "mn": "ADBE Vector Graphic - Fill", "hd": false}, {"ind": 14, "ty": "sh", "ix": 15, "ks": {"a": 0, "k": {"i": [[0, 0], [0, 0], [0, 0]], "o": [[0, 0], [0, 0], [0, 0]], "v": [[125.972, 616.51], [229.269, 542.537], [129.596, 621.324]], "c": true}, "ix": 2}, "nm": "Path 8", "mn": "ADBE Vector Shape - Group", "hd": false}, {"ty": "fl", "c": {"a": 0, "k": [0.643137254902, 0.709803921569, 0.996078491211, 1], "ix": 4}, "o": {"a": 0, "k": 100, "ix": 5}, "r": 1, "bm": 0, "nm": "Fill 8", "mn": "ADBE Vector Graphic - Fill", "hd": false}, {"ind": 16, "ty": "sh", "ix": 17, "ks": {"a": 0, "k": {"i": [[0, 0], [0, 0], [0, 0]], "o": [[0, 0], [0, 0], [0, 0]], "v": [[0.25, 450.464], [139.476, 425.457], [1.441, 456.37]], "c": true}, "ix": 2}, "nm": "Path 9", "mn": "ADBE Vector Shape - Group", "hd": false}, {"ty": "fl", "c": {"a": 0, "k": [0.643137254902, 0.709803921569, 0.996078491211, 1], "ix": 4}, "o": {"a": 0, "k": 100, "ix": 5}, "r": 1, "bm": 0, "nm": "Fill 9", "mn": "ADBE Vector Graphic - Fill", "hd": false}, {"ind": 18, "ty": "sh", "ix": 19, "ks": {"a": 0, "k": {"i": [[0, 0], [0, 0], [0, 0]], "o": [[0, 0], [0, 0], [0, 0]], "v": [[1.445, 259.361], [139.472, 290.287], [0.253, 265.267]], "c": true}, "ix": 2}, "nm": "Path 10", "mn": "ADBE Vector Shape - Group", "hd": false}, {"ty": "fl", "c": {"a": 0, "k": [0.643137254902, 0.709803921569, 0.996078491211, 1], "ix": 4}, "o": {"a": 0, "k": 100, "ix": 5}, "r": 1, "bm": 0, "nm": "Fill 10", "mn": "ADBE Vector Graphic - Fill", "hd": false}, {"ind": 20, "ty": "sh", "ix": 21, "ks": {"a": 0, "k": {"i": [[0, 0], [0, 0], [0, 0]], "o": [[0, 0], [0, 0], [0, 0]], "v": [[129.591, 94.408], [229.242, 173.207], [125.967, 99.222]], "c": true}, "ix": 2}, "nm": "Path 11", "mn": "ADBE Vector Shape - Group", "hd": false}, {"ty": "fl", "c": {"a": 0, "k": [0.643137254902, 0.709803921569, 0.996078491211, 1], "ix": 4}, "o": {"a": 0, "k": 100, "ix": 5}, "r": 1, "bm": 0, "nm": "Fill 11", "mn": "ADBE Vector Graphic - Fill", "hd": false}, {"ind": 22, "ty": "sh", "ix": 23, "ks": {"a": 0, "k": {"i": [[0, 0], [0, 0], [0, 0]], "o": [[0, 0], [0, 0], [0, 0]], "v": [[350.486, 0.25], [384.795, 105.612], [344.81, 2.271]], "c": true}, "ix": 2}, "nm": "Path 12", "mn": "ADBE Vector Shape - Group", "hd": false}, {"ty": "fl", "c": {"a": 0, "k": [0.643137254902, 0.709803921569, 0.996078491211, 1], "ix": 4}, "o": {"a": 0, "k": 100, "ix": 5}, "r": 1, "bm": 0, "nm": "Fill 12", "mn": "ADBE Vector Graphic - Fill", "hd": false}, {"ty": "tr", "p": {"a": 0, "k": [474.587, 357.866], "ix": 2}, "a": {"a": 0, "k": [474.587, 357.866], "ix": 1}, "s": {"a": 0, "k": [100, 100], "ix": 3}, "r": {"a": 0, "k": 0, "ix": 6}, "o": {"a": 0, "k": 100, "ix": 7}, "sk": {"a": 0, "k": 0, "ix": 4}, "sa": {"a": 0, "k": 0, "ix": 5}, "nm": "Transform"}], "nm": "Group 1", "np": 24, "cix": 2, "bm": 0, "ix": 1, "mn": "ADBE Vector Group", "hd": false}], "ip": 42, "op": 55, "st": 0, "bm": 0}, {"ddd": 0, "ind": 5, "ty": 4, "nm": "Tick mark/ID Card_Verfication-Success or Failure Outlines", "sr": 1, "ks": {"o": {"a": 0, "k": 100, "ix": 11}, "r": {"a": 0, "k": 0, "ix": 10}, "p": {"a": 0, "k": [763.677, 1122.543, 0], "ix": 2}, "a": {"a": 0, "k": [34, 30, 0], "ix": 1}, "s": {"a": 0, "k": [96.198, 96.198, 100], "ix": 6}}, "ao": 0, "shapes": [{"ind": 0, "ty": "sh", "ix": 1, "ks": {"a": 0, "k": {"i": [[0, 0], [0, 0], [0, 0]], "o": [[0, 0], [0, 0], [0, 0]], "v": [[17.5, 32.823], [26.096, 41.793], [50.389, 17.5]], "c": false}, "ix": 2}, "nm": "Path 1", "mn": "ADBE Vector Shape - Group", "hd": false}, {"ty": "tm", "s": {"a": 0, "k": 0, "ix": 1}, "e": {"a": 1, "k": [{"i": {"x": [0.667], "y": [1]}, "o": {"x": [0.167], "y": [0.167]}, "t": 45, "s": [0]}, {"t": 59, "s": [100]}], "ix": 2}, "o": {"a": 0, "k": 0, "ix": 3}, "m": 1, "ix": 2, "nm": "Trim Paths 1", "mn": "ADBE Vector Filter - Trim", "hd": false}, {"ty": "st", "c": {"a": 0, "k": [0.972549079446, 0.976470648074, 0.996078491211, 1], "ix": 3}, "o": {"a": 0, "k": 100, "ix": 4}, "w": {"a": 0, "k": 7, "ix": 5}, "lc": 2, "lj": 2, "bm": 0, "nm": "Stroke 1", "mn": "ADBE Vector Graphic - Stroke", "hd": false}], "ip": 45, "op": 136, "st": 45, "bm": 0}, {"ddd": 0, "ind": 6, "ty": 4, "nm": "Green circle/ID Card_Verfication-Success or Failure Outlines", "parent": 12, "sr": 1, "ks": {"o": {"a": 0, "k": 100, "ix": 11}, "r": {"a": 0, "k": 0, "ix": 10}, "p": {"a": 0, "k": [78.177, 77.043, 0], "ix": 2}, "a": {"a": 0, "k": [60, 60.5, 0], "ix": 1}, "s": {"a": 0, "k": [96.198, 96.198, 100], "ix": 6}}, "ao": 0, "shapes": [{"ty": "gr", "it": [{"ind": 0, "ty": "sh", "ix": 1, "ks": {"a": 0, "k": {"i": [[31.25, 0], [0, -31.251], [-31.25, 0], [0, 31.25]], "o": [[-31.25, 0], [0, 31.25], [31.25, 0], [0, -31.251]], "v": [[0, -56.584], [-56.583, 0.001], [0, 56.584], [56.583, 0.001]], "c": true}, "ix": 2}, "nm": "Path 1", "mn": "ADBE Vector Shape - Group", "hd": false}, {"ty": "fl", "c": {"a": 0, "k": [0.003921568627, 0.803921628466, 0.603921568627, 1], "ix": 4}, "o": {"a": 0, "k": 100, "ix": 5}, "r": 1, "bm": 0, "nm": "Fill 1", "mn": "ADBE Vector Graphic - Fill", "hd": false}, {"ty": "tr", "p": {"a": 0, "k": [56.833, 56.834], "ix": 2}, "a": {"a": 0, "k": [0, 0], "ix": 1}, "s": {"a": 0, "k": [100, 100], "ix": 3}, "r": {"a": 0, "k": 0, "ix": 6}, "o": {"a": 0, "k": 100, "ix": 7}, "sk": {"a": 0, "k": 0, "ix": 4}, "sa": {"a": 0, "k": 0, "ix": 5}, "nm": "Transform"}], "nm": "Group 1", "np": 2, "cix": 2, "bm": 0, "ix": 1, "mn": "ADBE Vector Group", "hd": false}], "ip": 41, "op": 132, "st": 41, "bm": 0}, {"ddd": 0, "ind": 7, "ty": 4, "nm": "Megnify Mask", "parent": 9, "td": 1, "sr": 1, "ks": {"o": {"a": 0, "k": 100, "ix": 11}, "r": {"a": 0, "k": -5.442, "ix": 10}, "p": {"a": 0, "k": [144.806, 146.668, 0], "ix": 2}, "a": {"a": 0, "k": [-25.5, 0, 0], "ix": 1}, "s": {"a": 0, "k": [100, 100, 100], "ix": 6}}, "ao": 0, "shapes": [{"ty": "gr", "it": [{"d": 1, "ty": "el", "s": {"a": 0, "k": [209, 209], "ix": 2}, "p": {"a": 0, "k": [0, 0], "ix": 3}, "nm": "Ellipse Path 1", "mn": "ADBE Vector Shape - Ellipse", "hd": false}, {"ty": "fl", "c": {"a": 0, "k": [0.256791776769, 0.03535563151, 0.819607843137, 1], "ix": 4}, "o": {"a": 0, "k": 100, "ix": 5}, "r": 1, "bm": 0, "nm": "Fill 1", "mn": "ADBE Vector Graphic - Fill", "hd": false}, {"ty": "tr", "p": {"a": 0, "k": [-23.5, 2], "ix": 2}, "a": {"a": 0, "k": [0, 0], "ix": 1}, "s": {"a": 0, "k": [100, 100], "ix": 3}, "r": {"a": 0, "k": 0, "ix": 6}, "o": {"a": 0, "k": 100, "ix": 7}, "sk": {"a": 0, "k": 0, "ix": 4}, "sa": {"a": 0, "k": 0, "ix": 5}, "nm": "Transform"}], "nm": "Ellipse 1", "np": 3, "cix": 2, "bm": 0, "ix": 1, "mn": "ADBE Vector Group", "hd": false}], "ip": 0, "op": 61, "st": 0, "bm": 0}, {"ddd": 0, "ind": 8, "ty": 0, "nm": "card", "tt": 1, "refId": "comp_1", "sr": 1, "ks": {"o": {"a": 0, "k": 100, "ix": 11}, "r": {"a": 0, "k": 0, "ix": 10}, "p": {"a": 0, "k": [527.5, 1134, 0], "ix": 2}, "a": {"a": 0, "k": [527.5, 1134, 0], "ix": 1}, "s": {"a": 0, "k": [125, 125, 100], "ix": 6}}, "ao": 0, "w": 1055, "h": 2268, "ip": 0, "op": 93, "st": 0, "bm": 0}, {"ddd": 0, "ind": 9, "ty": 4, "nm": "Magnifying Glass", "sr": 1, "ks": {"o": {"a": 0, "k": 100, "ix": 11}, "r": {"a": 1, "k": [{"i": {"x": [0.357], "y": [1]}, "o": {"x": [0.333], "y": [0]}, "t": 0, "s": [0]}, {"i": {"x": [0.833], "y": [1]}, "o": {"x": [0.527], "y": [0]}, "t": 27, "s": [6]}, {"t": 47, "s": [191]}], "ix": 10}, "p": {"a": 1, "k": [{"i": {"x": 0.833, "y": 0.833}, "o": {"x": 0.167, "y": 0.167}, "t": 0, "s": [671.842, 1283.774, 0], "to": [-282.811, 85.343, 0], "ti": [-132.902, -10.557, 0]}, {"i": {"x": 0.667, "y": 1}, "o": {"x": 0.167, "y": 0.167}, "t": 30, "s": [463.645, 1067.532, 0], "to": [93.794, 7.45, 0], "ti": [0, 3.333, 0]}, {"t": 47, "s": [771.842, 1143.774, 0]}], "ix": 2}, "a": {"a": 0, "k": [161.695, 216.222, 0], "ix": 1}, "s": {"a": 1, "k": [{"i": {"x": [0.353, 0.353, 0.667], "y": [1, 1, 1]}, "o": {"x": [0.077, 0.077, 0.167], "y": [0, 0, 0]}, "t": 30, "s": [100, 100, 100]}, {"t": 47, "s": [0, 0, 100]}], "ix": 6}}, "ao": 0, "shapes": [{"ty": "gr", "it": [{"ind": 0, "ty": "sh", "ix": 1, "ks": {"a": 0, "k": {"i": [[1.718, -3.215], [23.896, -9.074], [23.686, 8.55], [12.134, 22.594], [-5.38, 24.331], [-21.041, 14.93], [-24.745, -2.248], [-17.648, -18.937], [-1.031, -24.827], [8.565, -16.308], [-1.696, 3.228], [4.891, 25.096], [19.061, 16.049], [25.795, 0.179], [19.465, -15.292], [5.401, -25.277], [-11.02, -22.323], [-23.325, -10.375], [-24.407, 6.511], [-14.343, 26.835]], "o": [[-12.04, 22.526], [-23.59, 8.957], [-24.217, -8.741], [-11.818, -22.006], [5.579, -25.23], [20.268, -14.383], [25.834, 2.347], [16.995, 18.236], [0.766, 18.44], [-1.695, 3.227], [11.899, -22.655], [-4.775, -24.501], [-19.768, -16.644], [-24.795, -0.172], [-20.345, 15.984], [-5.219, 24.424], [11.329, 22.951], [23.125, 10.286], [29.482, -7.864], [1.719, -3.216]], "v": [[93.007, 48.006], [37.281, 97.14], [-36.208, 97.509], [-92.786, 48.139], [-102.551, -24.25], [-60.696, -87.077], [9.665, -106.001], [77.424, -72.534], [105.189, -5.119], [93.007, 48.006], [98.002, 50.653], [108.723, -23.016], [71.377, -86.087], [0.434, -112.061], [-68.475, -88.299], [-108.395, -23.986], [-98.952, 48.476], [-44.667, 100.143], [29.081, 105.722], [98.002, 50.653]], "c": true}, "ix": 2}, "nm": "Path 1", "mn": "ADBE Vector Shape - Group", "hd": false}, {"ty": "mm", "mm": 4, "nm": "Merge Paths 1", "mn": "ADBE Vector Filter - Merge", "hd": false}, {"ty": "fl", "c": {"a": 0, "k": [0, 0.019607843137, 0.282352941176, 1], "ix": 4}, "o": {"a": 0, "k": 100, "ix": 5}, "r": 1, "bm": 0, "nm": "Fill 1", "mn": "ADBE Vector Graphic - Fill", "hd": false}, {"ty": "tr", "p": {"a": 0, "k": [146.827, 149.789], "ix": 2}, "a": {"a": 0, "k": [0, 0], "ix": 1}, "s": {"a": 0, "k": [100, 100], "ix": 3}, "r": {"a": 0, "k": 0, "ix": 6}, "o": {"a": 0, "k": 100, "ix": 7}, "sk": {"a": 0, "k": 0, "ix": 4}, "sa": {"a": 0, "k": 0, "ix": 5}, "nm": "Transform"}], "nm": "Group 1", "np": 3, "cix": 2, "bm": 0, "ix": 1, "mn": "ADBE Vector Group", "hd": false}, {"ty": "gr", "it": [{"ind": 0, "ty": "sh", "ix": 1, "ks": {"a": 0, "k": {"i": [[-1.432, 0.872], [0, 0], [0.687, 1.435], [0, 0], [1.569, -0.977], [0, 0], [-0.946, -1.455], [0, 0]], "o": [[0, 0], [1.358, -0.828], [0, 0], [-0.797, -1.667], [0, 0], [-1.473, 0.918], [0, 0], [0.914, 1.406]], "v": [[-18.115, 14.97], [21.436, -9.121], [22.619, -13.105], [22.397, -13.572], [17.962, -14.865], [-21.4, 9.639], [-22.36, 13.961], [-22.326, 14.013]], "c": true}, "ix": 2}, "nm": "Path 1", "mn": "ADBE Vector Shape - Group", "hd": false}, {"ty": "fl", "c": {"a": 0, "k": [0, 0.019607843137, 0.282352941176, 1], "ix": 4}, "o": {"a": 0, "k": 100, "ix": 5}, "r": 1, "bm": 0, "nm": "Fill 1", "mn": "ADBE Vector Graphic - Fill", "hd": false}, {"ty": "tr", "p": {"a": 0, "k": [240.735, 310.978], "ix": 2}, "a": {"a": 0, "k": [0, 0], "ix": 1}, "s": {"a": 0, "k": [100, 100], "ix": 3}, "r": {"a": 0, "k": 0, "ix": 6}, "o": {"a": 0, "k": 100, "ix": 7}, "sk": {"a": 0, "k": 0, "ix": 4}, "sa": {"a": 0, "k": 0, "ix": 5}, "nm": "Transform"}], "nm": "Group 2", "np": 2, "cix": 2, "bm": 0, "ix": 2, "mn": "ADBE Vector Group", "hd": false}, {"ty": "gr", "it": [{"ind": 0, "ty": "sh", "ix": 1, "ks": {"a": 0, "k": {"i": [[-2.709, -4.672], [4.672, -2.709], [2.709, 4.672], [-4.672, 2.709]], "o": [[2.709, 4.672], [-4.672, 2.709], [-2.709, -4.671], [4.671, -2.709]], "v": [[8.459, -4.907], [4.905, 8.456], [-8.458, 4.902], [-4.904, -8.461]], "c": true}, "ix": 2}, "nm": "Path 1", "mn": "ADBE Vector Shape - Group", "hd": false}, {"ty": "mm", "mm": 4, "nm": "Merge Paths 1", "mn": "ADBE Vector Filter - Merge", "hd": false}, {"ty": "fl", "c": {"a": 0, "k": [1, 1, 1, 1], "ix": 4}, "o": {"a": 0, "k": 100, "ix": 5}, "r": 1, "bm": 0, "nm": "Fill 1", "mn": "ADBE Vector Graphic - Fill", "hd": false}, {"ty": "tr", "p": {"a": 0, "k": [229.099, 167.321], "ix": 2}, "a": {"a": 0, "k": [0, 0], "ix": 1}, "s": {"a": 0, "k": [100, 100], "ix": 3}, "r": {"a": 0, "k": 0, "ix": 6}, "o": {"a": 0, "k": 100, "ix": 7}, "sk": {"a": 0, "k": 0, "ix": 4}, "sa": {"a": 0, "k": 0, "ix": 5}, "nm": "Transform"}], "nm": "Group 3", "np": 3, "cix": 2, "bm": 0, "ix": 3, "mn": "ADBE Vector Group", "hd": false}, {"ty": "gr", "it": [{"ind": 0, "ty": "sh", "ix": 1, "ks": {"a": 0, "k": {"i": [[-4.365, 8.555], [-33.289, -6.994], [-1.456, -33.893], [0.411, 9.567], [37.538, 10.694], [21.692, -31.278], [1.672, -3.276]], "o": [[15.402, -30.186], [33.204, 6.977], [0.411, 9.553], [-1.676, -39.018], [-36.993, -10.54], [-2.098, 3.025], [-4.334, 8.494]], "v": [[-71.448, 9.499], [11.055, -30.476], [70.382, 39.747], [85.23, 39.799], [19.585, -43.656], [-78.768, -7.341], [-84.36, 2.169]], "c": true}, "ix": 2}, "nm": "Path 1", "mn": "ADBE Vector Shape - Group", "hd": false}, {"ty": "mm", "mm": 4, "nm": "Merge Paths 1", "mn": "ADBE Vector Filter - Merge", "hd": false}, {"ty": "fl", "c": {"a": 0, "k": [1, 1, 1, 1], "ix": 4}, "o": {"a": 0, "k": 100, "ix": 5}, "r": 1, "bm": 0, "nm": "Fill 1", "mn": "ADBE Vector Graphic - Fill", "hd": false}, {"ty": "tr", "p": {"a": 0, "k": [154.37, 99.451], "ix": 2}, "a": {"a": 0, "k": [0, 0], "ix": 1}, "s": {"a": 0, "k": [100, 100], "ix": 3}, "r": {"a": 0, "k": 0, "ix": 6}, "o": {"a": 0, "k": 100, "ix": 7}, "sk": {"a": 0, "k": 0, "ix": 4}, "sa": {"a": 0, "k": 0, "ix": 5}, "nm": "Transform"}], "nm": "Group 4", "np": 3, "cix": 2, "bm": 0, "ix": 4, "mn": "ADBE Vector Group", "hd": false}, {"ty": "gr", "it": [{"ind": 0, "ty": "sh", "ix": 1, "ks": {"a": 0, "k": {"i": [[29.44, 50.773], [50.773, -29.44], [-29.439, -50.773], [-50.773, 29.44]], "o": [[-29.44, -50.773], [-50.774, 29.44], [29.44, 50.773], [50.773, -29.44]], "v": [[91.933, -53.303], [-53.305, -91.93], [-91.933, 53.308], [53.306, 91.935]], "c": true}, "ix": 2}, "nm": "Path 1", "mn": "ADBE Vector Shape - Group", "hd": false}, {"ty": "mm", "mm": 4, "nm": "Merge Paths 1", "mn": "ADBE Vector Filter - Merge", "hd": false}, {"ty": "fl", "c": {"a": 0, "k": [0.90588241278, 0.925490255917, 0.996078491211, 1], "ix": 4}, "o": {"a": 0, "k": 100, "ix": 5}, "r": 1, "bm": 0, "nm": "Fill 1", "mn": "ADBE Vector Graphic - Fill", "hd": false}, {"ty": "tr", "p": {"a": 0, "k": [148.588, 148.586], "ix": 2}, "a": {"a": 0, "k": [0, 0], "ix": 1}, "s": {"a": 0, "k": [100, 100], "ix": 3}, "r": {"a": 0, "k": 0, "ix": 6}, "o": {"a": 0, "k": 100, "ix": 7}, "sk": {"a": 0, "k": 0, "ix": 4}, "sa": {"a": 0, "k": 0, "ix": 5}, "nm": "Transform"}], "nm": "Group 5", "np": 3, "cix": 2, "bm": 0, "ix": 5, "mn": "ADBE Vector Group", "hd": false}, {"ty": "gr", "it": [{"ind": 0, "ty": "sh", "ix": 1, "ks": {"a": 0, "k": {"i": [[50.773, -29.44], [29.44, 50.773], [-50.773, 29.439], [-29.44, -50.773]], "o": [[-50.773, 29.44], [-29.439, -50.773], [50.773, -29.441], [29.44, 50.773]], "v": [[53.306, 91.933], [-91.933, 53.306], [-53.306, -91.932], [91.933, -53.305]], "c": true}, "ix": 2}, "nm": "Path 1", "mn": "ADBE Vector Shape - Group", "hd": false}, {"ind": 1, "ty": "sh", "ix": 2, "ks": {"a": 0, "k": {"i": [[34.222, 59.02], [59.02, -34.222], [-34.222, -59.021], [-59.021, 34.222]], "o": [[-34.222, -59.021], [-59.021, 34.222], [34.222, 59.02], [59.02, -34.222]], "v": [[106.866, -61.964], [-61.964, -106.866], [-106.866, 61.965], [61.965, 106.866]], "c": true}, "ix": 2}, "nm": "Path 2", "mn": "ADBE Vector Shape - Group", "hd": false}, {"ty": "mm", "mm": 1, "nm": "Merge Paths 1", "mn": "ADBE Vector Filter - Merge", "hd": false}, {"ty": "st", "c": {"a": 0, "k": [0.466666696586, 0.56862745098, 0.996078491211, 1], "ix": 3}, "o": {"a": 0, "k": 100, "ix": 4}, "w": {"a": 0, "k": 3, "ix": 5}, "lc": 2, "lj": 1, "ml": 10, "bm": 0, "nm": "Stroke 1", "mn": "ADBE Vector Graphic - Stroke", "hd": false}, {"ty": "tr", "p": {"a": 0, "k": [148.588, 148.588], "ix": 2}, "a": {"a": 0, "k": [0, 0], "ix": 1}, "s": {"a": 0, "k": [100, 100], "ix": 3}, "r": {"a": 0, "k": 0, "ix": 6}, "o": {"a": 0, "k": 100, "ix": 7}, "sk": {"a": 0, "k": 0, "ix": 4}, "sa": {"a": 0, "k": 0, "ix": 5}, "nm": "Transform"}], "nm": "Group 6", "np": 4, "cix": 2, "bm": 0, "ix": 6, "mn": "ADBE Vector Group", "hd": false}, {"ty": "gr", "it": [{"ind": 0, "ty": "sh", "ix": 1, "ks": {"a": 0, "k": {"i": [[50.773, -29.44], [29.44, 50.773], [-50.773, 29.439], [-29.44, -50.773]], "o": [[-50.773, 29.44], [-29.439, -50.773], [50.773, -29.441], [29.44, 50.773]], "v": [[53.306, 91.933], [-91.933, 53.306], [-53.306, -91.932], [91.933, -53.305]], "c": true}, "ix": 2}, "nm": "Path 1", "mn": "ADBE Vector Shape - Group", "hd": false}, {"ind": 1, "ty": "sh", "ix": 2, "ks": {"a": 0, "k": {"i": [[34.222, 59.02], [59.02, -34.222], [-34.222, -59.021], [-59.021, 34.222]], "o": [[-34.222, -59.021], [-59.021, 34.222], [34.222, 59.02], [59.02, -34.222]], "v": [[106.866, -61.964], [-61.964, -106.866], [-106.866, 61.965], [61.965, 106.866]], "c": true}, "ix": 2}, "nm": "Path 2", "mn": "ADBE Vector Shape - Group", "hd": false}, {"ty": "mm", "mm": 1, "nm": "Merge Paths 1", "mn": "ADBE Vector Filter - Merge", "hd": false}, {"ty": "mm", "mm": 4, "nm": "Merge Paths 2", "mn": "ADBE Vector Filter - Merge", "hd": false}, {"ty": "fl", "c": {"a": 0, "k": [1, 1, 1, 1], "ix": 4}, "o": {"a": 0, "k": 100, "ix": 5}, "r": 1, "bm": 0, "nm": "Fill 1", "mn": "ADBE Vector Graphic - Fill", "hd": false}, {"ty": "tr", "p": {"a": 0, "k": [148.588, 148.588], "ix": 2}, "a": {"a": 0, "k": [0, 0], "ix": 1}, "s": {"a": 0, "k": [100, 100], "ix": 3}, "r": {"a": 0, "k": 0, "ix": 6}, "o": {"a": 0, "k": 100, "ix": 7}, "sk": {"a": 0, "k": 0, "ix": 4}, "sa": {"a": 0, "k": 0, "ix": 5}, "nm": "Transform"}], "nm": "Group 7", "np": 5, "cix": 2, "bm": 0, "ix": 7, "mn": "ADBE Vector Group", "hd": false}, {"ty": "gr", "it": [{"ind": 0, "ty": "sh", "ix": 1, "ks": {"a": 0, "k": {"i": [[0, 0], [0, 0], [0, 0], [0, 0]], "o": [[0, 0], [0, 0], [0, 0], [0, 0]], "v": [[-28.779, 3.69], [-25.539, 10.328], [28.779, 23.234], [2.444, -23.234]], "c": true}, "ix": 2}, "nm": "Path 1", "mn": "ADBE Vector Shape - Group", "hd": false}, {"ty": "mm", "mm": 4, "nm": "Merge Paths 1", "mn": "ADBE Vector Filter - Merge", "hd": false}, {"ty": "fl", "c": {"a": 0, "k": [0.466666696586, 0.56862745098, 0.996078491211, 1], "ix": 4}, "o": {"a": 0, "k": 100, "ix": 5}, "r": 1, "bm": 0, "nm": "Fill 1", "mn": "ADBE Vector Graphic - Fill", "hd": false}, {"ty": "tr", "p": {"a": 0, "k": [218.755, 260.14], "ix": 2}, "a": {"a": 0, "k": [0, 0], "ix": 1}, "s": {"a": 0, "k": [100, 100], "ix": 3}, "r": {"a": 0, "k": 0, "ix": 6}, "o": {"a": 0, "k": 100, "ix": 7}, "sk": {"a": 0, "k": 0, "ix": 4}, "sa": {"a": 0, "k": 0, "ix": 5}, "nm": "Transform"}], "nm": "Group 8", "np": 3, "cix": 2, "bm": 0, "ix": 8, "mn": "ADBE Vector Group", "hd": false}, {"ty": "gr", "it": [{"ind": 0, "ty": "sh", "ix": 1, "ks": {"a": 0, "k": {"i": [[11.199, -6.494], [0, 0], [4.87, 8.399], [0, 0], [0, 0], [0, 0]], "o": [[0, 0], [-11.199, 6.493], [0, 0], [0, 0], [0, 0], [4.87, 8.399]], "v": [[34.81, 58.734], [34.4, 58.972], [5.303, 55.521], [-51.14, -40.143], [-9.57, -65.465], [46.27, 31.768]], "c": true}, "ix": 2}, "nm": "Path 1", "mn": "ADBE Vector Shape - Group", "hd": false}, {"ty": "mm", "mm": 4, "nm": "Merge Paths 1", "mn": "ADBE Vector Filter - Merge", "hd": false}, {"ty": "fl", "c": {"a": 0, "k": [0, 0.019607843137, 0.282352941176, 1], "ix": 4}, "o": {"a": 0, "k": 100, "ix": 5}, "r": 1, "bm": 0, "nm": "Fill 1", "mn": "ADBE Vector Graphic - Fill", "hd": false}, {"ty": "tr", "p": {"a": 0, "k": [272.001, 366.728], "ix": 2}, "a": {"a": 0, "k": [0, 0], "ix": 1}, "s": {"a": 0, "k": [100, 100], "ix": 3}, "r": {"a": 0, "k": 0, "ix": 6}, "o": {"a": 0, "k": 100, "ix": 7}, "sk": {"a": 0, "k": 0, "ix": 4}, "sa": {"a": 0, "k": 0, "ix": 5}, "nm": "Transform"}], "nm": "Group 9", "np": 3, "cix": 2, "bm": 0, "ix": 9, "mn": "ADBE Vector Group", "hd": false}, {"ty": "gr", "it": [{"ind": 0, "ty": "sh", "ix": 1, "ks": {"a": 0, "k": {"i": [[0, 0], [0, 0], [0, 0], [0, 0]], "o": [[0, 0], [0, 0], [0, 0], [0, 0]], "v": [[54.051, 52.902], [18.547, 73.488], [-54.051, -52.902], [-18.548, -73.488]], "c": true}, "ix": 2}, "nm": "Path 1", "mn": "ADBE Vector Shape - Group", "hd": false}, {"ty": "st", "c": {"a": 0, "k": [0.466666696586, 0.56862745098, 0.996078491211, 1], "ix": 3}, "o": {"a": 0, "k": 100, "ix": 4}, "w": {"a": 0, "k": 3, "ix": 5}, "lc": 2, "lj": 1, "ml": 10, "bm": 0, "nm": "Stroke 1", "mn": "ADBE Vector Graphic - Stroke", "hd": false}, {"ty": "fl", "c": {"a": 0, "k": [1, 1, 1, 1], "ix": 4}, "o": {"a": 0, "k": 100, "ix": 5}, "r": 1, "bm": 0, "nm": "Fill 1", "mn": "ADBE Vector Graphic - Fill", "hd": false}, {"ty": "tr", "p": {"a": 0, "k": [238.833, 308.106], "ix": 2}, "a": {"a": 0, "k": [0, 0], "ix": 1}, "s": {"a": 0, "k": [100, 100], "ix": 3}, "r": {"a": 0, "k": 0, "ix": 6}, "o": {"a": 0, "k": 100, "ix": 7}, "sk": {"a": 0, "k": 0, "ix": 4}, "sa": {"a": 0, "k": 0, "ix": 5}, "nm": "Transform"}], "nm": "Group 10", "np": 3, "cix": 2, "bm": 0, "ix": 10, "mn": "ADBE Vector Group", "hd": false}], "ip": 0, "op": 92, "st": 0, "bm": 0}, {"ddd": 0, "ind": 10, "ty": 4, "nm": "Shadow 2", "parent": 9, "sr": 1, "ks": {"o": {"a": 0, "k": 100, "ix": 11}, "r": {"a": 0, "k": 0, "ix": 10}, "p": {"a": 0, "k": [264.036, 251.577, 0], "ix": 2}, "a": {"a": 0, "k": [136.292, 186.917, 0], "ix": 1}, "s": {"a": 0, "k": [100, 100, 100], "ix": 6}}, "ao": 0, "shapes": [{"ind": 0, "ty": "sh", "ix": 1, "ks": {"a": 0, "k": {"i": [[4.308, 7.43], [-34.935, 30.242], [-2.292, 1.626], [-22.859, -2.076], [-16.304, -17.494], [-0.953, -22.935], [7.913, -15.065], [22.075, -8.382], [21.882, 7.898], [9.789, 9.686]], "o": [[-24.03, -41.443], [2.137, -1.817], [18.723, -13.287], [23.865, 2.168], [15.699, 16.846], [0.707, 17.035], [-11.123, 20.81], [-21.792, 8.275], [-13.051, -4.71], [-5.775, -5.829]], "v": [[29.209, 163.375], [49.795, 39.972], [56.438, 34.801], [121.436, 17.319], [184.032, 48.235], [209.681, 110.512], [198.426, 159.588], [146.948, 204.977], [79.059, 205.318], [44.427, 183.285]], "c": true}, "ix": 2}, "nm": "Path 1", "mn": "ADBE Vector Shape - Group", "hd": false}, {"ind": 1, "ty": "sh", "ix": 2, "ks": {"a": 0, "k": {"i": [[4.499, 7.759], [0, 0], [0.562, 1.177], [0, 0], [1.449, -0.902], [0, 0], [0, 0], [28.648, 49.407], [54.522, -31.613], [-31.614, -54.522], [-50.897, 18.339], [0, 0], [0, 0], [0, 0], [0, 0], [0, 0], [-0.874, -1.344], [0, 0], [-0.996, 0.06], [0, 0], [0, 0], [-10.346, 5.999], [0, 0]], "o": [[0, 0], [0.955, -0.831], [0, 0], [-0.736, -1.54], [0, 0], [0, 0], [43.181, -34.718], [-31.614, -54.523], [-54.522, 31.614], [28.099, 48.462], [0, 0], [0, 0], [0, 0], [0, 0], [0, 0], [-1.362, 0.847], [0, 0], [0.58, 0.893], [0, 0], [0, 0], [4.499, 7.76], [0, 0], [10.346, -5.999]], "v": [[270.884, 344.993], [219.449, 255.429], [220.154, 252.039], [219.948, 251.609], [215.851, 250.413], [213.75, 251.721], [185.76, 202.992], [212.856, 56.891], [56.893, 15.411], [15.414, 171.374], [152.699, 221.552], [153.622, 223.157], [155.362, 226.722], [155.718, 226.806], [181.545, 271.771], [179.49, 273.051], [178.602, 277.042], [178.634, 277.091], [181.207, 278.375], [180.899, 278.563], [233.041, 366.935], [259.92, 370.123], [260.298, 369.904]], "c": true}, "ix": 2}, "nm": "Path 2", "mn": "ADBE Vector Shape - Group", "hd": false}, {"ty": "fl", "c": {"a": 0, "k": [0.552941176471, 0.639215686275, 0.996078491211, 1], "ix": 4}, "o": {"a": 0, "k": 100, "ix": 5}, "r": 1, "bm": 0, "nm": "Fill 1", "mn": "ADBE Vector Graphic - Fill", "hd": false}], "ip": -6, "op": 93, "st": -6, "bm": 0}, {"ddd": 0, "ind": 11, "ty": 0, "nm": "card", "refId": "comp_1", "sr": 1, "ks": {"o": {"a": 0, "k": 100, "ix": 11}, "r": {"a": 0, "k": 0, "ix": 10}, "p": {"a": 0, "k": [527.5, 1134, 0], "ix": 2}, "a": {"a": 0, "k": [527.5, 1134, 0], "ix": 1}, "s": {"a": 0, "k": [100, 100, 100], "ix": 6}}, "ao": 0, "w": 1055, "h": 2268, "ip": 0, "op": 93, "st": 0, "bm": 0}, {"ddd": 0, "ind": 12, "ty": 4, "nm": "Circle/ID Card_Verfication-Success or Failure Outlines", "sr": 1, "ks": {"o": {"a": 0, "k": 100, "ix": 11}, "r": {"a": 0, "k": 0, "ix": 10}, "p": {"a": 0, "k": [762, 1122, 0], "ix": 2}, "a": {"a": 0, "k": [76.5, 76.5, 0], "ix": 1}, "s": {"a": 1, "k": [{"i": {"x": [0, 0, 0.667], "y": [1, 1, 1]}, "o": {"x": [0.333, 0.333, 0.333], "y": [0, 0, 0]}, "t": 41, "s": [0, 0, 100]}, {"t": 51, "s": [100, 100, 100]}], "ix": 6}}, "ao": 0, "shapes": [{"ty": "gr", "it": [{"ind": 0, "ty": "sh", "ix": 1, "ks": {"a": 0, "k": {"i": [[0, 0], [0, -38.097], [-37.333, -2.973]], "o": [[-37.333, 2.973], [0, 38.098], [0, 0]], "v": [[33.354, -72.286], [-33.354, 0], [33.354, 72.286]], "c": true}, "ix": 2}, "nm": "Path 1", "mn": "ADBE Vector Shape - Group", "hd": false}, {"ty": "fl", "c": {"a": 0, "k": [0.819607902976, 0.854902020623, 0.996078491211, 1], "ix": 4}, "o": {"a": 0, "k": 100, "ix": 5}, "r": 1, "bm": 0, "nm": "Fill 1", "mn": "ADBE Vector Graphic - Fill", "hd": false}, {"ty": "tr", "p": {"a": 0, "k": [37.081, 76.267], "ix": 2}, "a": {"a": 0, "k": [0, 0], "ix": 1}, "s": {"a": 0, "k": [100, 100], "ix": 3}, "r": {"a": 0, "k": 0, "ix": 6}, "o": {"a": 0, "k": 100, "ix": 7}, "sk": {"a": 0, "k": 0, "ix": 4}, "sa": {"a": 0, "k": 0, "ix": 5}, "nm": "Transform"}], "nm": "Group 1", "np": 2, "cix": 2, "bm": 0, "ix": 1, "mn": "ADBE Vector Group", "hd": false}, {"ty": "gr", "it": [{"ind": 0, "ty": "sh", "ix": 1, "ks": {"a": 0, "k": {"i": [[41.916, 0], [0, -41.916], [-41.916, 0], [0, 41.916]], "o": [[-41.916, 0], [0, 41.916], [41.916, 0], [0, -41.916]], "v": [[0, -76.018], [-76.017, 0], [0, 76.018], [76.017, 0]], "c": true}, "ix": 2}, "nm": "Path 1", "mn": "ADBE Vector Shape - Group", "hd": false}, {"ind": 1, "ty": "sh", "ix": 2, "ks": {"a": 0, "k": {"i": [[-40.063, 0], [0, -40.062], [40.063, 0], [0, 40.063]], "o": [[40.063, 0], [0, 40.063], [-40.063, 0], [0, -40.062]], "v": [[0, -72.54], [72.54, 0], [0, 72.539], [-72.54, 0]], "c": true}, "ix": 2}, "nm": "Path 2", "mn": "ADBE Vector Shape - Group", "hd": false}, {"ty": "fl", "c": {"a": 0, "k": [0, 0.019607843137, 0.282352941176, 1], "ix": 4}, "o": {"a": 0, "k": 100, "ix": 5}, "r": 1, "bm": 0, "nm": "Fill 1", "mn": "ADBE Vector Graphic - Fill", "hd": false}, {"ty": "tr", "p": {"a": 0, "k": [76.267, 76.268], "ix": 2}, "a": {"a": 0, "k": [0, 0], "ix": 1}, "s": {"a": 0, "k": [100, 100], "ix": 3}, "r": {"a": 0, "k": 0, "ix": 6}, "o": {"a": 0, "k": 100, "ix": 7}, "sk": {"a": 0, "k": 0, "ix": 4}, "sa": {"a": 0, "k": 0, "ix": 5}, "nm": "Transform"}], "nm": "Group 2", "np": 3, "cix": 2, "bm": 0, "ix": 2, "mn": "ADBE Vector Group", "hd": false}, {"ty": "gr", "it": [{"ind": 0, "ty": "sh", "ix": 1, "ks": {"a": 0, "k": {"i": [[40.958, 0], [0, 40.958], [-40.957, 0], [0, -40.957]], "o": [[-40.957, 0], [0, -40.957], [40.958, 0], [0, 40.958]], "v": [[0, 74.279], [-74.279, 0], [0, -74.279], [74.279, 0]], "c": true}, "ix": 2}, "nm": "Path 1", "mn": "ADBE Vector Shape - Group", "hd": false}, {"ty": "fl", "c": {"a": 0, "k": [1, 1, 1, 1], "ix": 4}, "o": {"a": 0, "k": 100, "ix": 5}, "r": 1, "bm": 0, "nm": "Fill 1", "mn": "ADBE Vector Graphic - Fill", "hd": false}, {"ty": "tr", "p": {"a": 0, "k": [76.267, 76.268], "ix": 2}, "a": {"a": 0, "k": [0, 0], "ix": 1}, "s": {"a": 0, "k": [100, 100], "ix": 3}, "r": {"a": 0, "k": 0, "ix": 6}, "o": {"a": 0, "k": 100, "ix": 7}, "sk": {"a": 0, "k": 0, "ix": 4}, "sa": {"a": 0, "k": 0, "ix": 5}, "nm": "Transform"}], "nm": "Group 3", "np": 2, "cix": 2, "bm": 0, "ix": 3, "mn": "ADBE Vector Group", "hd": false}], "ip": 41, "op": 91, "st": 41, "bm": 0}, {"ddd": 0, "ind": 13, "ty": 4, "nm": "circle 2", "sr": 1, "ks": {"o": {"a": 0, "k": 35, "ix": 11}, "r": {"a": 0, "k": 0, "ix": 10}, "p": {"a": 0, "k": [527, 1134, 0], "ix": 2}, "a": {"a": 0, "k": [-0.5, -11, 0], "ix": 1}, "s": {"a": 1, "k": [{"i": {"x": [0.667, 0.667, 0.667], "y": [1, 1, 1]}, "o": {"x": [0.333, 0.333, 0.333], "y": [0, 0, 0]}, "t": 4, "s": [100, 100, 100]}, {"i": {"x": [0.667, 0.667, 0.667], "y": [1, 1, 1]}, "o": {"x": [0.333, 0.333, 0.333], "y": [0, 0, 0]}, "t": 32, "s": [80, 80, 100]}, {"t": 60, "s": [100, 100, 100]}], "ix": 6, "x": "var $bm_rt;\n$bm_rt = loopOut();"}}, "ao": 0, "shapes": [{"ty": "gr", "it": [{"d": 1, "ty": "el", "s": {"a": 0, "k": [506, 506], "ix": 2}, "p": {"a": 0, "k": [0, 0], "ix": 3}, "nm": "Ellipse Path 1", "mn": "ADBE Vector Shape - Ellipse", "hd": false}, {"ty": "st", "c": {"a": 0, "k": [0.079662001367, 0.232825993557, 0.580391977348, 1], "ix": 3}, "o": {"a": 0, "k": 100, "ix": 4}, "w": {"a": 0, "k": 0, "ix": 5}, "lc": 1, "lj": 1, "ml": 4, "bm": 0, "nm": "Stroke 1", "mn": "ADBE Vector Graphic - Stroke", "hd": false}, {"ty": "fl", "c": {"a": 0, "k": [0.643127022538, 0.709807990579, 0.996093989354, 1], "ix": 4}, "o": {"a": 0, "k": 100, "ix": 5}, "r": 1, "bm": 0, "nm": "Fill 1", "mn": "ADBE Vector Graphic - Fill", "hd": false}, {"ty": "tr", "p": {"a": 0, "k": [-0.5, -11], "ix": 2}, "a": {"a": 0, "k": [0, 0], "ix": 1}, "s": {"a": 0, "k": [100, 100], "ix": 3}, "r": {"a": 0, "k": 0, "ix": 6}, "o": {"a": 0, "k": 100, "ix": 7}, "sk": {"a": 0, "k": 0, "ix": 4}, "sa": {"a": 0, "k": 0, "ix": 5}, "nm": "Transform"}], "nm": "Ellipse 1", "np": 3, "cix": 2, "bm": 0, "ix": 1, "mn": "ADBE Vector Group", "hd": false}], "ip": 0, "op": 93, "st": 0, "bm": 0}, {"ddd": 0, "ind": 14, "ty": 4, "nm": "circle 1", "sr": 1, "ks": {"o": {"a": 0, "k": 20, "ix": 11}, "r": {"a": 0, "k": 0, "ix": 10}, "p": {"a": 0, "k": [527, 1134, 0], "ix": 2}, "a": {"a": 0, "k": [-0.5, -11, 0], "ix": 1}, "s": {"a": 1, "k": [{"i": {"x": [0.667, 0.667, 0.667], "y": [1, 1, 1]}, "o": {"x": [0.333, 0.333, 0.333], "y": [0, 0, 0]}, "t": 0, "s": [100, 100, 100]}, {"i": {"x": [0.667, 0.667, 0.667], "y": [1, 1, 1]}, "o": {"x": [0.333, 0.333, 0.333], "y": [0, 0, 0]}, "t": 30, "s": [70, 70, 100]}, {"t": 60, "s": [100, 100, 100]}], "ix": 6, "x": "var $bm_rt;\n$bm_rt = loopOut();"}}, "ao": 0, "shapes": [{"ty": "gr", "it": [{"d": 1, "ty": "el", "s": {"a": 0, "k": [706, 706], "ix": 2}, "p": {"a": 0, "k": [0, 0], "ix": 3}, "nm": "Ellipse Path 1", "mn": "ADBE Vector Shape - Ellipse", "hd": false}, {"ty": "st", "c": {"a": 0, "k": [0.079662001367, 0.232825993557, 0.580391977348, 1], "ix": 3}, "o": {"a": 0, "k": 100, "ix": 4}, "w": {"a": 0, "k": 0, "ix": 5}, "lc": 1, "lj": 1, "ml": 4, "bm": 0, "nm": "Stroke 1", "mn": "ADBE Vector Graphic - Stroke", "hd": false}, {"ty": "fl", "c": {"a": 0, "k": [0.643127022538, 0.709807990579, 0.996093989354, 1], "ix": 4}, "o": {"a": 0, "k": 100, "ix": 5}, "r": 1, "bm": 0, "nm": "Fill 1", "mn": "ADBE Vector Graphic - Fill", "hd": false}, {"ty": "tr", "p": {"a": 0, "k": [-0.5, -11], "ix": 2}, "a": {"a": 0, "k": [0, 0], "ix": 1}, "s": {"a": 0, "k": [100, 100], "ix": 3}, "r": {"a": 0, "k": 0, "ix": 6}, "o": {"a": 0, "k": 100, "ix": 7}, "sk": {"a": 0, "k": 0, "ix": 4}, "sa": {"a": 0, "k": 0, "ix": 5}, "nm": "Transform"}], "nm": "Ellipse 1", "np": 3, "cix": 2, "bm": 0, "ix": 1, "mn": "ADBE Vector Group", "hd": false}], "ip": 0, "op": 93, "st": 0, "bm": 0}]}, {"id": "comp_1", "layers": [{"ddd": 0, "ind": 1, "ty": 5, "nm": "ID CARD", "sr": 1, "ks": {"o": {"a": 0, "k": 100, "ix": 11}, "r": {"a": 0, "k": 0, "ix": 10}, "p": {"a": 0, "k": [593, 1074.5, 0], "ix": 2}, "a": {"a": 0, "k": [0, 0, 0], "ix": 1}, "s": {"a": 0, "k": [100, 100, 100], "ix": 6}}, "ao": 0, "t": {"d": {"k": [{"s": {"s": 33, "f": "Mont-HeavyDEMO", "t": "ID CARD", "j": 2, "tr": 0, "lh": 39.6, "ls": 0, "fc": [0, 0.02, 0.282]}, "t": 0}]}, "p": {}, "m": {"g": 1, "a": {"a": 0, "k": [0, 0], "ix": 2}}, "a": []}, "ip": 0, "op": 147, "st": 0, "bm": 0}, {"ddd": 0, "ind": 2, "ty": 4, "nm": "border Outlines", "sr": 1, "ks": {"o": {"a": 0, "k": 100, "ix": 11}, "r": {"a": 0, "k": 0, "ix": 10}, "p": {"a": 0, "k": [528, 1123.5, 0], "ix": 2}, "a": {"a": 0, "k": [246.384, 157.242, 0], "ix": 1}, "s": {"a": 0, "k": [100, 100, 100], "ix": 6}}, "ao": 0, "shapes": [{"ind": 0, "ty": "sh", "ix": 1, "ks": {"a": 0, "k": {"i": [[1.343, 1.607], [0, 0], [2.915, 0], [0, 0], [0, 0], [0, -5.111], [0, 0], [0, 0], [0, 0], [0, 0], [0, 0], [-2.094, -1.708], [-2.267, 0], [0, 0], [0, 5.111], [0, 0], [0, 0], [0, 0], [0, 0]], "o": [[0, 0], [-1.73, -2.07], [0, 0], [0, 0], [-5.178, 0], [0, 0], [0, 0], [0, 0], [0, 0], [0, 0], [0, 2.873], [1.629, 1.329], [0, 0], [5.177, 0], [0, 0], [0, 0], [0, 0], [0, 0], [0, -2.234]], "v": [[481.924, 12.089], [481.924, 12.089], [474.663, 8.693], [237.345, 8.693], [18.107, 8.693], [8.693, 17.986], [8.693, 49.123], [8.693, 61.15], [8.693, 66.391], [8.693, 72.308], [8.693, 296.5], [12.126, 303.661], [18.107, 305.792], [474.663, 305.792], [484.076, 296.5], [484.076, 72.308], [484.076, 66.391], [484.076, 61.15], [484.076, 17.986]], "c": true}, "ix": 2}, "nm": "Path 1", "mn": "ADBE Vector Shape - Group", "hd": false}, {"ty": "st", "c": {"a": 0, "k": [0, 0.019607843137, 0.282352941176, 1], "ix": 3}, "o": {"a": 0, "k": 100, "ix": 4}, "w": {"a": 0, "k": 3.477, "ix": 5}, "lc": 1, "lj": 1, "ml": 10, "bm": 0, "nm": "Stroke 1", "mn": "ADBE Vector Graphic - Stroke", "hd": false}], "ip": 0, "op": 9121, "st": 0, "bm": 0}, {"ddd": 0, "ind": 4, "ty": 4, "nm": "head Outlines", "sr": 1, "ks": {"o": {"a": 0, "k": 100, "ix": 11}, "r": {"a": 0, "k": 0, "ix": 10}, "p": {"a": 0, "k": [404.83, 1112.78, 0], "ix": 2}, "a": {"a": 0, "k": [37.782, 37.781, 0], "ix": 1}, "s": {"a": 0, "k": [100, 100, 100], "ix": 6}}, "ao": 0, "shapes": [{"ind": 0, "ty": "sh", "ix": 1, "ks": {"a": 0, "k": {"i": [[0, -20.728], [20.727, 0], [0, 20.728], [-20.728, 0]], "o": [[0, 20.728], [-20.728, 0], [0, -20.728], [20.727, 0]], "v": [[75.313, 37.781], [37.782, 75.312], [0.25, 37.781], [37.782, 0.25]], "c": true}, "ix": 2}, "nm": "Path 1", "mn": "ADBE Vector Shape - Group", "hd": false}, {"ty": "fl", "c": {"a": 0, "k": [0.90588241278, 0.925490255917, 0.996078491211, 1], "ix": 4}, "o": {"a": 0, "k": 100, "ix": 5}, "r": 1, "bm": 0, "nm": "Fill 1", "mn": "ADBE Vector Graphic - Fill", "hd": false}], "ip": 0, "op": 9121, "st": 0, "bm": 0}, {"ddd": 0, "ind": 5, "ty": 4, "nm": "body Outlines", "sr": 1, "ks": {"o": {"a": 0, "k": 100, "ix": 11}, "r": {"a": 0, "k": 0, "ix": 10}, "p": {"a": 0, "k": [404.83, 1177.86, 0], "ix": 2}, "a": {"a": 0, "k": [59.59, 34.58, 0], "ix": 1}, "s": {"a": 0, "k": [100, 100, 100], "ix": 6}}, "ao": 0, "shapes": [{"ind": 0, "ty": "sh", "ix": 1, "ks": {"a": 0, "k": {"i": [[-7.73, -25.43], [23.21, 0], [15.14, 15.27], [-27.96, 0]], "o": [[-15.14, 15.27], [-23.21, 0], [7.73, -25.43], [27.96, 0]], "v": [[118.93, 44.18], [59.59, 68.91], [0.25, 44.18], [59.59, 0.25]], "c": true}, "ix": 2}, "nm": "Path 1", "mn": "ADBE Vector Shape - Group", "hd": false}, {"ty": "fl", "c": {"a": 0, "k": [0.90588241278, 0.925490255917, 0.996078491211, 1], "ix": 4}, "o": {"a": 0, "k": 100, "ix": 5}, "r": 1, "bm": 0, "nm": "Fill 1", "mn": "ADBE Vector Graphic - Fill", "hd": false}], "ip": 0, "op": 9121, "st": 0, "bm": 0}, {"ddd": 0, "ind": 6, "ty": 4, "nm": "circel white Outlines", "sr": 1, "ks": {"o": {"a": 0, "k": 100, "ix": 11}, "r": {"a": 0, "k": 0, "ix": 10}, "p": {"a": 0, "k": [404.83, 1128.61, 0], "ix": 2}, "a": {"a": 0, "k": [83.83, 83.83, 0], "ix": 1}, "s": {"a": 0, "k": [100, 100, 100], "ix": 6}}, "ao": 0, "shapes": [{"ind": 0, "ty": "sh", "ix": 1, "ks": {"a": 0, "k": {"i": [[0, -46.16], [14.99, -15.11], [23.21, 0], [15.14, 15.27], [0, 22.95], [-46.16, 0]], "o": [[0, 22.95], [-15.14, 15.27], [-23.21, 0], [-14.99, -15.11], [0, -46.16], [46.16, 0]], "v": [[167.41, 83.83], [143.17, 142.68], [83.83, 167.41], [24.49, 142.68], [0.25, 83.83], [83.83, 0.25]], "c": true}, "ix": 2}, "nm": "Path 1", "mn": "ADBE Vector Shape - Group", "hd": false}, {"ty": "fl", "c": {"a": 0, "k": [1, 1, 1, 1], "ix": 4}, "o": {"a": 0, "k": 100, "ix": 5}, "r": 1, "bm": 0, "nm": "Fill 1", "mn": "ADBE Vector Graphic - Fill", "hd": false}], "ip": 0, "op": 9121, "st": 0, "bm": 0}, {"ddd": 0, "ind": 7, "ty": 4, "nm": "line1 Outlines", "sr": 1, "ks": {"o": {"a": 0, "k": 100, "ix": 11}, "r": {"a": 0, "k": 0, "ix": 10}, "p": {"a": 0, "k": [623.93, 1105.566, 0], "ix": 2}, "a": {"a": 0, "k": [101.575, 5.645, 0], "ix": 1}, "s": {"a": 0, "k": [100, 100, 100], "ix": 6}}, "ao": 0, "shapes": [{"ind": 0, "ty": "sh", "ix": 1, "ks": {"a": 0, "k": {"i": [[0, 0], [0, 0]], "o": [[0, 0], [0, 0]], "v": [[5.645, 5.645], [197.505, 5.645]], "c": false}, "ix": 2}, "nm": "Path 1", "mn": "ADBE Vector Shape - Group", "hd": false}, {"ty": "st", "c": {"a": 0, "k": [1, 1, 1, 1], "ix": 3}, "o": {"a": 0, "k": 100, "ix": 4}, "w": {"a": 0, "k": 11.289, "ix": 5}, "lc": 2, "lj": 1, "ml": 10, "bm": 0, "nm": "Stroke 1", "mn": "ADBE Vector Graphic - Stroke", "hd": false}], "ip": 0, "op": 9121, "st": 0, "bm": 0}, {"ddd": 0, "ind": 8, "ty": 4, "nm": "line 2 Outlines", "sr": 1, "ks": {"o": {"a": 0, "k": 100, "ix": 11}, "r": {"a": 0, "k": 0, "ix": 10}, "p": {"a": 0, "k": [570.962, 1146.165, 0], "ix": 2}, "a": {"a": 0, "k": [48.606, 5.645, 0], "ix": 1}, "s": {"a": 0, "k": [100, 100, 100], "ix": 6}}, "ao": 0, "shapes": [{"ind": 0, "ty": "sh", "ix": 1, "ks": {"a": 0, "k": {"i": [[0, 0], [0, 0]], "o": [[0, 0], [0, 0]], "v": [[5.645, 5.644], [91.567, 5.644]], "c": false}, "ix": 2}, "nm": "Path 1", "mn": "ADBE Vector Shape - Group", "hd": false}, {"ty": "st", "c": {"a": 0, "k": [1, 1, 1, 1], "ix": 3}, "o": {"a": 0, "k": 100, "ix": 4}, "w": {"a": 0, "k": 11.289, "ix": 5}, "lc": 2, "lj": 1, "ml": 10, "bm": 0, "nm": "Stroke 1", "mn": "ADBE Vector Graphic - Stroke", "hd": false}], "ip": 0, "op": 9121, "st": 0, "bm": 0}, {"ddd": 0, "ind": 9, "ty": 4, "nm": "line 3 Outlines", "sr": 1, "ks": {"o": {"a": 0, "k": 100, "ix": 11}, "r": {"a": 0, "k": 0, "ix": 10}, "p": {"a": 0, "k": [604.738, 1182.105, 0], "ix": 2}, "a": {"a": 0, "k": [82.382, 5.645, 0], "ix": 1}, "s": {"a": 0, "k": [100, 100, 100], "ix": 6}}, "ao": 0, "shapes": [{"ind": 0, "ty": "sh", "ix": 1, "ks": {"a": 0, "k": {"i": [[0, 0], [0, 0]], "o": [[0, 0], [0, 0]], "v": [[5.645, 5.645], [159.12, 5.645]], "c": false}, "ix": 2}, "nm": "Path 1", "mn": "ADBE Vector Shape - Group", "hd": false}, {"ty": "st", "c": {"a": 0, "k": [1, 1, 1, 1], "ix": 3}, "o": {"a": 0, "k": 100, "ix": 4}, "w": {"a": 0, "k": 11.289, "ix": 5}, "lc": 2, "lj": 1, "ml": 10, "bm": 0, "nm": "Stroke 1", "mn": "ADBE Vector Graphic - Stroke", "hd": false}], "ip": 0, "op": 9121, "st": 0, "bm": 0}, {"ddd": 0, "ind": 10, "ty": 4, "nm": "card bg Outlines", "sr": 1, "ks": {"o": {"a": 0, "k": 100, "ix": 11}, "r": {"a": 0, "k": 0, "ix": 10}, "p": {"a": 0, "k": [528, 1123.5, 0], "ix": 2}, "a": {"a": 0, "k": [237.942, 148.799, 0], "ix": 1}, "s": {"a": 0, "k": [100, 100, 100], "ix": 6}}, "ao": 0, "shapes": [{"ind": 0, "ty": "sh", "ix": 1, "ks": {"a": 0, "k": {"i": [[1.343, 1.607], [0, 0], [2.915, 0], [0, 0], [0, 0], [0, -5.111], [0, 0], [0, 0], [0, 0], [0, 0], [0, 0], [-2.094, -1.708], [-2.267, 0], [0, 0], [0, 5.111], [0, 0], [0, 0], [0, 0], [0, 0]], "o": [[0, 0], [-1.73, -2.07], [0, 0], [0, 0], [-5.178, 0], [0, 0], [0, 0], [0, 0], [0, 0], [0, 0], [0, 2.873], [1.629, 1.329], [0, 0], [5.177, 0], [0, 0], [0, 0], [0, 0], [0, 0], [0, -2.234]], "v": [[473.482, 3.646], [473.482, 3.646], [466.221, 0.25], [228.903, 0.25], [9.664, 0.25], [0.25, 9.543], [0.25, 40.68], [0.25, 52.707], [0.25, 57.948], [0.25, 63.865], [0.25, 288.057], [3.683, 295.219], [9.664, 297.349], [466.221, 297.349], [475.634, 288.057], [475.634, 63.865], [475.634, 57.948], [475.634, 52.707], [475.634, 9.543]], "c": true}, "ix": 2}, "nm": "Path 1", "mn": "ADBE Vector Shape - Group", "hd": false}, {"ty": "fl", "c": {"a": 0, "k": [0.643137254902, 0.709803921569, 0.996078491211, 1], "ix": 4}, "o": {"a": 0, "k": 100, "ix": 5}, "r": 1, "bm": 0, "nm": "Fill 1", "mn": "ADBE Vector Graphic - Fill", "hd": false}], "ip": 0, "op": 9121, "st": 0, "bm": 0}]}], "fonts": {"list": [{"fName": "Mont-HeavyDEMO", "fFamily": "Mont", "fStyle": "Heavy DEMO", "ascent": 73.614501953125}]}, "layers": [{"ddd": 0, "ind": 1, "ty": 0, "nm": "ID Card_Verification success", "refId": "comp_0", "sr": 1, "ks": {"o": {"a": 0, "k": 100, "ix": 11}, "r": {"a": 0, "k": 0, "ix": 10}, "p": {"a": 0, "k": [1000, 1000, 0], "ix": 2}, "a": {"a": 0, "k": [527.5, 1134, 0], "ix": 1}, "s": {"a": 0, "k": [201, 201, 100], "ix": 6}}, "ao": 0, "w": 1055, "h": 2268, "ip": 0, "op": 91, "st": 0, "bm": 0}], "markers": [], "chars": [{"ch": "I", "size": 33, "style": "Heavy DEMO", "w": 33.1, "data": {"shapes": [{"ty": "gr", "it": [{"ind": 0, "ty": "sh", "ix": 1, "ks": {"a": 0, "k": {"i": [[0, 0], [0, 0], [0, 0], [0, 0]], "o": [[0, 0], [0, 0], [0, 0], [0, 0]], "v": [[6.815, 0], [26.492, 0], [26.492, -70.496], [6.815, -70.496]], "c": true}, "ix": 2}, "nm": "I", "mn": "ADBE Vector Shape - Group", "hd": false}], "nm": "I", "np": 3, "cix": 2, "bm": 0, "ix": 1, "mn": "ADBE Vector Group", "hd": false}]}, "fFamily": "Mont"}, {"ch": "D", "size": 33, "style": "Heavy DEMO", "w": 74.5, "data": {"shapes": [{"ty": "gr", "it": [{"ind": 0, "ty": "sh", "ix": 1, "ks": {"a": 0, "k": {"i": [[21.344, 0], [0, 0], [0, 0], [0, 0], [0, 20.572]], "o": [[0, 0], [0, 0], [0, 0], [21.286, 0], [0, -20.599]], "v": [[35.345, -70.496], [6.815, -70.496], [6.815, 0], [35.345, 0], [71.738, -35.306]], "c": true}, "ix": 2}, "nm": "D", "mn": "ADBE Vector Shape - Group", "hd": false}, {"ind": 1, "ty": "sh", "ix": 2, "ks": {"a": 0, "k": {"i": [[10.44, 0], [0, 0], [0, 0], [0, 0], [0, -10.458]], "o": [[0, 0], [0, 0], [0, 0], [10.44, 0], [0, 10.4]], "v": [[34.43, -17.786], [26.321, -17.786], [26.321, -52.71], [34.43, -52.71], [51.828, -35.306]], "c": true}, "ix": 2}, "nm": "D", "mn": "ADBE Vector Shape - Group", "hd": false}], "nm": "D", "np": 5, "cix": 2, "bm": 0, "ix": 1, "mn": "ADBE Vector Group", "hd": false}]}, "fFamily": "Mont"}, {"ch": " ", "size": 33, "style": "Heavy DEMO", "w": 21.7, "data": {}, "fFamily": "Mont"}, {"ch": "C", "size": 33, "style": "Heavy DEMO", "w": 78.4, "data": {"shapes": [{"ty": "gr", "it": [{"ind": 0, "ty": "sh", "ix": 1, "ks": {"a": 0, "k": {"i": [[0, 0], [-2.681, 18.536], [0, 0], [7.823, 0], [0, 10.873], [-9.981, 0], [-2.42, -7.23], [0, 0], [18.474, 0], [0, -21.204], [-21.457, 0]], "o": [[18.776, 0], [0, 0], [-1.974, 7.834], [-9.981, 0], [0, -10.915], [7.42, 0], [0, 0], [-2.866, -17.876], [-21.457, 0], [0, 21.088], [0, 0]], "v": [[40.625, 1.782], [76.477, -29.337], [56.613, -29.337], [40.666, -16.405], [23.363, -35.19], [40.666, -54.132], [56.596, -42.207], [76.274, -42.207], [40.625, -72.278], [3.143, -35.188], [40.625, 1.784]], "c": true}, "ix": 2}, "nm": "C", "mn": "ADBE Vector Shape - Group", "hd": false}], "nm": "C", "np": 3, "cix": 2, "bm": 0, "ix": 1, "mn": "ADBE Vector Group", "hd": false}]}, "fFamily": "Mont"}, {"ch": "A", "size": 33, "style": "Heavy DEMO", "w": 74.4, "data": {"shapes": [{"ty": "gr", "it": [{"ind": 0, "ty": "sh", "ix": 1, "ks": {"a": 0, "k": {"i": [[0, 0], [0, 0], [0, 0], [0, 0], [0, 0], [0, 0], [0, 0], [0, 0]], "o": [[0, 0], [0, 0], [0, 0], [0, 0], [0, 0], [0, 0], [0, 0], [0, 0]], "v": [[53.568, 0], [74.954, 0], [46.655, -70.496], [27.67, -70.496], [-0.021, 0], [20.792, 0], [24.696, -11.45], [49.683, -11.45]], "c": true}, "ix": 2}, "nm": "A", "mn": "ADBE Vector Shape - Group", "hd": false}, {"ind": 1, "ty": "sh", "ix": 2, "ks": {"a": 0, "k": {"i": [[0, 0], [0, 0], [0, 0]], "o": [[0, 0], [0, 0], [0, 0]], "v": [[44.943, -26.648], [29.427, -26.648], [37.151, -48.492]], "c": true}, "ix": 2}, "nm": "A", "mn": "ADBE Vector Shape - Group", "hd": false}], "nm": "A", "np": 5, "cix": 2, "bm": 0, "ix": 1, "mn": "ADBE Vector Group", "hd": false}]}, "fFamily": "Mont"}, {"ch": "R", "size": 33, "style": "Heavy DEMO", "w": 67.6, "data": {"shapes": [{"ty": "gr", "it": [{"ind": 0, "ty": "sh", "ix": 1, "ks": {"a": 0, "k": {"i": [[0, 0], [0, 0], [0, 0], [0, 8.652], [15.198, 0], [0, 0], [0, 0], [0, 0], [0, 0], [0, 0]], "o": [[0, 0], [0, 0], [6.963, -4.17], [0, -14.737], [0, 0], [0, 0], [0, 0], [0, 0], [0, 0], [0, 0]], "v": [[44.714, 0], [66.391, 0], [52.394, -25.638], [63.583, -45.547], [37.369, -70.496], [6.815, -70.496], [6.815, 0], [26.236, 0], [26.236, -21.57], [33.276, -21.57]], "c": true}, "ix": 2}, "nm": "R", "mn": "ADBE Vector Shape - Group", "hd": false}, {"ind": 1, "ty": "sh", "ix": 2, "ks": {"a": 0, "k": {"i": [[0, 0], [0, 0], [0, -4.407], [5.429, 0], [0, 0]], "o": [[0, 0], [5.429, 0], [0, 4.407], [0, 0], [0, 0]], "v": [[26.236, -53.238], [35.107, -53.238], [43.661, -45.605], [35.107, -37.93], [26.236, -37.93]], "c": true}, "ix": 2}, "nm": "R", "mn": "ADBE Vector Shape - Group", "hd": false}], "nm": "R", "np": 5, "cix": 2, "bm": 0, "ix": 1, "mn": "ADBE Vector Group", "hd": false}]}, "fFamily": "Mont"}]}