{"v": "4.8.0", "meta": {"g": "LottieFiles AE 1.1.0", "a": "", "k": "", "d": "", "tc": ""}, "fr": 30, "ip": 0, "op": 61, "w": 2000, "h": 2000, "nm": "ID Card_Upload and Processing", "ddd": 0, "assets": [{"id": "comp_0", "layers": [{"ddd": 0, "ind": 1, "ty": 5, "nm": "ID CARD", "sr": 1, "ks": {"o": {"a": 0, "k": 100, "ix": 11}, "r": {"a": 0, "k": 0, "ix": 10}, "p": {"a": 0, "k": [593, 1074.5, 0], "ix": 2}, "a": {"a": 0, "k": [0, 0, 0], "ix": 1}, "s": {"a": 0, "k": [100, 100, 100], "ix": 6}}, "ao": 0, "t": {"d": {"k": [{"s": {"s": 33, "f": "Mont-HeavyDEMO", "t": "ID CARD", "j": 2, "tr": 0, "lh": 39.6, "ls": 0, "fc": [0, 0.02, 0.282]}, "t": 0}]}, "p": {}, "m": {"g": 1, "a": {"a": 0, "k": [0, 0], "ix": 2}}, "a": []}, "ip": 0, "op": 147, "st": 0, "bm": 0}, {"ddd": 0, "ind": 2, "ty": 4, "nm": "border Outlines", "sr": 1, "ks": {"o": {"a": 0, "k": 100, "ix": 11}, "r": {"a": 0, "k": 0, "ix": 10}, "p": {"a": 0, "k": [528, 1123.5, 0], "ix": 2}, "a": {"a": 0, "k": [246.384, 157.242, 0], "ix": 1}, "s": {"a": 0, "k": [100, 100, 100], "ix": 6}}, "ao": 0, "shapes": [{"ind": 0, "ty": "sh", "ix": 1, "ks": {"a": 0, "k": {"i": [[1.343, 1.607], [0, 0], [2.915, 0], [0, 0], [0, 0], [0, -5.111], [0, 0], [0, 0], [0, 0], [0, 0], [0, 0], [-2.094, -1.708], [-2.267, 0], [0, 0], [0, 5.111], [0, 0], [0, 0], [0, 0], [0, 0]], "o": [[0, 0], [-1.73, -2.07], [0, 0], [0, 0], [-5.178, 0], [0, 0], [0, 0], [0, 0], [0, 0], [0, 0], [0, 2.873], [1.629, 1.329], [0, 0], [5.177, 0], [0, 0], [0, 0], [0, 0], [0, 0], [0, -2.234]], "v": [[481.924, 12.089], [481.924, 12.089], [474.663, 8.693], [237.345, 8.693], [18.107, 8.693], [8.693, 17.986], [8.693, 49.123], [8.693, 61.15], [8.693, 66.391], [8.693, 72.308], [8.693, 296.5], [12.126, 303.661], [18.107, 305.792], [474.663, 305.792], [484.076, 296.5], [484.076, 72.308], [484.076, 66.391], [484.076, 61.15], [484.076, 17.986]], "c": true}, "ix": 2}, "nm": "Path 1", "mn": "ADBE Vector Shape - Group", "hd": false}, {"ty": "st", "c": {"a": 0, "k": [0, 0.019607843137, 0.282352941176, 1], "ix": 3}, "o": {"a": 0, "k": 100, "ix": 4}, "w": {"a": 0, "k": 3.477, "ix": 5}, "lc": 1, "lj": 1, "ml": 10, "bm": 0, "nm": "Stroke 1", "mn": "ADBE Vector Graphic - Stroke", "hd": false}], "ip": 0, "op": 9121, "st": 0, "bm": 0}, {"ddd": 0, "ind": 4, "ty": 4, "nm": "head Outlines", "sr": 1, "ks": {"o": {"a": 0, "k": 100, "ix": 11}, "r": {"a": 0, "k": 0, "ix": 10}, "p": {"a": 0, "k": [404.83, 1112.78, 0], "ix": 2}, "a": {"a": 0, "k": [37.782, 37.781, 0], "ix": 1}, "s": {"a": 0, "k": [100, 100, 100], "ix": 6}}, "ao": 0, "shapes": [{"ind": 0, "ty": "sh", "ix": 1, "ks": {"a": 0, "k": {"i": [[0, -20.728], [20.727, 0], [0, 20.728], [-20.728, 0]], "o": [[0, 20.728], [-20.728, 0], [0, -20.728], [20.727, 0]], "v": [[75.313, 37.781], [37.782, 75.312], [0.25, 37.781], [37.782, 0.25]], "c": true}, "ix": 2}, "nm": "Path 1", "mn": "ADBE Vector Shape - Group", "hd": false}, {"ty": "fl", "c": {"a": 0, "k": [0.90588241278, 0.925490255917, 0.996078491211, 1], "ix": 4}, "o": {"a": 0, "k": 100, "ix": 5}, "r": 1, "bm": 0, "nm": "Fill 1", "mn": "ADBE Vector Graphic - Fill", "hd": false}], "ip": 0, "op": 9121, "st": 0, "bm": 0}, {"ddd": 0, "ind": 5, "ty": 4, "nm": "body Outlines", "sr": 1, "ks": {"o": {"a": 0, "k": 100, "ix": 11}, "r": {"a": 0, "k": 0, "ix": 10}, "p": {"a": 0, "k": [404.83, 1177.86, 0], "ix": 2}, "a": {"a": 0, "k": [59.59, 34.58, 0], "ix": 1}, "s": {"a": 0, "k": [100, 100, 100], "ix": 6}}, "ao": 0, "shapes": [{"ind": 0, "ty": "sh", "ix": 1, "ks": {"a": 0, "k": {"i": [[-7.73, -25.43], [23.21, 0], [15.14, 15.27], [-27.96, 0]], "o": [[-15.14, 15.27], [-23.21, 0], [7.73, -25.43], [27.96, 0]], "v": [[118.93, 44.18], [59.59, 68.91], [0.25, 44.18], [59.59, 0.25]], "c": true}, "ix": 2}, "nm": "Path 1", "mn": "ADBE Vector Shape - Group", "hd": false}, {"ty": "fl", "c": {"a": 0, "k": [0.90588241278, 0.925490255917, 0.996078491211, 1], "ix": 4}, "o": {"a": 0, "k": 100, "ix": 5}, "r": 1, "bm": 0, "nm": "Fill 1", "mn": "ADBE Vector Graphic - Fill", "hd": false}], "ip": 0, "op": 9121, "st": 0, "bm": 0}, {"ddd": 0, "ind": 6, "ty": 4, "nm": "circel white Outlines", "sr": 1, "ks": {"o": {"a": 0, "k": 100, "ix": 11}, "r": {"a": 0, "k": 0, "ix": 10}, "p": {"a": 0, "k": [404.83, 1128.61, 0], "ix": 2}, "a": {"a": 0, "k": [83.83, 83.83, 0], "ix": 1}, "s": {"a": 0, "k": [100, 100, 100], "ix": 6}}, "ao": 0, "shapes": [{"ind": 0, "ty": "sh", "ix": 1, "ks": {"a": 0, "k": {"i": [[0, -46.16], [14.99, -15.11], [23.21, 0], [15.14, 15.27], [0, 22.95], [-46.16, 0]], "o": [[0, 22.95], [-15.14, 15.27], [-23.21, 0], [-14.99, -15.11], [0, -46.16], [46.16, 0]], "v": [[167.41, 83.83], [143.17, 142.68], [83.83, 167.41], [24.49, 142.68], [0.25, 83.83], [83.83, 0.25]], "c": true}, "ix": 2}, "nm": "Path 1", "mn": "ADBE Vector Shape - Group", "hd": false}, {"ty": "fl", "c": {"a": 0, "k": [1, 1, 1, 1], "ix": 4}, "o": {"a": 0, "k": 100, "ix": 5}, "r": 1, "bm": 0, "nm": "Fill 1", "mn": "ADBE Vector Graphic - Fill", "hd": false}], "ip": 0, "op": 9121, "st": 0, "bm": 0}, {"ddd": 0, "ind": 7, "ty": 4, "nm": "line1 Outlines", "sr": 1, "ks": {"o": {"a": 0, "k": 100, "ix": 11}, "r": {"a": 0, "k": 0, "ix": 10}, "p": {"a": 0, "k": [623.93, 1105.566, 0], "ix": 2}, "a": {"a": 0, "k": [101.575, 5.645, 0], "ix": 1}, "s": {"a": 0, "k": [100, 100, 100], "ix": 6}}, "ao": 0, "shapes": [{"ind": 0, "ty": "sh", "ix": 1, "ks": {"a": 0, "k": {"i": [[0, 0], [0, 0]], "o": [[0, 0], [0, 0]], "v": [[5.645, 5.645], [197.505, 5.645]], "c": false}, "ix": 2}, "nm": "Path 1", "mn": "ADBE Vector Shape - Group", "hd": false}, {"ty": "st", "c": {"a": 0, "k": [1, 1, 1, 1], "ix": 3}, "o": {"a": 0, "k": 100, "ix": 4}, "w": {"a": 0, "k": 11.289, "ix": 5}, "lc": 2, "lj": 1, "ml": 10, "bm": 0, "nm": "Stroke 1", "mn": "ADBE Vector Graphic - Stroke", "hd": false}], "ip": 0, "op": 9121, "st": 0, "bm": 0}, {"ddd": 0, "ind": 8, "ty": 4, "nm": "line 2 Outlines", "sr": 1, "ks": {"o": {"a": 0, "k": 100, "ix": 11}, "r": {"a": 0, "k": 0, "ix": 10}, "p": {"a": 0, "k": [570.962, 1146.165, 0], "ix": 2}, "a": {"a": 0, "k": [48.606, 5.645, 0], "ix": 1}, "s": {"a": 0, "k": [100, 100, 100], "ix": 6}}, "ao": 0, "shapes": [{"ind": 0, "ty": "sh", "ix": 1, "ks": {"a": 0, "k": {"i": [[0, 0], [0, 0]], "o": [[0, 0], [0, 0]], "v": [[5.645, 5.644], [91.567, 5.644]], "c": false}, "ix": 2}, "nm": "Path 1", "mn": "ADBE Vector Shape - Group", "hd": false}, {"ty": "st", "c": {"a": 0, "k": [1, 1, 1, 1], "ix": 3}, "o": {"a": 0, "k": 100, "ix": 4}, "w": {"a": 0, "k": 11.289, "ix": 5}, "lc": 2, "lj": 1, "ml": 10, "bm": 0, "nm": "Stroke 1", "mn": "ADBE Vector Graphic - Stroke", "hd": false}], "ip": 0, "op": 9121, "st": 0, "bm": 0}, {"ddd": 0, "ind": 9, "ty": 4, "nm": "line 3 Outlines", "sr": 1, "ks": {"o": {"a": 0, "k": 100, "ix": 11}, "r": {"a": 0, "k": 0, "ix": 10}, "p": {"a": 0, "k": [604.738, 1182.105, 0], "ix": 2}, "a": {"a": 0, "k": [82.382, 5.645, 0], "ix": 1}, "s": {"a": 0, "k": [100, 100, 100], "ix": 6}}, "ao": 0, "shapes": [{"ind": 0, "ty": "sh", "ix": 1, "ks": {"a": 0, "k": {"i": [[0, 0], [0, 0]], "o": [[0, 0], [0, 0]], "v": [[5.645, 5.645], [159.12, 5.645]], "c": false}, "ix": 2}, "nm": "Path 1", "mn": "ADBE Vector Shape - Group", "hd": false}, {"ty": "st", "c": {"a": 0, "k": [1, 1, 1, 1], "ix": 3}, "o": {"a": 0, "k": 100, "ix": 4}, "w": {"a": 0, "k": 11.289, "ix": 5}, "lc": 2, "lj": 1, "ml": 10, "bm": 0, "nm": "Stroke 1", "mn": "ADBE Vector Graphic - Stroke", "hd": false}], "ip": 0, "op": 9121, "st": 0, "bm": 0}, {"ddd": 0, "ind": 10, "ty": 4, "nm": "card bg Outlines", "sr": 1, "ks": {"o": {"a": 0, "k": 100, "ix": 11}, "r": {"a": 0, "k": 0, "ix": 10}, "p": {"a": 0, "k": [528, 1123.5, 0], "ix": 2}, "a": {"a": 0, "k": [237.942, 148.799, 0], "ix": 1}, "s": {"a": 0, "k": [100, 100, 100], "ix": 6}}, "ao": 0, "shapes": [{"ind": 0, "ty": "sh", "ix": 1, "ks": {"a": 0, "k": {"i": [[1.343, 1.607], [0, 0], [2.915, 0], [0, 0], [0, 0], [0, -5.111], [0, 0], [0, 0], [0, 0], [0, 0], [0, 0], [-2.094, -1.708], [-2.267, 0], [0, 0], [0, 5.111], [0, 0], [0, 0], [0, 0], [0, 0]], "o": [[0, 0], [-1.73, -2.07], [0, 0], [0, 0], [-5.178, 0], [0, 0], [0, 0], [0, 0], [0, 0], [0, 0], [0, 2.873], [1.629, 1.329], [0, 0], [5.177, 0], [0, 0], [0, 0], [0, 0], [0, 0], [0, -2.234]], "v": [[473.482, 3.646], [473.482, 3.646], [466.221, 0.25], [228.903, 0.25], [9.664, 0.25], [0.25, 9.543], [0.25, 40.68], [0.25, 52.707], [0.25, 57.948], [0.25, 63.865], [0.25, 288.057], [3.683, 295.219], [9.664, 297.349], [466.221, 297.349], [475.634, 288.057], [475.634, 63.865], [475.634, 57.948], [475.634, 52.707], [475.634, 9.543]], "c": true}, "ix": 2}, "nm": "Path 1", "mn": "ADBE Vector Shape - Group", "hd": false}, {"ty": "fl", "c": {"a": 0, "k": [0.643137254902, 0.709803921569, 0.996078491211, 1], "ix": 4}, "o": {"a": 0, "k": 100, "ix": 5}, "r": 1, "bm": 0, "nm": "Fill 1", "mn": "ADBE Vector Graphic - Fill", "hd": false}], "ip": 0, "op": 9121, "st": 0, "bm": 0}]}, {"id": "comp_1", "layers": [{"ddd": 0, "ind": 1, "ty": 4, "nm": "Layer 8 Outlines", "sr": 1, "ks": {"o": {"a": 0, "k": 100, "ix": 11}, "r": {"a": 0, "k": 0, "ix": 10}, "p": {"a": 0, "k": [947.629, 417.373, 0], "ix": 2}, "a": {"a": 0, "k": [87.418, 52.031, 0], "ix": 1}, "s": {"a": 0, "k": [100, 100, 100], "ix": 6}}, "ao": 0, "shapes": [{"ind": 0, "ty": "sh", "ix": 1, "ks": {"a": 0, "k": {"i": [[-4.365, 8.555], [-33.289, -6.994], [-1.456, -33.893], [0.411, 9.567], [37.538, 10.694], [21.692, -31.278], [1.672, -3.276]], "o": [[15.402, -30.186], [33.204, 6.977], [0.411, 9.553], [-1.676, -39.018], [-36.993, -10.54], [-2.098, 3.025], [-4.334, 8.494]], "v": [[17.496, 63.946], [99.999, 23.971], [159.326, 94.193], [174.174, 94.245], [108.529, 10.79], [10.176, 47.105], [4.584, 56.615]], "c": true}, "ix": 2}, "nm": "Path 1", "mn": "ADBE Vector Shape - Group", "hd": false}, {"ty": "fl", "c": {"a": 0, "k": [1, 1, 1, 1], "ix": 4}, "o": {"a": 0, "k": 100, "ix": 5}, "r": 1, "bm": 0, "nm": "Fill 1", "mn": "ADBE Vector Graphic - Fill", "hd": false}], "ip": 0, "op": 9121, "st": 0, "bm": 0}, {"ddd": 0, "ind": 2, "ty": 4, "nm": "Layer 7 Outlines", "sr": 1, "ks": {"o": {"a": 0, "k": 100, "ix": 11}, "r": {"a": 0, "k": 0, "ix": 10}, "p": {"a": 0, "k": [943.374, 468.926, 0], "ix": 2}, "a": {"a": 0, "k": [106.286, 106.286, 0], "ix": 1}, "s": {"a": 0, "k": [100, 100, 100], "ix": 6}}, "ao": 0, "shapes": [{"ind": 0, "ty": "sh", "ix": 1, "ks": {"a": 0, "k": {"i": [[29.44, 50.773], [50.773, -29.44], [-29.44, -50.773], [-50.773, 29.44]], "o": [[-29.44, -50.773], [-50.773, 29.44], [29.439, 50.773], [50.773, -29.439]], "v": [[198.219, 52.981], [52.981, 14.354], [14.354, 159.592], [159.592, 198.219]], "c": true}, "ix": 2}, "nm": "Path 1", "mn": "ADBE Vector Shape - Group", "hd": false}, {"ty": "fl", "c": {"a": 0, "k": [0.90588241278, 0.925490255917, 0.996078491211, 1], "ix": 4}, "o": {"a": 0, "k": 100, "ix": 5}, "r": 1, "bm": 0, "nm": "Fill 1", "mn": "ADBE Vector Graphic - Fill", "hd": false}], "ip": 0, "op": 9121, "st": 0, "bm": 0}, {"ddd": 0, "ind": 3, "ty": 4, "nm": "Layer 6 Outlines", "sr": 1, "ks": {"o": {"a": 0, "k": 100, "ix": 11}, "r": {"a": 0, "k": 0, "ix": 10}, "p": {"a": 0, "k": [943.112, 470.126, 0], "ix": 2}, "a": {"a": 0, "k": [113.865, 112.483, 0], "ix": 1}, "s": {"a": 0, "k": [100, 100, 100], "ix": 6}}, "ao": 0, "shapes": [{"ind": 0, "ty": "sh", "ix": 1, "ks": {"a": 0, "k": {"i": [[1.718, -3.215], [23.896, -9.074], [23.686, 8.55], [12.134, 22.594], [-5.38, 24.331], [-21.041, 14.93], [-24.746, -2.248], [-17.648, -18.937], [-1.031, -24.827], [8.565, -16.308], [-1.696, 3.228], [4.891, 25.096], [19.061, 16.049], [25.795, 0.179], [19.464, -15.292], [5.401, -25.277], [-11.02, -22.323], [-23.325, -10.375], [-24.407, 6.511], [-14.343, 26.835]], "o": [[-12.04, 22.527], [-23.59, 8.957], [-24.217, -8.741], [-11.818, -22.006], [5.579, -25.23], [20.268, -14.383], [25.834, 2.347], [16.995, 18.236], [0.766, 18.44], [-1.695, 3.227], [11.899, -22.655], [-4.775, -24.501], [-19.768, -16.644], [-24.795, -0.172], [-20.345, 15.984], [-5.219, 24.424], [11.329, 22.951], [23.125, 10.286], [29.482, -7.864], [1.719, -3.216]], "v": [[206.871, 160.489], [151.146, 209.623], [77.656, 209.992], [21.079, 160.622], [11.313, 88.233], [53.168, 25.406], [123.529, 6.482], [191.289, 39.949], [219.054, 107.364], [206.871, 160.489], [211.867, 163.136], [222.588, 89.467], [185.242, 26.396], [114.298, 0.422], [45.39, 24.184], [5.469, 88.497], [14.912, 160.959], [69.197, 212.626], [142.946, 218.205], [211.867, 163.136]], "c": true}, "ix": 2}, "nm": "Path 1", "mn": "ADBE Vector Shape - Group", "hd": false}, {"ty": "fl", "c": {"a": 0, "k": [0, 0.019607843137, 0.282352941176, 1], "ix": 4}, "o": {"a": 0, "k": 100, "ix": 5}, "r": 1, "bm": 0, "nm": "Fill 1", "mn": "ADBE Vector Graphic - Fill", "hd": false}], "ip": 0, "op": 9121, "st": 0, "bm": 0}, {"ddd": 0, "ind": 4, "ty": 4, "nm": "Shape Layer 2", "sr": 1, "ks": {"o": {"a": 0, "k": 100, "ix": 11}, "r": {"a": 0, "k": 0, "ix": 10}, "p": {"a": 0, "k": [943.373, 468.925, 0], "ix": 2}, "a": {"a": 0, "k": [-64.5, -123.5, 0], "ix": 1}, "s": {"a": 0, "k": [100, 100, 100], "ix": 6}}, "ao": 0, "shapes": [{"ty": "gr", "it": [{"d": 1, "ty": "el", "s": {"a": 0, "k": [248, 248], "ix": 2}, "p": {"a": 0, "k": [0, 0], "ix": 3}, "nm": "Ellipse Path 1", "mn": "ADBE Vector Shape - Ellipse", "hd": false}, {"ty": "st", "c": {"a": 0, "k": [0.466666696586, 0.56862745098, 0.996078491211, 1], "ix": 3}, "o": {"a": 0, "k": 100, "ix": 4}, "w": {"a": 0, "k": 3, "ix": 5}, "lc": 1, "lj": 1, "ml": 4, "bm": 0, "nm": "Stroke 1", "mn": "ADBE Vector Graphic - Stroke", "hd": false}, {"ty": "tr", "p": {"a": 0, "k": [-64.5, -123.5], "ix": 2}, "a": {"a": 0, "k": [0, 0], "ix": 1}, "s": {"a": 0, "k": [100, 100], "ix": 3}, "r": {"a": 0, "k": 0, "ix": 6}, "o": {"a": 0, "k": 100, "ix": 7}, "sk": {"a": 0, "k": 0, "ix": 4}, "sa": {"a": 0, "k": 0, "ix": 5}, "nm": "Transform"}], "nm": "Ellipse 1", "np": 2, "cix": 2, "bm": 0, "ix": 1, "mn": "ADBE Vector Group", "hd": false}], "ip": 0, "op": 9121, "st": 0, "bm": 0}, {"ddd": 0, "ind": 5, "ty": 4, "nm": "Shape Layer 1", "sr": 1, "ks": {"o": {"a": 0, "k": 100, "ix": 11}, "r": {"a": 0, "k": 0, "ix": 10}, "p": {"a": 0, "k": [943.373, 468.925, 0], "ix": 2}, "a": {"a": 0, "k": [-64.5, -123.5, 0], "ix": 1}, "s": {"a": 0, "k": [100, 100, 100], "ix": 6}}, "ao": 0, "shapes": [{"ty": "gr", "it": [{"d": 1, "ty": "el", "s": {"a": 0, "k": [212, 212], "ix": 2}, "p": {"a": 0, "k": [0, 0], "ix": 3}, "nm": "Ellipse Path 1", "mn": "ADBE Vector Shape - Ellipse", "hd": false}, {"ty": "st", "c": {"a": 0, "k": [0.466666696586, 0.56862745098, 0.996078491211, 1], "ix": 3}, "o": {"a": 0, "k": 100, "ix": 4}, "w": {"a": 0, "k": 3, "ix": 5}, "lc": 1, "lj": 1, "ml": 4, "bm": 0, "nm": "Stroke 1", "mn": "ADBE Vector Graphic - Stroke", "hd": false}, {"ty": "tr", "p": {"a": 0, "k": [-64.5, -123.5], "ix": 2}, "a": {"a": 0, "k": [0, 0], "ix": 1}, "s": {"a": 0, "k": [100, 100], "ix": 3}, "r": {"a": 0, "k": 0, "ix": 6}, "o": {"a": 0, "k": 100, "ix": 7}, "sk": {"a": 0, "k": 0, "ix": 4}, "sa": {"a": 0, "k": 0, "ix": 5}, "nm": "Transform"}], "nm": "Ellipse 1", "np": 2, "cix": 2, "bm": 0, "ix": 1, "mn": "ADBE Vector Group", "hd": false}], "ip": 0, "op": 9121, "st": 0, "bm": 0}, {"ddd": 0, "ind": 6, "ty": 4, "nm": "Shape Layer 3", "sr": 1, "ks": {"o": {"a": 0, "k": 100, "ix": 11}, "r": {"a": 0, "k": 0, "ix": 10}, "p": {"a": 0, "k": [943.373, 468.925, 0], "ix": 2}, "a": {"a": 0, "k": [-64.5, -123.5, 0], "ix": 1}, "s": {"a": 0, "k": [100, 100, 100], "ix": 6}}, "ao": 0, "shapes": [{"ty": "gr", "it": [{"d": 1, "ty": "el", "s": {"a": 0, "k": [230, 230], "ix": 2}, "p": {"a": 0, "k": [0, 0], "ix": 3}, "nm": "Ellipse Path 1", "mn": "ADBE Vector Shape - Ellipse", "hd": false}, {"ty": "st", "c": {"a": 0, "k": [1, 1, 1, 1], "ix": 3}, "o": {"a": 0, "k": 100, "ix": 4}, "w": {"a": 0, "k": 20, "ix": 5}, "lc": 1, "lj": 1, "ml": 4, "bm": 0, "nm": "Stroke 1", "mn": "ADBE Vector Graphic - Stroke", "hd": false}, {"ty": "tr", "p": {"a": 0, "k": [-64.5, -123.5], "ix": 2}, "a": {"a": 0, "k": [0, 0], "ix": 1}, "s": {"a": 0, "k": [100, 100], "ix": 3}, "r": {"a": 0, "k": 0, "ix": 6}, "o": {"a": 0, "k": 100, "ix": 7}, "sk": {"a": 0, "k": 0, "ix": 4}, "sa": {"a": 0, "k": 0, "ix": 5}, "nm": "Transform"}], "nm": "Ellipse 1", "np": 2, "cix": 2, "bm": 0, "ix": 1, "mn": "ADBE Vector Group", "hd": false}], "ip": 0, "op": 9121, "st": 0, "bm": 0}, {"ddd": 0, "ind": 7, "ty": 4, "nm": "Layer 4 Outlines", "sr": 1, "ks": {"o": {"a": 0, "k": 100, "ix": 11}, "r": {"a": 0, "k": 0, "ix": 10}, "p": {"a": 0, "k": [1013.54, 580.477, 0], "ix": 2}, "a": {"a": 0, "k": [29.029, 23.484, 0], "ix": 1}, "s": {"a": 0, "k": [100, 100, 100], "ix": 6}}, "ao": 0, "shapes": [{"ind": 0, "ty": "sh", "ix": 1, "ks": {"a": 0, "k": {"i": [[0, 0], [0, 0], [0, 0], [0, 0]], "o": [[0, 0], [0, 0], [0, 0], [0, 0]], "v": [[0.25, 27.174], [3.49, 33.811], [57.808, 46.717], [31.473, 0.25]], "c": true}, "ix": 2}, "nm": "Path 1", "mn": "ADBE Vector Shape - Group", "hd": false}, {"ty": "fl", "c": {"a": 0, "k": [0.466666696586, 0.56862745098, 0.996078491211, 1], "ix": 4}, "o": {"a": 0, "k": 100, "ix": 5}, "r": 1, "bm": 0, "nm": "Fill 1", "mn": "ADBE Vector Graphic - Fill", "hd": false}], "ip": 0, "op": 9121, "st": 0, "bm": 0}, {"ddd": 0, "ind": 8, "ty": 4, "nm": "Layer 3 Outlines", "sr": 1, "ks": {"o": {"a": 0, "k": 100, "ix": 11}, "r": {"a": 0, "k": 0, "ix": 10}, "p": {"a": 0, "k": [1066.786, 687.066, 0], "ix": 2}, "a": {"a": 0, "k": [51.389, 65.715, 0], "ix": 1}, "s": {"a": 0, "k": [100, 100, 100], "ix": 6}}, "ao": 0, "shapes": [{"ind": 0, "ty": "sh", "ix": 1, "ks": {"a": 0, "k": {"i": [[11.199, -6.494], [0, 0], [4.87, 8.399], [0, 0], [0, 0], [0, 0]], "o": [[0, 0], [-11.199, 6.493], [0, 0], [0, 0], [0, 0], [4.87, 8.399]], "v": [[86.199, 124.449], [85.789, 124.687], [56.693, 121.236], [0.25, 25.572], [41.819, 0.25], [97.659, 97.483]], "c": true}, "ix": 2}, "nm": "Path 1", "mn": "ADBE Vector Shape - Group", "hd": false}, {"ty": "fl", "c": {"a": 0, "k": [0, 0.019607843137, 0.282352941176, 1], "ix": 4}, "o": {"a": 0, "k": 100, "ix": 5}, "r": 1, "bm": 0, "nm": "Fill 1", "mn": "ADBE Vector Graphic - Fill", "hd": false}], "ip": 0, "op": 9121, "st": 0, "bm": 0}, {"ddd": 0, "ind": 9, "ty": 4, "nm": "Layer 2 Outlines", "sr": 1, "ks": {"o": {"a": 0, "k": 100, "ix": 11}, "r": {"a": 0, "k": 0, "ix": 10}, "p": {"a": 0, "k": [1035.52, 631.316, 0], "ix": 2}, "a": {"a": 0, "k": [23.556, 16.092, 0], "ix": 1}, "s": {"a": 0, "k": [100, 100, 100], "ix": 6}}, "ao": 0, "shapes": [{"ind": 0, "ty": "sh", "ix": 1, "ks": {"a": 0, "k": {"i": [[-1.432, 0.872], [0, 0], [0.687, 1.435], [0, 0], [1.569, -0.977], [0, 0], [-0.946, -1.455], [0, 0]], "o": [[0, 0], [1.358, -0.828], [0, 0], [-0.797, -1.667], [0, 0], [-1.473, 0.918], [0, 0], [0.914, 1.406]], "v": [[5.441, 31.063], [44.992, 6.971], [46.175, 2.987], [45.953, 2.521], [41.518, 1.227], [2.156, 25.732], [1.196, 30.053], [1.23, 30.105]], "c": true}, "ix": 2}, "nm": "Path 1", "mn": "ADBE Vector Shape - Group", "hd": false}, {"ty": "fl", "c": {"a": 0, "k": [0, 0.019607843137, 0.282352941176, 1], "ix": 4}, "o": {"a": 0, "k": 100, "ix": 5}, "r": 1, "bm": 0, "nm": "Fill 1", "mn": "ADBE Vector Graphic - Fill", "hd": false}], "ip": 0, "op": 9121, "st": 0, "bm": 0}, {"ddd": 0, "ind": 10, "ty": 4, "nm": "Layer 1 Outlines", "sr": 1, "ks": {"o": {"a": 0, "k": 100, "ix": 11}, "r": {"a": 0, "k": 0, "ix": 10}, "p": {"a": 0, "k": [1033.618, 628.444, 0], "ix": 2}, "a": {"a": 0, "k": [61.551, 80.988, 0], "ix": 1}, "s": {"a": 0, "k": [100, 100, 100], "ix": 6}}, "ao": 0, "shapes": [{"ind": 0, "ty": "sh", "ix": 1, "ks": {"a": 0, "k": {"i": [[0, 0], [0, 0], [0, 0], [0, 0]], "o": [[0, 0], [0, 0], [0, 0], [0, 0]], "v": [[115.602, 133.89], [80.098, 154.476], [7.5, 28.086], [43.003, 7.5]], "c": true}, "ix": 2}, "nm": "Path 1", "mn": "ADBE Vector Shape - Group", "hd": false}, {"ty": "st", "c": {"a": 0, "k": [0.466666696586, 0.56862745098, 0.996078491211, 1], "ix": 3}, "o": {"a": 0, "k": 100, "ix": 4}, "w": {"a": 0, "k": 3, "ix": 5}, "lc": 2, "lj": 1, "ml": 10, "bm": 0, "nm": "Stroke 1", "mn": "ADBE Vector Graphic - Stroke", "hd": false}, {"ty": "fl", "c": {"a": 0, "k": [1, 1, 1, 1], "ix": 4}, "o": {"a": 0, "k": 100, "ix": 5}, "r": 1, "bm": 0, "nm": "Fill 1", "mn": "ADBE Vector Graphic - Fill", "hd": false}], "ip": 0, "op": 9121, "st": 0, "bm": 0}]}, {"id": "comp_2", "layers": [{"ddd": 0, "ind": 1, "ty": 4, "nm": "Shape Layer 1", "sr": 1, "ks": {"o": {"a": 0, "k": 100, "ix": 11}, "r": {"a": 0, "k": 0, "ix": 10}, "p": {"a": 0, "k": [943.373, 468.925, 0], "ix": 2}, "a": {"a": 0, "k": [-64.5, -123.5, 0], "ix": 1}, "s": {"a": 0, "k": [100, 100, 100], "ix": 6}}, "ao": 0, "shapes": [{"ty": "gr", "it": [{"d": 1, "ty": "el", "s": {"a": 0, "k": [212, 212], "ix": 2}, "p": {"a": 0, "k": [0, 0], "ix": 3}, "nm": "Ellipse Path 1", "mn": "ADBE Vector Shape - Ellipse", "hd": false}, {"ty": "st", "c": {"a": 0, "k": [0.552941176471, 0.639215686275, 0.996078431373, 1], "ix": 3}, "o": {"a": 0, "k": 100, "ix": 4}, "w": {"a": 0, "k": 3, "ix": 5}, "lc": 1, "lj": 1, "ml": 4, "bm": 0, "nm": "Stroke 1", "mn": "ADBE Vector Graphic - Stroke", "hd": false}, {"ty": "tr", "p": {"a": 0, "k": [-64.5, -123.5], "ix": 2}, "a": {"a": 0, "k": [0, 0], "ix": 1}, "s": {"a": 0, "k": [100, 100], "ix": 3}, "r": {"a": 0, "k": 0, "ix": 6}, "o": {"a": 0, "k": 100, "ix": 7}, "sk": {"a": 0, "k": 0, "ix": 4}, "sa": {"a": 0, "k": 0, "ix": 5}, "nm": "Transform"}], "nm": "Ellipse 1", "np": 2, "cix": 2, "bm": 0, "ix": 1, "mn": "ADBE Vector Group", "hd": false}], "ip": 0, "op": 9121, "st": 0, "bm": 0}, {"ddd": 0, "ind": 2, "ty": 4, "nm": "Shape Layer 3", "sr": 1, "ks": {"o": {"a": 0, "k": 100, "ix": 11}, "r": {"a": 0, "k": 0, "ix": 10}, "p": {"a": 0, "k": [943.373, 468.925, 0], "ix": 2}, "a": {"a": 0, "k": [-64.5, -123.5, 0], "ix": 1}, "s": {"a": 0, "k": [100, 100, 100], "ix": 6}}, "ao": 0, "shapes": [{"ty": "gr", "it": [{"d": 1, "ty": "el", "s": {"a": 0, "k": [230, 230], "ix": 2}, "p": {"a": 0, "k": [0, 0], "ix": 3}, "nm": "Ellipse Path 1", "mn": "ADBE Vector Shape - Ellipse", "hd": false}, {"ty": "st", "c": {"a": 0, "k": [0.552941176471, 0.639215686275, 0.996078431373, 1], "ix": 3}, "o": {"a": 0, "k": 100, "ix": 4}, "w": {"a": 0, "k": 20, "ix": 5}, "lc": 1, "lj": 1, "ml": 4, "bm": 0, "nm": "Stroke 1", "mn": "ADBE Vector Graphic - Stroke", "hd": false}, {"ty": "tr", "p": {"a": 0, "k": [-64.5, -123.5], "ix": 2}, "a": {"a": 0, "k": [0, 0], "ix": 1}, "s": {"a": 0, "k": [100, 100], "ix": 3}, "r": {"a": 0, "k": 0, "ix": 6}, "o": {"a": 0, "k": 100, "ix": 7}, "sk": {"a": 0, "k": 0, "ix": 4}, "sa": {"a": 0, "k": 0, "ix": 5}, "nm": "Transform"}], "nm": "Ellipse 1", "np": 2, "cix": 2, "bm": 0, "ix": 1, "mn": "ADBE Vector Group", "hd": false}], "ip": 0, "op": 9121, "st": 0, "bm": 0}, {"ddd": 0, "ind": 3, "ty": 4, "nm": "Layer 3 Outlines", "sr": 1, "ks": {"o": {"a": 0, "k": 100, "ix": 11}, "r": {"a": 0, "k": 0, "ix": 10}, "p": {"a": 0, "k": [1066.786, 687.066, 0], "ix": 2}, "a": {"a": 0, "k": [51.389, 65.715, 0], "ix": 1}, "s": {"a": 0, "k": [100, 100, 100], "ix": 6}}, "ao": 0, "shapes": [{"ind": 0, "ty": "sh", "ix": 1, "ks": {"a": 0, "k": {"i": [[11.199, -6.494], [0, 0], [4.87, 8.399], [0, 0], [0, 0], [0, 0]], "o": [[0, 0], [-11.199, 6.493], [0, 0], [0, 0], [0, 0], [4.87, 8.399]], "v": [[86.199, 124.449], [85.789, 124.687], [56.693, 121.236], [0.25, 25.572], [41.819, 0.25], [97.659, 97.483]], "c": true}, "ix": 2}, "nm": "Path 1", "mn": "ADBE Vector Shape - Group", "hd": false}, {"ty": "fl", "c": {"a": 0, "k": [0.552941176471, 0.639215686275, 0.996078431373, 1], "ix": 4}, "o": {"a": 0, "k": 100, "ix": 5}, "r": 1, "bm": 0, "nm": "Fill 1", "mn": "ADBE Vector Graphic - Fill", "hd": false}], "ip": 0, "op": 9121, "st": 0, "bm": 0}, {"ddd": 0, "ind": 4, "ty": 4, "nm": "Layer 2 Outlines", "sr": 1, "ks": {"o": {"a": 0, "k": 100, "ix": 11}, "r": {"a": 0, "k": 0, "ix": 10}, "p": {"a": 0, "k": [1035.52, 631.316, 0], "ix": 2}, "a": {"a": 0, "k": [23.556, 16.092, 0], "ix": 1}, "s": {"a": 0, "k": [100, 100, 100], "ix": 6}}, "ao": 0, "shapes": [{"ind": 0, "ty": "sh", "ix": 1, "ks": {"a": 0, "k": {"i": [[-1.432, 0.872], [0, 0], [0.687, 1.435], [0, 0], [1.569, -0.977], [0, 0], [-0.946, -1.455], [0, 0]], "o": [[0, 0], [1.358, -0.828], [0, 0], [-0.797, -1.667], [0, 0], [-1.473, 0.918], [0, 0], [0.914, 1.406]], "v": [[5.441, 31.063], [44.992, 6.971], [46.175, 2.987], [45.953, 2.521], [41.518, 1.227], [2.156, 25.732], [1.196, 30.053], [1.23, 30.105]], "c": true}, "ix": 2}, "nm": "Path 1", "mn": "ADBE Vector Shape - Group", "hd": false}, {"ty": "fl", "c": {"a": 0, "k": [0.552941176471, 0.639215686275, 0.996078431373, 1], "ix": 4}, "o": {"a": 0, "k": 100, "ix": 5}, "r": 1, "bm": 0, "nm": "Fill 1", "mn": "ADBE Vector Graphic - Fill", "hd": false}], "ip": 0, "op": 9121, "st": 0, "bm": 0}, {"ddd": 0, "ind": 5, "ty": 4, "nm": "Layer 1 Outlines", "sr": 1, "ks": {"o": {"a": 0, "k": 100, "ix": 11}, "r": {"a": 0, "k": 0, "ix": 10}, "p": {"a": 0, "k": [1033.618, 628.444, 0], "ix": 2}, "a": {"a": 0, "k": [61.551, 80.988, 0], "ix": 1}, "s": {"a": 0, "k": [100, 100, 100], "ix": 6}}, "ao": 0, "shapes": [{"ind": 0, "ty": "sh", "ix": 1, "ks": {"a": 0, "k": {"i": [[0, 0], [0, 0], [0, 0], [0, 0]], "o": [[0, 0], [0, 0], [0, 0], [0, 0]], "v": [[115.602, 133.89], [80.098, 154.476], [7.5, 28.086], [43.003, 7.5]], "c": true}, "ix": 2}, "nm": "Path 1", "mn": "ADBE Vector Shape - Group", "hd": false}, {"ty": "st", "c": {"a": 0, "k": [0.466666696586, 0.56862745098, 0.996078491211, 1], "ix": 3}, "o": {"a": 0, "k": 100, "ix": 4}, "w": {"a": 0, "k": 3, "ix": 5}, "lc": 2, "lj": 1, "ml": 10, "bm": 0, "nm": "Stroke 1", "mn": "ADBE Vector Graphic - Stroke", "hd": false}, {"ty": "fl", "c": {"a": 0, "k": [0.552941176471, 0.639215686275, 0.996078431373, 1], "ix": 4}, "o": {"a": 0, "k": 100, "ix": 5}, "r": 1, "bm": 0, "nm": "Fill 1", "mn": "ADBE Vector Graphic - Fill", "hd": false}], "ip": 0, "op": 9121, "st": 0, "bm": 0}]}], "fonts": {"list": [{"fName": "Mont-HeavyDEMO", "fFamily": "Mont", "fStyle": "Heavy DEMO", "ascent": 73.614501953125}]}, "layers": [{"ddd": 0, "ind": 1, "ty": 3, "nm": "Null 2", "sr": 1, "ks": {"o": {"a": 0, "k": 0, "ix": 11}, "r": {"a": 0, "k": 0, "ix": 10}, "p": {"a": 0, "k": [1000, 1000, 0], "ix": 2}, "a": {"a": 0, "k": [50, 50, 0], "ix": 1}, "s": {"a": 0, "k": [201, 201, 100], "ix": 6}}, "ao": 0, "ip": 0, "op": 61, "st": 0, "bm": 0}, {"ddd": 0, "ind": 2, "ty": 4, "nm": "Megnify Mask", "parent": 4, "td": 1, "sr": 1, "ks": {"o": {"a": 0, "k": 100, "ix": 11}, "r": {"a": 0, "k": -5.442, "ix": 10}, "p": {"a": 0, "k": [941.111, 466.947, 0], "ix": 2}, "a": {"a": 0, "k": [-25.5, 0, 0], "ix": 1}, "s": {"a": 0, "k": [100, 100, 100], "ix": 6}}, "ao": 0, "shapes": [{"ty": "gr", "it": [{"d": 1, "ty": "el", "s": {"a": 0, "k": [213, 213], "ix": 2}, "p": {"a": 0, "k": [0, 0], "ix": 3}, "nm": "Ellipse Path 1", "mn": "ADBE Vector Shape - Ellipse", "hd": false}, {"ty": "fl", "c": {"a": 0, "k": [0.256791776769, 0.03535563151, 0.819607843137, 1], "ix": 4}, "o": {"a": 0, "k": 100, "ix": 5}, "r": 1, "bm": 0, "nm": "Fill 1", "mn": "ADBE Vector Graphic - Fill", "hd": false}, {"ty": "tr", "p": {"a": 0, "k": [-23.5, 2], "ix": 2}, "a": {"a": 0, "k": [0, 0], "ix": 1}, "s": {"a": 0, "k": [100, 100], "ix": 3}, "r": {"a": 0, "k": 0, "ix": 6}, "o": {"a": 0, "k": 100, "ix": 7}, "sk": {"a": 0, "k": 0, "ix": 4}, "sa": {"a": 0, "k": 0, "ix": 5}, "nm": "Transform"}], "nm": "Ellipse 1", "np": 3, "cix": 2, "bm": 0, "ix": 1, "mn": "ADBE Vector Group", "hd": false}], "ip": 0, "op": 61, "st": 0, "bm": 0}, {"ddd": 0, "ind": 3, "ty": 0, "nm": "card", "parent": 1, "tt": 1, "refId": "comp_0", "sr": 1, "ks": {"o": {"a": 0, "k": 100, "ix": 11}, "r": {"a": 0, "k": 0, "ix": 10}, "p": {"a": 0, "k": [50, 50, 0], "ix": 2}, "a": {"a": 0, "k": [527.5, 1134, 0], "ix": 1}, "s": {"a": 0, "k": [125, 125, 100], "ix": 6}}, "ao": 0, "w": 1055, "h": 2268, "ip": 0, "op": 61, "st": 0, "bm": 0}, {"ddd": 0, "ind": 4, "ty": 0, "nm": "magnify glass", "parent": 1, "refId": "comp_1", "sr": 1, "ks": {"o": {"a": 0, "k": 100, "ix": 11}, "r": {"a": 0, "k": 0, "ix": 10}, "p": {"a": 1, "k": [{"i": {"x": 0.833, "y": 0.837}, "o": {"x": 0.333, "y": 0}, "t": 0, "s": [194.342, 199.774, 0], "to": [-282.811, 85.343, 0], "ti": [-75.206, 46.862, 0]}, {"i": {"x": 0.713, "y": 1}, "o": {"x": 0.167, "y": 0.171}, "t": 30, "s": [-13.855, -16.468, 0], "to": [116.675, -72.702, 0], "ti": [115.879, -150.762, 0]}, {"t": 60, "s": [194.342, 199.774, 0]}], "ix": 2}, "a": {"a": 0, "k": [960, 540, 0], "ix": 1}, "s": {"a": 0, "k": [100, 100, 100], "ix": 6}}, "ao": 0, "w": 1920, "h": 1080, "ip": 0, "op": 9121, "st": 0, "bm": 0}, {"ddd": 0, "ind": 5, "ty": 0, "nm": "magnify glass shadow", "parent": 4, "refId": "comp_2", "sr": 1, "ks": {"o": {"a": 0, "k": 100, "ix": 11}, "r": {"a": 0, "k": 0, "ix": 10}, "p": {"a": 0, "k": [1048.658, 560.226, 0], "ix": 2}, "a": {"a": 0, "k": [960, 540, 0], "ix": 1}, "s": {"a": 0, "k": [93.525, 93.525, 100], "ix": 6}}, "ao": 0, "w": 1920, "h": 1080, "ip": 0, "op": 9121, "st": 0, "bm": 0}, {"ddd": 0, "ind": 7, "ty": 0, "nm": "card", "parent": 1, "refId": "comp_0", "sr": 1, "ks": {"o": {"a": 0, "k": 100, "ix": 11}, "r": {"a": 0, "k": 0, "ix": 10}, "p": {"a": 0, "k": [50, 50, 0], "ix": 2}, "a": {"a": 0, "k": [527.5, 1134, 0], "ix": 1}, "s": {"a": 0, "k": [100, 100, 100], "ix": 6}}, "ao": 0, "w": 1055, "h": 2268, "ip": 0, "op": 61, "st": 0, "bm": 0}, {"ddd": 0, "ind": 8, "ty": 4, "nm": "circle 2", "parent": 1, "sr": 1, "ks": {"o": {"a": 0, "k": 35, "ix": 11}, "r": {"a": 0, "k": 0, "ix": 10}, "p": {"a": 0, "k": [49.5, 50, 0], "ix": 2}, "a": {"a": 0, "k": [-0.5, -11, 0], "ix": 1}, "s": {"a": 1, "k": [{"i": {"x": [0.667, 0.667, 0.667], "y": [1, 1, 1]}, "o": {"x": [0.333, 0.333, 0.333], "y": [0, 0, 0]}, "t": 4, "s": [100, 100, 100]}, {"i": {"x": [0.667, 0.667, 0.667], "y": [1, 1, 1]}, "o": {"x": [0.333, 0.333, 0.333], "y": [0, 0, 0]}, "t": 32, "s": [80, 80, 100]}, {"t": 60, "s": [100, 100, 100]}], "ix": 6}}, "ao": 0, "shapes": [{"ty": "gr", "it": [{"d": 1, "ty": "el", "s": {"a": 0, "k": [506, 506], "ix": 2}, "p": {"a": 0, "k": [0, 0], "ix": 3}, "nm": "Ellipse Path 1", "mn": "ADBE Vector Shape - Ellipse", "hd": false}, {"ty": "st", "c": {"a": 0, "k": [0.079662001367, 0.232825993557, 0.580391977348, 1], "ix": 3}, "o": {"a": 0, "k": 100, "ix": 4}, "w": {"a": 0, "k": 0, "ix": 5}, "lc": 1, "lj": 1, "ml": 4, "bm": 0, "nm": "Stroke 1", "mn": "ADBE Vector Graphic - Stroke", "hd": false}, {"ty": "fl", "c": {"a": 0, "k": [0.643127022538, 0.709807990579, 0.996093989354, 1], "ix": 4}, "o": {"a": 0, "k": 100, "ix": 5}, "r": 1, "bm": 0, "nm": "Fill 1", "mn": "ADBE Vector Graphic - Fill", "hd": false}, {"ty": "tr", "p": {"a": 0, "k": [-0.5, -11], "ix": 2}, "a": {"a": 0, "k": [0, 0], "ix": 1}, "s": {"a": 0, "k": [100, 100], "ix": 3}, "r": {"a": 0, "k": 0, "ix": 6}, "o": {"a": 0, "k": 100, "ix": 7}, "sk": {"a": 0, "k": 0, "ix": 4}, "sa": {"a": 0, "k": 0, "ix": 5}, "nm": "Transform"}], "nm": "Ellipse 1", "np": 3, "cix": 2, "bm": 0, "ix": 1, "mn": "ADBE Vector Group", "hd": false}], "ip": 0, "op": 61, "st": 0, "bm": 0}, {"ddd": 0, "ind": 9, "ty": 4, "nm": "circle 1", "parent": 1, "sr": 1, "ks": {"o": {"a": 0, "k": 20, "ix": 11}, "r": {"a": 0, "k": 0, "ix": 10}, "p": {"a": 0, "k": [49.5, 50, 0], "ix": 2}, "a": {"a": 0, "k": [-0.5, -11, 0], "ix": 1}, "s": {"a": 1, "k": [{"i": {"x": [0.667, 0.667, 0.667], "y": [1, 1, 1]}, "o": {"x": [0.333, 0.333, 0.333], "y": [0, 0, 0]}, "t": 0, "s": [100, 100, 100]}, {"i": {"x": [0.667, 0.667, 0.667], "y": [1, 1, 1]}, "o": {"x": [0.333, 0.333, 0.333], "y": [0, 0, 0]}, "t": 30, "s": [70, 70, 100]}, {"t": 60, "s": [100, 100, 100]}], "ix": 6}}, "ao": 0, "shapes": [{"ty": "gr", "it": [{"d": 1, "ty": "el", "s": {"a": 0, "k": [706, 706], "ix": 2}, "p": {"a": 0, "k": [0, 0], "ix": 3}, "nm": "Ellipse Path 1", "mn": "ADBE Vector Shape - Ellipse", "hd": false}, {"ty": "st", "c": {"a": 0, "k": [0.079662001367, 0.232825993557, 0.580391977348, 1], "ix": 3}, "o": {"a": 0, "k": 100, "ix": 4}, "w": {"a": 0, "k": 0, "ix": 5}, "lc": 1, "lj": 1, "ml": 4, "bm": 0, "nm": "Stroke 1", "mn": "ADBE Vector Graphic - Stroke", "hd": false}, {"ty": "fl", "c": {"a": 0, "k": [0.643127022538, 0.709807990579, 0.996093989354, 1], "ix": 4}, "o": {"a": 0, "k": 100, "ix": 5}, "r": 1, "bm": 0, "nm": "Fill 1", "mn": "ADBE Vector Graphic - Fill", "hd": false}, {"ty": "tr", "p": {"a": 0, "k": [-0.5, -11], "ix": 2}, "a": {"a": 0, "k": [0, 0], "ix": 1}, "s": {"a": 0, "k": [100, 100], "ix": 3}, "r": {"a": 0, "k": 0, "ix": 6}, "o": {"a": 0, "k": 100, "ix": 7}, "sk": {"a": 0, "k": 0, "ix": 4}, "sa": {"a": 0, "k": 0, "ix": 5}, "nm": "Transform"}], "nm": "Ellipse 1", "np": 3, "cix": 2, "bm": 0, "ix": 1, "mn": "ADBE Vector Group", "hd": false}], "ip": 0, "op": 61, "st": 0, "bm": 0}], "markers": [], "chars": [{"ch": "I", "size": 33, "style": "Heavy DEMO", "w": 33.1, "data": {"shapes": [{"ty": "gr", "it": [{"ind": 0, "ty": "sh", "ix": 1, "ks": {"a": 0, "k": {"i": [[0, 0], [0, 0], [0, 0], [0, 0]], "o": [[0, 0], [0, 0], [0, 0], [0, 0]], "v": [[6.815, 0], [26.492, 0], [26.492, -70.496], [6.815, -70.496]], "c": true}, "ix": 2}, "nm": "I", "mn": "ADBE Vector Shape - Group", "hd": false}], "nm": "I", "np": 3, "cix": 2, "bm": 0, "ix": 1, "mn": "ADBE Vector Group", "hd": false}]}, "fFamily": "Mont"}, {"ch": "D", "size": 33, "style": "Heavy DEMO", "w": 74.5, "data": {"shapes": [{"ty": "gr", "it": [{"ind": 0, "ty": "sh", "ix": 1, "ks": {"a": 0, "k": {"i": [[21.344, 0], [0, 0], [0, 0], [0, 0], [0, 20.572]], "o": [[0, 0], [0, 0], [0, 0], [21.286, 0], [0, -20.599]], "v": [[35.345, -70.496], [6.815, -70.496], [6.815, 0], [35.345, 0], [71.738, -35.306]], "c": true}, "ix": 2}, "nm": "D", "mn": "ADBE Vector Shape - Group", "hd": false}, {"ind": 1, "ty": "sh", "ix": 2, "ks": {"a": 0, "k": {"i": [[10.44, 0], [0, 0], [0, 0], [0, 0], [0, -10.458]], "o": [[0, 0], [0, 0], [0, 0], [10.44, 0], [0, 10.4]], "v": [[34.43, -17.786], [26.321, -17.786], [26.321, -52.71], [34.43, -52.71], [51.828, -35.306]], "c": true}, "ix": 2}, "nm": "D", "mn": "ADBE Vector Shape - Group", "hd": false}], "nm": "D", "np": 5, "cix": 2, "bm": 0, "ix": 1, "mn": "ADBE Vector Group", "hd": false}]}, "fFamily": "Mont"}, {"ch": " ", "size": 33, "style": "Heavy DEMO", "w": 21.7, "data": {}, "fFamily": "Mont"}, {"ch": "C", "size": 33, "style": "Heavy DEMO", "w": 78.4, "data": {"shapes": [{"ty": "gr", "it": [{"ind": 0, "ty": "sh", "ix": 1, "ks": {"a": 0, "k": {"i": [[0, 0], [-2.681, 18.536], [0, 0], [7.823, 0], [0, 10.873], [-9.981, 0], [-2.42, -7.23], [0, 0], [18.474, 0], [0, -21.204], [-21.457, 0]], "o": [[18.776, 0], [0, 0], [-1.974, 7.834], [-9.981, 0], [0, -10.915], [7.42, 0], [0, 0], [-2.866, -17.876], [-21.457, 0], [0, 21.088], [0, 0]], "v": [[40.625, 1.782], [76.477, -29.337], [56.613, -29.337], [40.666, -16.405], [23.363, -35.19], [40.666, -54.132], [56.596, -42.207], [76.274, -42.207], [40.625, -72.278], [3.143, -35.188], [40.625, 1.784]], "c": true}, "ix": 2}, "nm": "C", "mn": "ADBE Vector Shape - Group", "hd": false}], "nm": "C", "np": 3, "cix": 2, "bm": 0, "ix": 1, "mn": "ADBE Vector Group", "hd": false}]}, "fFamily": "Mont"}, {"ch": "A", "size": 33, "style": "Heavy DEMO", "w": 74.4, "data": {"shapes": [{"ty": "gr", "it": [{"ind": 0, "ty": "sh", "ix": 1, "ks": {"a": 0, "k": {"i": [[0, 0], [0, 0], [0, 0], [0, 0], [0, 0], [0, 0], [0, 0], [0, 0]], "o": [[0, 0], [0, 0], [0, 0], [0, 0], [0, 0], [0, 0], [0, 0], [0, 0]], "v": [[53.568, 0], [74.954, 0], [46.655, -70.496], [27.67, -70.496], [-0.021, 0], [20.792, 0], [24.696, -11.45], [49.683, -11.45]], "c": true}, "ix": 2}, "nm": "A", "mn": "ADBE Vector Shape - Group", "hd": false}, {"ind": 1, "ty": "sh", "ix": 2, "ks": {"a": 0, "k": {"i": [[0, 0], [0, 0], [0, 0]], "o": [[0, 0], [0, 0], [0, 0]], "v": [[44.943, -26.648], [29.427, -26.648], [37.151, -48.492]], "c": true}, "ix": 2}, "nm": "A", "mn": "ADBE Vector Shape - Group", "hd": false}], "nm": "A", "np": 5, "cix": 2, "bm": 0, "ix": 1, "mn": "ADBE Vector Group", "hd": false}]}, "fFamily": "Mont"}, {"ch": "R", "size": 33, "style": "Heavy DEMO", "w": 67.6, "data": {"shapes": [{"ty": "gr", "it": [{"ind": 0, "ty": "sh", "ix": 1, "ks": {"a": 0, "k": {"i": [[0, 0], [0, 0], [0, 0], [0, 8.652], [15.198, 0], [0, 0], [0, 0], [0, 0], [0, 0], [0, 0]], "o": [[0, 0], [0, 0], [6.963, -4.17], [0, -14.737], [0, 0], [0, 0], [0, 0], [0, 0], [0, 0], [0, 0]], "v": [[44.714, 0], [66.391, 0], [52.394, -25.638], [63.583, -45.547], [37.369, -70.496], [6.815, -70.496], [6.815, 0], [26.236, 0], [26.236, -21.57], [33.276, -21.57]], "c": true}, "ix": 2}, "nm": "R", "mn": "ADBE Vector Shape - Group", "hd": false}, {"ind": 1, "ty": "sh", "ix": 2, "ks": {"a": 0, "k": {"i": [[0, 0], [0, 0], [0, -4.407], [5.429, 0], [0, 0]], "o": [[0, 0], [5.429, 0], [0, 4.407], [0, 0], [0, 0]], "v": [[26.236, -53.238], [35.107, -53.238], [43.661, -45.605], [35.107, -37.93], [26.236, -37.93]], "c": true}, "ix": 2}, "nm": "R", "mn": "ADBE Vector Shape - Group", "hd": false}], "nm": "R", "np": 5, "cix": 2, "bm": 0, "ix": 1, "mn": "ADBE Vector Group", "hd": false}]}, "fFamily": "Mont"}]}