{"v":"5.9.0","fr":30,"ip":0,"op":234,"w":1080,"h":1280,"nm":"Structured AI screens","ddd":0,"assets":[{"id":"comp_0","nm":"Thumb","fr":30,"layers":[{"ddd":0,"ind":1,"ty":4,"nm":"Layer 8 Outlines","parent":7,"sr":1,"ks":{"o":{"a":0,"k":100,"ix":11},"r":{"a":0,"k":-0.055,"ix":10},"p":{"a":0,"k":[62.086,40.354,0],"ix":2,"l":2},"a":{"a":0,"k":[20.179,40.187,0],"ix":1,"l":2},"s":{"a":0,"k":[100,100,100],"ix":6,"l":2}},"ao":0,"shapes":[{"ind":0,"ty":"sh","ix":1,"ks":{"a":0,"k":{"i":[[0,0],[1.088,-27.139],[-6.585,-0.187]],"o":[[0,0],[-1.087,27.138],[0,0]],"v":[[25.646,14.134],[11.509,37.562],[29.935,69.951]],"c":false},"ix":2},"nm":"Path 1","mn":"ADBE Vector Shape - Group","hd":false},{"ty":"st","c":{"a":0,"k":[0.411764711142,0.490196079016,0.976470589638,1],"ix":3},"o":{"a":0,"k":100,"ix":4},"w":{"a":0,"k":4.169,"ix":5},"lc":2,"lj":1,"ml":10,"bm":0,"nm":"hvLottiePrimaryColor","cl":"hvLottiePrimaryColor","mn":"ADBE Vector Graphic - Stroke","hd":false}],"ip":0,"op":301,"st":0,"bm":0},{"ddd":0,"ind":2,"ty":4,"nm":"Layer 3 Outlines 3","sr":1,"ks":{"o":{"a":0,"k":100,"ix":11},"r":{"a":0,"k":0,"ix":10},"p":{"a":0,"k":[667.348,849.696,0],"ix":2,"l":2},"a":{"a":0,"k":[270.696,386.954,0],"ix":1,"l":2},"s":{"a":0,"k":[100,100,100],"ix":6,"l":2}},"ao":0,"shapes":[{"ind":0,"ty":"sh","ix":1,"ks":{"a":0,"k":{"i":[[3.326,-4.611],[-14.79,-64.756]],"o":[[-45.265,83.221],[7.347,32.167]],"v":[[67.861,37.608],[23.375,269.638]],"c":false},"ix":2},"nm":"Path 1","mn":"ADBE Vector Shape - Group","hd":false},{"ty":"st","c":{"a":0,"k":[0.411764705882,0.490196078431,0.976470588235,1],"ix":3},"o":{"a":0,"k":100,"ix":4},"w":{"a":0,"k":3,"ix":5},"lc":1,"lj":1,"ml":4,"bm":0,"nm":"hvLottiePrimaryColor","cl":"hvLottiePrimaryColor","mn":"ADBE Vector Graphic - Stroke","hd":false}],"ip":0,"op":301,"st":0,"bm":0},{"ddd":0,"ind":3,"ty":4,"nm":"Layer 3 Outlines 2","sr":1,"ks":{"o":{"a":0,"k":100,"ix":11},"r":{"a":0,"k":0,"ix":10},"p":{"a":0,"k":[667.348,849.696,0],"ix":2,"l":2},"a":{"a":0,"k":[270.696,386.954,0],"ix":1,"l":2},"s":{"a":0,"k":[100,100,100],"ix":6,"l":2}},"ao":0,"shapes":[{"ind":0,"ty":"sh","ix":1,"ks":{"a":0,"k":{"i":[[0,0],[6.862,72.059],[1.174,2.906],[8.385,12.493],[6.5,8.217]],"o":[[-19.885,-33.759],[-2.833,-29.739],[-1.916,-8.365],[-5.735,-8.546],[-2.083,-1.352]],"v":[[270.696,324.345],[217.77,163.172],[218.522,84.084],[195.528,47.544],[176.598,21.041]],"c":false},"ix":2},"nm":"Path 1","mn":"ADBE Vector Shape - Group","hd":false},{"ty":"st","c":{"a":0,"k":[0.411764711142,0.490196079016,0.976470589638,1],"ix":3},"o":{"a":0,"k":100,"ix":4},"w":{"a":0,"k":3,"ix":5},"lc":1,"lj":1,"ml":4,"bm":0,"nm":"hvLottiePrimaryColor","cl":"hvLottiePrimaryColor","mn":"ADBE Vector Graphic - Stroke","hd":false}],"ip":0,"op":301,"st":0,"bm":0},{"ddd":0,"ind":4,"ty":4,"nm":"Layer 3 Outlines","sr":1,"ks":{"o":{"a":0,"k":100,"ix":11},"r":{"a":0,"k":0,"ix":10},"p":{"a":0,"k":[667.348,849.696,0],"ix":2,"l":2},"a":{"a":0,"k":[270.696,386.954,0],"ix":1,"l":2},"s":{"a":0,"k":[100,100,100],"ix":6,"l":2}},"ao":0,"shapes":[{"ind":0,"ty":"sh","ix":1,"ks":{"a":0,"k":{"i":[[29.5,4.551],[3.326,-4.611],[-64.057,-60.797],[-40.407,-7.804],[-23.887,4.064],[0,0],[6.862,72.059],[1.174,2.906],[8.385,12.493],[5.704,7.792]],"o":[[-28.996,-4.474],[-67.75,124.561],[13.348,12.669],[0,0],[69.814,-11.877],[-19.885,-33.759],[-2.833,-29.739],[-1.916,-8.365],[-5.735,-8.546],[-2.083,-1.352]],"v":[[115.739,6.606],[68,37.128],[66.435,349.388],[142.913,389.954],[212.534,390.135],[270.696,324.345],[217.77,163.172],[218.522,84.084],[195.528,47.544],[178.348,23.041]],"c":true},"ix":2},"nm":"Path 1","mn":"ADBE Vector Shape - Group","hd":false},{"ty":"fl","c":{"a":0,"k":[1,1,1,1],"ix":4},"o":{"a":0,"k":100,"ix":5},"r":1,"bm":0,"nm":"Fill 1","mn":"ADBE Vector Graphic - Fill","hd":false}],"ip":0,"op":301,"st":0,"bm":0},{"ddd":0,"ind":5,"ty":4,"nm":"Layer 2 Outlines 2","parent":4,"sr":1,"ks":{"o":{"a":0,"k":100,"ix":11},"r":{"a":0,"k":0,"ix":10},"p":{"a":0,"k":[178.885,22.843,0],"ix":2,"l":2},"a":{"a":0,"k":[138.15,125.057,0],"ix":1,"l":2},"s":{"a":0,"k":[100,100,100],"ix":6,"l":2}},"ao":0,"shapes":[{"ind":0,"ty":"sh","ix":1,"ks":{"a":0,"k":{"i":[[-12.262,-13.368],[-6.001,-14.05],[-13.581,-15.567],[16.711,-19.581],[20.855,8.604],[2.714,21.317],[5.465,20.682],[2.133,12.866]],"o":[[2.898,11.834],[12.656,29.631],[0.684,3.255],[-15.929,18.666],[-19.25,-7.941],[-6.594,-16.137],[-3.864,-14.627],[3.097,-17.938]],"v":[[82.174,17.39],[95.467,58.021],[137.989,125.586],[126.771,173.325],[63.072,187.175],[27.641,139.673],[9.119,84.369],[-0.5,40.021]],"c":false},"ix":2},"nm":"Path 1","mn":"ADBE Vector Shape - Group","hd":false},{"ty":"st","c":{"a":0,"k":[0.411764711142,0.490196079016,0.976470589638,1],"ix":3},"o":{"a":0,"k":100,"ix":4},"w":{"a":0,"k":3,"ix":5},"lc":3,"lj":2,"bm":0,"nm":"hvLottiePrimaryColor","cl":"hvLottiePrimaryColor","mn":"ADBE Vector Graphic - Stroke","hd":false}],"ip":0,"op":301,"st":0,"bm":0},{"ddd":0,"ind":6,"ty":4,"nm":"Layer 2 Outlines","parent":4,"sr":1,"ks":{"o":{"a":0,"k":100,"ix":11},"r":{"a":0,"k":0,"ix":10},"p":{"a":0,"k":[178.385,22.843,0],"ix":2,"l":2},"a":{"a":0,"k":[138.15,125.057,0],"ix":1,"l":2},"s":{"a":0,"k":[100,100,100],"ix":6,"l":2}},"ao":0,"shapes":[{"ind":0,"ty":"sh","ix":1,"ks":{"a":0,"k":{"i":[[2.714,21.317],[5.465,20.682],[2.133,12.866],[-17.462,5.093],[-12.262,-13.368],[-6.001,-14.05],[-13.581,-15.567],[16.711,-19.581],[20.855,8.604]],"o":[[-6.594,-16.137],[-3.864,-14.627],[3.097,-17.938],[17.402,-5.075],[2.898,11.834],[12.656,29.631],[0.684,3.255],[-15.929,18.666],[-19.25,-7.941]],"v":[[27.641,139.673],[9.119,84.369],[0.25,43.021],[33.902,5.325],[82.424,18.89],[95.467,58.021],[137.989,125.586],[126.771,173.325],[63.072,187.175]],"c":true},"ix":2},"nm":"Path 1","mn":"ADBE Vector Shape - Group","hd":false},{"ty":"fl","c":{"a":0,"k":[1,1,1,1],"ix":4},"o":{"a":0,"k":100,"ix":5},"r":1,"bm":0,"nm":"Fill 1","mn":"ADBE Vector Graphic - Fill","hd":false}],"ip":0,"op":301,"st":0,"bm":0},{"ddd":0,"ind":7,"ty":4,"nm":"Layer 1 Outlines","parent":6,"sr":1,"ks":{"o":{"a":0,"k":100,"ix":11},"r":{"a":0,"k":0,"ix":10},"p":{"a":0,"k":[82.424,18.471,0],"ix":2,"l":2},"a":{"a":0,"k":[88.98,130.445,0],"ix":1,"l":2},"s":{"a":0,"k":[100,100,100],"ix":6,"l":2}},"ao":0,"shapes":[{"ind":0,"ty":"sh","ix":1,"ks":{"a":0,"k":{"i":[[-4.488,17.586],[1.024,13.973],[13.841,9.403],[6.706,1.031],[9.686,-3.789],[0.819,-7.84],[-7.056,-32.732],[-25.937,6.853]],"o":[[-10.33,-23.785],[-2.156,-29.448],[-1.792,-1.218],[0,0],[-22.337,8.737],[-1.893,18.125],[1.224,1.141],[17.391,-4.595]],"v":[[89.48,130.864],[74.871,73.212],[64.839,6.753],[51.414,1.688],[32.367,4.039],[2.871,77.125],[7.306,154.994],[54.002,166.864]],"c":true},"ix":2},"nm":"Path 1","mn":"ADBE Vector Shape - Group","hd":false},{"ty":"st","c":{"a":0,"k":[0.411764705882,0.490196078431,0.976470588235,1],"ix":3},"o":{"a":0,"k":100,"ix":4},"w":{"a":0,"k":4,"ix":5},"lc":1,"lj":1,"ml":4,"bm":0,"nm":"hvLottiePrimaryColor","cl":"hvLottiePrimaryColor","mn":"ADBE Vector Graphic - Stroke","hd":false},{"ty":"fl","c":{"a":0,"k":[1,1,1,1],"ix":4},"o":{"a":0,"k":100,"ix":5},"r":1,"bm":0,"nm":"Fill 1","mn":"ADBE Vector Graphic - Fill","hd":false}],"ip":0,"op":301,"st":0,"bm":0}]},{"id":"comp_1","nm":"Man","fr":30,"layers":[{"ddd":0,"ind":1,"ty":4,"nm":"â Volume 1","sr":1,"ks":{"o":{"a":1,"k":[{"i":{"x":[0.667],"y":[1]},"o":{"x":[0.167],"y":[0.167]},"t":208,"s":[0]},{"i":{"x":[0.833],"y":[1]},"o":{"x":[0.333],"y":[0]},"t":213,"s":[100]},{"t":218,"s":[0]}],"ix":11},"r":{"a":0,"k":0,"ix":10},"p":{"a":0,"k":[540,960,0],"ix":2,"l":2},"a":{"a":0,"k":[0,0,0],"ix":1,"l":2},"s":{"a":0,"k":[100,100,100],"ix":6,"l":2}},"ao":0,"shapes":[{"ty":"gr","it":[{"ty":"rc","d":1,"s":{"a":0,"k":[1080,1920],"ix":2},"p":{"a":0,"k":[0,0],"ix":3},"r":{"a":0,"k":0,"ix":4},"nm":"Rectangle Path 1","mn":"ADBE Vector Shape - Rect","hd":false},{"ty":"fl","c":{"a":0,"k":[1,1,1,1],"ix":4},"o":{"a":0,"k":100,"ix":5},"r":1,"bm":0,"nm":"Fill 1","mn":"ADBE Vector Graphic - Fill","hd":false},{"ty":"tr","p":{"a":0,"k":[0,0],"ix":2},"a":{"a":0,"k":[0,0],"ix":1},"s":{"a":0,"k":[100,100],"ix":3},"r":{"a":0,"k":0,"ix":6},"o":{"a":0,"k":100,"ix":7},"sk":{"a":0,"k":0,"ix":4},"sa":{"a":0,"k":0,"ix":5},"nm":"Transform"}],"nm":"Volume","np":2,"cix":2,"bm":0,"ix":1,"mn":"ADBE Vector Group","hd":false}],"ip":208,"op":222,"st":208,"bm":0},{"ddd":0,"ind":3,"ty":4,"nm":"Glasses Outlines 2","parent":4,"sr":1,"ks":{"o":{"a":1,"k":[{"i":{"x":[0.667],"y":[1]},"o":{"x":[0.333],"y":[0]},"t":76,"s":[0]},{"i":{"x":[0.667],"y":[1]},"o":{"x":[0.333],"y":[0]},"t":91,"s":[100]},{"i":{"x":[0.667],"y":[1]},"o":{"x":[0.333],"y":[0]},"t":106,"s":[0]},{"i":{"x":[0.667],"y":[1]},"o":{"x":[0.333],"y":[0]},"t":121,"s":[100]},{"t":136,"s":[0]}],"ix":11},"r":{"a":0,"k":0,"ix":10},"p":{"a":0,"k":[97.35,41.91,0],"ix":2,"l":2},"a":{"a":0,"k":[97.35,41.91,0],"ix":1,"l":2},"s":{"a":0,"k":[100,100,100],"ix":6,"l":2}},"ao":0,"shapes":[{"ind":0,"ty":"sh","ix":1,"ks":{"a":0,"k":{"i":[[0,0],[0,0]],"o":[[0,0],[0,0]],"v":[[176.342,51.886],[193.725,38.217]],"c":false},"ix":2},"nm":"Path 1","mn":"ADBE Vector Shape - Group","hd":false},{"ty":"st","c":{"a":0,"k":[0.956862745098,0.589127245136,0.589127245136,1],"ix":3},"o":{"a":0,"k":100,"ix":4},"w":{"a":0,"k":5,"ix":5},"lc":2,"lj":2,"bm":0,"nm":"Stroke 1","mn":"ADBE Vector Graphic - Stroke","hd":false},{"ind":2,"ty":"sh","ix":3,"ks":{"a":0,"k":{"i":[[0,0],[0,0]],"o":[[0,0],[0,0]],"v":[[14.038,51.886],[0.976,41.615]],"c":false},"ix":2},"nm":"Path 2","mn":"ADBE Vector Shape - Group","hd":false},{"ty":"st","c":{"a":0,"k":[0.956862745098,0.589127245136,0.589127245136,1],"ix":3},"o":{"a":0,"k":100,"ix":4},"w":{"a":0,"k":5,"ix":5},"lc":2,"lj":2,"bm":0,"nm":"Stroke 2","mn":"ADBE Vector Graphic - Stroke","hd":false},{"ind":4,"ty":"sh","ix":5,"ks":{"a":0,"k":{"i":[[0,0],[-8.138,-8.186]],"o":[[0,0],[0,0]],"v":[[86.7,41.91],[103.609,41.91]],"c":false},"ix":2},"nm":"Path 3","mn":"ADBE Vector Shape - Group","hd":false},{"ty":"st","c":{"a":0,"k":[0.956862745098,0.589127245136,0.589127245136,1],"ix":3},"o":{"a":0,"k":100,"ix":4},"w":{"a":0,"k":5,"ix":5},"lc":2,"lj":2,"bm":0,"nm":"Stroke 3","mn":"ADBE Vector Graphic - Stroke","hd":false},{"ind":6,"ty":"sh","ix":7,"ks":{"a":0,"k":{"i":[[0,-20.451],[20.451,0],[0,20.451],[-20.451,0]],"o":[[0,20.451],[-20.451,0],[0,-20.451],[20.451,0]],"v":[[177.669,41.91],[140.639,78.94],[103.608,41.91],[140.639,4.88]],"c":true},"ix":2},"nm":"Path 4","mn":"ADBE Vector Shape - Group","hd":false},{"ty":"st","c":{"a":0,"k":[0.956862745098,0.589127245136,0.589127245136,1],"ix":3},"o":{"a":0,"k":100,"ix":4},"w":{"a":0,"k":5,"ix":5},"lc":2,"lj":2,"bm":0,"nm":"Stroke 4","mn":"ADBE Vector Graphic - Stroke","hd":false},{"ind":8,"ty":"sh","ix":9,"ks":{"a":0,"k":{"i":[[0,-20.451],[20.451,0],[0,20.451],[-20.451,0]],"o":[[0,20.451],[-20.451,0],[0,-20.451],[20.451,0]],"v":[[86.7,41.91],[49.67,78.94],[12.639,41.91],[49.67,4.88]],"c":true},"ix":2},"nm":"Path 5","mn":"ADBE Vector Shape - Group","hd":false},{"ty":"st","c":{"a":0,"k":[0.956862745098,0.589127245136,0.589127245136,1],"ix":3},"o":{"a":0,"k":100,"ix":4},"w":{"a":0,"k":5,"ix":5},"lc":2,"lj":2,"bm":0,"nm":"Stroke 5","mn":"ADBE Vector Graphic - Stroke","hd":false}],"ip":76,"op":137,"st":0,"bm":0},{"ddd":0,"ind":4,"ty":4,"nm":"Glasses Outlines","parent":8,"sr":1,"ks":{"o":{"a":0,"k":100,"ix":11},"r":{"a":1,"k":[{"i":{"x":[0.833],"y":[0.833]},"o":{"x":[0.167],"y":[0.167]},"t":27,"s":[-10]},{"i":{"x":[0.833],"y":[0.833]},"o":{"x":[0.167],"y":[0.167]},"t":32,"s":[-6]},{"t":37,"s":[0]}],"ix":10},"p":{"a":1,"k":[{"i":{"x":0.833,"y":0.833},"o":{"x":0.167,"y":0.167},"t":27,"s":[-19.931,-54.268,0],"to":[0.387,0,0],"ti":[1.894,0,0]},{"i":{"x":0.833,"y":0.833},"o":{"x":0.167,"y":0.167},"t":37,"s":[0.559,-54.268,0],"to":[-1.326,0,0],"ti":[2.38,0,0]},{"i":{"x":0.833,"y":0.833},"o":{"x":0.167,"y":0.167},"t":45,"s":[16.896,-54.268,0],"to":[-1.354,0,0],"ti":[-0.184,0,0]},{"i":{"x":0.833,"y":0.833},"o":{"x":0.167,"y":0.167},"t":76,"s":[-0.555,-54.268,0],"to":[0.407,0,0],"ti":[-0.184,0,0]},{"i":{"x":0.667,"y":1},"o":{"x":0.167,"y":0.167},"t":126,"s":[-0.555,-54.268,0],"to":[0.407,0,0],"ti":[-113.437,0,0]},{"t":156,"s":[680.069,-54.268,0]}],"ix":2,"l":2},"a":{"a":0,"k":[97.35,41.91,0],"ix":1,"l":2},"s":{"a":0,"k":[100,100,100],"ix":6,"l":2}},"ao":0,"shapes":[{"ind":0,"ty":"sh","ix":1,"ks":{"a":0,"k":{"i":[[0,0],[0,0]],"o":[[0,0],[0,0]],"v":[[176.342,51.886],[193.725,38.217]],"c":false},"ix":2},"nm":"Path 1","mn":"ADBE Vector Shape - Group","hd":false},{"ty":"st","c":{"a":0,"k":[0.411764705882,0.490196078431,0.976470588235,1],"ix":3},"o":{"a":0,"k":100,"ix":4},"w":{"a":0,"k":1.952,"ix":5},"lc":2,"lj":2,"bm":0,"nm":"hvLottiePrimaryColor","cl":"hvLottiePrimaryColor","mn":"ADBE Vector Graphic - Stroke","hd":false},{"ind":2,"ty":"sh","ix":3,"ks":{"a":0,"k":{"i":[[0,0],[0,0]],"o":[[0,0],[0,0]],"v":[[14.038,51.886],[0.976,41.615]],"c":false},"ix":2},"nm":"Path 2","mn":"ADBE Vector Shape - Group","hd":false},{"ty":"st","c":{"a":0,"k":[0.411764705882,0.490196078431,0.976470588235,1],"ix":3},"o":{"a":0,"k":100,"ix":4},"w":{"a":0,"k":1.952,"ix":5},"lc":2,"lj":2,"bm":0,"nm":"hvLottiePrimaryColor","cl":"hvLottiePrimaryColor","mn":"ADBE Vector Graphic - Stroke","hd":false},{"ind":4,"ty":"sh","ix":5,"ks":{"a":0,"k":{"i":[[0,0],[-8.138,-8.186]],"o":[[0,0],[0,0]],"v":[[86.7,41.91],[103.609,41.91]],"c":false},"ix":2},"nm":"Path 3","mn":"ADBE Vector Shape - Group","hd":false},{"ty":"st","c":{"a":0,"k":[0.411764705882,0.490196078431,0.976470588235,1],"ix":3},"o":{"a":0,"k":100,"ix":4},"w":{"a":0,"k":1.952,"ix":5},"lc":2,"lj":2,"bm":0,"nm":"hvLottiePrimaryColor","cl":"hvLottiePrimaryColor","mn":"ADBE Vector Graphic - Stroke","hd":false},{"ind":6,"ty":"sh","ix":7,"ks":{"a":0,"k":{"i":[[0,-20.451],[20.451,0],[0,20.451],[-20.451,0]],"o":[[0,20.451],[-20.451,0],[0,-20.451],[20.451,0]],"v":[[177.669,41.91],[140.639,78.94],[103.608,41.91],[140.639,4.88]],"c":true},"ix":2},"nm":"Path 4","mn":"ADBE Vector Shape - Group","hd":false},{"ty":"st","c":{"a":0,"k":[0.411764705882,0.490196078431,0.976470588235,1],"ix":3},"o":{"a":0,"k":100,"ix":4},"w":{"a":0,"k":1.952,"ix":5},"lc":2,"lj":2,"bm":0,"nm":"hvLottiePrimaryColor","cl":"hvLottiePrimaryColor","mn":"ADBE Vector Graphic - Stroke","hd":false},{"ind":8,"ty":"sh","ix":9,"ks":{"a":0,"k":{"i":[[0,-20.451],[20.451,0],[0,20.451],[-20.451,0]],"o":[[0,20.451],[-20.451,0],[0,-20.451],[20.451,0]],"v":[[86.7,41.91],[49.67,78.94],[12.639,41.91],[49.67,4.88]],"c":true},"ix":2},"nm":"Path 5","mn":"ADBE Vector Shape - Group","hd":false},{"ty":"st","c":{"a":0,"k":[0.411764705882,0.490196078431,0.976470588235,1],"ix":3},"o":{"a":0,"k":100,"ix":4},"w":{"a":0,"k":1.952,"ix":5},"lc":2,"lj":2,"bm":0,"nm":"hvLottiePrimaryColor","cl":"hvLottiePrimaryColor","mn":"ADBE Vector Graphic - Stroke","hd":false}],"ip":0,"op":234,"st":0,"bm":0},{"ddd":0,"ind":5,"ty":4,"nm":"Mask Outlines 2","parent":6,"sr":1,"ks":{"o":{"a":1,"k":[{"i":{"x":[0.667],"y":[1]},"o":{"x":[0.333],"y":[0]},"t":76,"s":[0]},{"i":{"x":[0.667],"y":[1]},"o":{"x":[0.333],"y":[0]},"t":91,"s":[100]},{"i":{"x":[0.667],"y":[1]},"o":{"x":[0.333],"y":[0]},"t":106,"s":[0]},{"i":{"x":[0.667],"y":[1]},"o":{"x":[0.333],"y":[0]},"t":121,"s":[100]},{"t":136,"s":[0]}],"ix":11},"r":{"a":0,"k":0,"ix":10},"p":{"a":0,"k":[96.687,67.324,0],"ix":2,"l":2},"a":{"a":0,"k":[96.687,67.324,0],"ix":1,"l":2},"s":{"a":0,"k":[100,100,100],"ix":6,"l":2}},"ao":0,"shapes":[{"ty":"gr","it":[{"ind":0,"ty":"sh","ix":1,"ks":{"a":0,"k":{"i":[[-9.646,36.817],[-1.521,20.707],[16.11,4.71],[17.652,-0.382],[17.453,-5.935],[15.333,15.156],[-5.502,-17.816],[-26.097,0.565]],"o":[[4.726,-18.037],[-14.662,15.806],[-17.695,-5.173],[-17.652,0.383],[-15.891,5.403],[2.417,20.621],[11.232,36.365],[26.098,-0.566]],"v":[[87.496,-2.005],[96.437,-65.636],[47.564,-50.495],[-0.068,-66.692],[-46.953,-48.447],[-96.437,-61.457],[-84.748,1.727],[2.818,66.509]],"c":true},"ix":2},"nm":"Path 1","mn":"ADBE Vector Shape - Group","hd":false},{"ty":"tr","p":{"a":0,"k":[96.687,67.324],"ix":2},"a":{"a":0,"k":[0,0],"ix":1},"s":{"a":0,"k":[100,100],"ix":3},"r":{"a":0,"k":0,"ix":6},"o":{"a":0,"k":100,"ix":7},"sk":{"a":0,"k":0,"ix":4},"sa":{"a":0,"k":0,"ix":5},"nm":"Transform"}],"nm":"Group 1","np":1,"cix":2,"bm":0,"ix":1,"mn":"ADBE Vector Group","hd":false},{"ty":"st","c":{"a":0,"k":[0.956862745098,0.588235294118,0.588235294118,1],"ix":3},"o":{"a":0,"k":100,"ix":4},"w":{"a":0,"k":5,"ix":5},"lc":1,"lj":1,"ml":4,"bm":0,"nm":"Stroke 1","mn":"ADBE Vector Graphic - Stroke","hd":false}],"ip":76,"op":137,"st":0,"bm":0},{"ddd":0,"ind":6,"ty":4,"nm":"Mask Outlines","parent":8,"sr":1,"ks":{"o":{"a":0,"k":100,"ix":11},"r":{"a":1,"k":[{"i":{"x":[0.833],"y":[0.833]},"o":{"x":[0.167],"y":[0.167]},"t":27,"s":[-13]},{"i":{"x":[0.833],"y":[0.833]},"o":{"x":[0.167],"y":[0.167]},"t":32,"s":[-6]},{"i":{"x":[0.833],"y":[0.833]},"o":{"x":[0.167],"y":[0.167]},"t":45,"s":[10]},{"t":60,"s":[1]}],"ix":10},"p":{"a":1,"k":[{"i":{"x":0.667,"y":0.667},"o":{"x":0.333,"y":0.333},"t":0,"s":[0.661,44.545,0],"to":[0,0,0],"ti":[0,0,0]},{"i":{"x":0.28,"y":1},"o":{"x":0.333,"y":0},"t":126,"s":[0.661,44.545,0],"to":[-113.333,-2.333,0],"ti":[113.333,2.333,0]},{"t":156,"s":[-679.339,30.545,0]}],"ix":2,"l":2},"a":{"a":0,"k":[96.687,67.324,0],"ix":1,"l":2},"s":{"a":0,"k":[100,100,100],"ix":6,"l":2}},"ao":0,"shapes":[{"ty":"gr","it":[{"ind":0,"ty":"sh","ix":1,"ks":{"a":1,"k":[{"i":{"x":0.667,"y":1},"o":{"x":0.333,"y":0},"t":26,"s":[{"i":[[-9.646,36.817],[-1.521,20.707],[16.11,4.71],[17.652,-0.382],[17.453,-5.935],[15.333,15.156],[-5.502,-17.816],[-40.281,0.209]],"o":[[4.726,-18.037],[-14.662,15.806],[-17.695,-5.173],[-17.652,0.383],[-15.891,5.403],[2.417,20.621],[11.232,36.365],[26.104,-0.136]],"v":[[79.975,0.898],[91.193,-64.41],[47.564,-50.495],[-0.068,-66.692],[-46.953,-48.447],[-96.437,-61.457],[-84.748,1.727],[2.818,66.509]],"c":true}]},{"i":{"x":0.28,"y":1},"o":{"x":0.333,"y":0},"t":46,"s":[{"i":[[-9.646,36.817],[-1.521,20.707],[16.11,4.71],[17.652,-0.382],[17.453,-5.935],[15.333,15.156],[-5.502,-17.816],[-26.103,-0.015]],"o":[[4.726,-18.037],[-14.662,15.806],[-17.695,-5.173],[-17.652,0.383],[-15.891,5.403],[2.417,20.621],[11.232,36.365],[42.02,0.024]],"v":[[87.496,-2.005],[98.928,-65.843],[47.564,-50.495],[-0.068,-66.692],[-46.953,-48.447],[-91.371,-60.874],[-80.762,1.396],[2.818,66.509]],"c":true}]},{"t":75,"s":[{"i":[[-9.646,36.817],[-1.521,20.707],[16.11,4.71],[17.652,-0.382],[17.453,-5.935],[15.333,15.156],[-5.502,-17.816],[-26.097,0.565]],"o":[[4.726,-18.037],[-14.662,15.806],[-17.695,-5.173],[-17.652,0.383],[-15.891,5.403],[2.417,20.621],[11.232,36.365],[26.098,-0.566]],"v":[[87.496,-2.005],[96.437,-65.636],[47.564,-50.495],[-0.068,-66.692],[-46.953,-48.447],[-96.437,-61.457],[-84.748,1.727],[2.818,66.509]],"c":true}]}],"ix":2},"nm":"Path 1","mn":"ADBE Vector Shape - Group","hd":false},{"ty":"fl","c":{"a":0,"k":[0.411764705882,0.490196078431,0.976470588235,1],"ix":4},"o":{"a":0,"k":60,"ix":5},"r":1,"bm":0,"nm":"hvLottiePrimaryColor","cl":"hvLottiePrimaryColor","mn":"ADBE Vector Graphic - Fill","hd":false},{"ty":"tr","p":{"a":0,"k":[96.687,67.324],"ix":2},"a":{"a":0,"k":[0,0],"ix":1},"s":{"a":0,"k":[100,100],"ix":3},"r":{"a":0,"k":0,"ix":6},"o":{"a":0,"k":100,"ix":7},"sk":{"a":0,"k":0,"ix":4},"sa":{"a":0,"k":0,"ix":5},"nm":"Transform"}],"nm":"Group 1","np":2,"cix":2,"bm":0,"ix":1,"mn":"ADBE Vector Group","hd":false}],"ip":0,"op":234,"st":0,"bm":0},{"ddd":0,"ind":7,"ty":4,"nm":"Mask Outlines 3","parent":8,"sr":1,"ks":{"o":{"a":0,"k":100,"ix":11},"r":{"a":1,"k":[{"i":{"x":[0.833],"y":[0.833]},"o":{"x":[0.167],"y":[0.167]},"t":27,"s":[-13]},{"i":{"x":[0.833],"y":[0.833]},"o":{"x":[0.167],"y":[0.167]},"t":32,"s":[-6]},{"i":{"x":[0.833],"y":[0.833]},"o":{"x":[0.167],"y":[0.167]},"t":45,"s":[10]},{"t":60,"s":[1]}],"ix":10},"p":{"a":1,"k":[{"i":{"x":0.667,"y":0.667},"o":{"x":0.333,"y":0.333},"t":0,"s":[0.661,44.545,0],"to":[0,0,0],"ti":[0,0,0]},{"i":{"x":0.28,"y":1},"o":{"x":0.333,"y":0},"t":126,"s":[0.661,44.545,0],"to":[-113.333,-2.333,0],"ti":[113.333,2.333,0]},{"t":156,"s":[-679.339,30.545,0]}],"ix":2,"l":2},"a":{"a":0,"k":[96.687,67.324,0],"ix":1,"l":2},"s":{"a":0,"k":[100,100,100],"ix":6,"l":2}},"ao":0,"shapes":[{"ty":"gr","it":[{"ind":0,"ty":"sh","ix":1,"ks":{"a":1,"k":[{"i":{"x":0.667,"y":1},"o":{"x":0.333,"y":0},"t":26,"s":[{"i":[[-9.646,36.817],[-1.521,20.707],[16.11,4.71],[17.652,-0.382],[17.453,-5.935],[15.333,15.156],[-5.502,-17.816],[-40.281,0.209]],"o":[[4.726,-18.037],[-14.662,15.806],[-17.695,-5.173],[-17.652,0.383],[-15.891,5.403],[2.417,20.621],[11.232,36.365],[26.104,-0.136]],"v":[[79.975,0.898],[91.193,-64.41],[47.564,-50.495],[-0.068,-66.692],[-46.953,-48.447],[-96.437,-61.457],[-84.748,1.727],[2.818,66.509]],"c":true}]},{"i":{"x":0.28,"y":1},"o":{"x":0.333,"y":0},"t":46,"s":[{"i":[[-9.646,36.817],[-1.521,20.707],[16.11,4.71],[17.652,-0.382],[17.453,-5.935],[15.333,15.156],[-5.502,-17.816],[-26.103,-0.015]],"o":[[4.726,-18.037],[-14.662,15.806],[-17.695,-5.173],[-17.652,0.383],[-15.891,5.403],[2.417,20.621],[11.232,36.365],[42.02,0.024]],"v":[[87.496,-2.005],[98.928,-65.843],[47.564,-50.495],[-0.068,-66.692],[-46.953,-48.447],[-91.371,-60.874],[-80.762,1.396],[2.818,66.509]],"c":true}]},{"t":75,"s":[{"i":[[-9.646,36.817],[-1.521,20.707],[16.11,4.71],[17.652,-0.382],[17.453,-5.935],[15.333,15.156],[-5.502,-17.816],[-26.097,0.565]],"o":[[4.726,-18.037],[-14.662,15.806],[-17.695,-5.173],[-17.652,0.383],[-15.891,5.403],[2.417,20.621],[11.232,36.365],[26.098,-0.566]],"v":[[87.496,-2.005],[96.437,-65.636],[47.564,-50.495],[-0.068,-66.692],[-46.953,-48.447],[-96.437,-61.457],[-84.748,1.727],[2.818,66.509]],"c":true}]}],"ix":2},"nm":"Path 1","mn":"ADBE Vector Shape - Group","hd":false},{"ty":"fl","c":{"a":0,"k":[1,1,1,1],"ix":4},"o":{"a":0,"k":100,"ix":5},"r":1,"bm":0,"nm":"Fill","mn":"ADBE Vector Graphic - Fill","hd":false},{"ty":"tr","p":{"a":0,"k":[96.687,67.324],"ix":2},"a":{"a":0,"k":[0,0],"ix":1},"s":{"a":0,"k":[100,100],"ix":3},"r":{"a":0,"k":0,"ix":6},"o":{"a":0,"k":100,"ix":7},"sk":{"a":0,"k":0,"ix":4},"sa":{"a":0,"k":0,"ix":5},"nm":"Transform"}],"nm":"Group 1","np":2,"cix":2,"bm":0,"ix":1,"mn":"ADBE Vector Group","hd":false}],"ip":0,"op":234,"st":0,"bm":0},{"ddd":0,"ind":8,"ty":3,"nm":"Null 1","sr":1,"ks":{"o":{"a":0,"k":0,"ix":11},"r":{"a":0,"k":0,"ix":10},"p":{"a":1,"k":[{"i":{"x":0.667,"y":1},"o":{"x":0.333,"y":0},"t":26,"s":[542.951,630,0],"to":[-1.509,0,0],"ti":[0.509,0,0]},{"i":{"x":0.28,"y":1},"o":{"x":0.333,"y":0},"t":46,"s":[533.898,630,0],"to":[-0.509,0,0],"ti":[-1,0,0]},{"t":75,"s":[539.898,630,0]}],"ix":2,"l":2},"a":{"a":0,"k":[0,0,0],"ix":1,"l":2},"s":{"a":0,"k":[100,100,100],"ix":6,"l":2}},"ao":0,"ip":0,"op":234,"st":0,"bm":0},{"ddd":0,"ind":9,"ty":4,"nm":"Eyebrow R Outlines","parent":8,"sr":1,"ks":{"o":{"a":0,"k":100,"ix":11},"r":{"a":0,"k":0,"ix":10},"p":{"a":0,"k":[48.865,-90.485,0],"ix":2,"l":2},"a":{"a":0,"k":[25.684,8.048,0],"ix":1,"l":2},"s":{"a":0,"k":[100,100,100],"ix":6,"l":2}},"ao":0,"shapes":[{"ind":0,"ty":"sh","ix":1,"ks":{"a":0,"k":{"i":[[-0.047,-1.901],[0,0],[0,0],[0,0],[4.878,0.406],[0,0]],"o":[[0.116,4.689],[0,0],[0,0],[-4.378,-2.189],[0,0],[-1.891,-0.199]],"v":[[0.426,3.654],[0.25,15.845],[51.118,15.845],[33.851,6.056],[19.84,2.127],[3.897,0.449]],"c":true},"ix":2},"nm":"Path 1","mn":"ADBE Vector Shape - Group","hd":false},{"ty":"fl","c":{"a":0,"k":[0.16862745098,0.16862745098,0.16862745098,1],"ix":4},"o":{"a":0,"k":100,"ix":5},"r":1,"bm":0,"nm":"Fill 1","mn":"ADBE Vector Graphic - Fill","hd":false}],"ip":0,"op":234,"st":0,"bm":0},{"ddd":0,"ind":10,"ty":4,"nm":"Eyebrow L Outlines","parent":8,"sr":1,"ks":{"o":{"a":0,"k":100,"ix":11},"r":{"a":0,"k":0,"ix":10},"p":{"a":0,"k":[-44.865,-90.485,0],"ix":2,"l":2},"a":{"a":0,"k":[25.684,8.048,0],"ix":1,"l":2},"s":{"a":0,"k":[100,100,100],"ix":6,"l":2}},"ao":0,"shapes":[{"ind":0,"ty":"sh","ix":1,"ks":{"a":0,"k":{"i":[[0.047,-1.901],[0,0],[0,0],[0,0],[-4.878,0.406],[0,0]],"o":[[-0.116,4.689],[0,0],[0,0],[4.378,-2.189],[0,0],[1.891,-0.199]],"v":[[50.942,3.654],[51.118,15.845],[0.25,15.845],[17.517,6.056],[31.528,2.127],[47.471,0.449]],"c":true},"ix":2},"nm":"Path 1","mn":"ADBE Vector Shape - Group","hd":false},{"ty":"fl","c":{"a":0,"k":[0.16862745098,0.16862745098,0.16862745098,1],"ix":4},"o":{"a":0,"k":100,"ix":5},"r":1,"bm":0,"nm":"Fill 1","mn":"ADBE Vector Graphic - Fill","hd":false}],"ip":0,"op":234,"st":0,"bm":0},{"ddd":0,"ind":11,"ty":4,"nm":"Eyes Outlines","parent":8,"sr":1,"ks":{"o":{"a":0,"k":100,"ix":11},"r":{"a":0,"k":0,"ix":10},"p":{"a":0,"k":[2.25,-41.072,0],"ix":2,"l":2},"a":{"a":0,"k":[50.467,12.579,0],"ix":1,"l":2},"s":{"a":1,"k":[{"i":{"x":[0.833,0.833,0.833],"y":[1,1,1]},"o":{"x":[0.333,0.333,0.333],"y":[0,0,0]},"t":33,"s":[100,100,100]},{"i":{"x":[0.833,0.833,0.833],"y":[1,1,1]},"o":{"x":[0.167,0.167,0.167],"y":[0,0,0]},"t":39,"s":[100,30,100]},{"i":{"x":[0.667,0.667,0.667],"y":[1,1,1]},"o":{"x":[0.167,0.167,0.167],"y":[0,0,0]},"t":40,"s":[100,30,100]},{"i":{"x":[0.667,0.667,0.667],"y":[1,1,1]},"o":{"x":[0.333,0.333,0.333],"y":[0,0,0]},"t":46,"s":[100,100,100]},{"i":{"x":[0.833,0.833,0.833],"y":[1,1,1]},"o":{"x":[0.333,0.333,0.333],"y":[0,0,0]},"t":134,"s":[100,100,100]},{"i":{"x":[0.833,0.833,0.833],"y":[1,1,1]},"o":{"x":[0.167,0.167,0.167],"y":[0,0,0]},"t":140,"s":[100,30,100]},{"i":{"x":[0.667,0.667,0.667],"y":[1,1,1]},"o":{"x":[0.167,0.167,0.167],"y":[0,0,0]},"t":141,"s":[100,30,100]},{"t":147,"s":[100,100,100]}],"ix":6,"l":2}},"ao":0,"shapes":[{"ind":0,"ty":"sh","ix":1,"ks":{"a":0,"k":{"i":[[0,-4.876],[4.876,0],[0,4.876],[-4.876,0]],"o":[[0,4.876],[-4.876,0],[0,-4.876],[4.876,0]],"v":[[100.184,9.079],[91.355,17.908],[82.526,9.079],[91.355,0.25]],"c":true},"ix":2},"nm":"Path 2","mn":"ADBE Vector Shape - Group","hd":false},{"ty":"fl","c":{"a":0,"k":[0.16862745098,0.16862745098,0.16862745098,1],"ix":4},"o":{"a":0,"k":100,"ix":5},"r":1,"bm":0,"nm":"Fill 2","mn":"ADBE Vector Graphic - Fill","hd":false},{"ind":2,"ty":"sh","ix":3,"ks":{"a":0,"k":{"i":[[0,-4.876],[4.876,0],[0,4.876],[-4.876,0]],"o":[[0,4.876],[-4.876,0],[0,-4.876],[4.876,0]],"v":[[17.908,9.079],[9.079,17.908],[0.25,9.079],[9.079,0.25]],"c":true},"ix":2},"nm":"Path 1","mn":"ADBE Vector Shape - Group","hd":false},{"ty":"fl","c":{"a":0,"k":[0.16862745098,0.16862745098,0.16862745098,1],"ix":4},"o":{"a":0,"k":100,"ix":5},"r":1,"bm":0,"nm":"Fill 1","mn":"ADBE Vector Graphic - Fill","hd":false}],"ip":0,"op":234,"st":0,"bm":0},{"ddd":0,"ind":12,"ty":4,"nm":"Nose Outlines","parent":8,"sr":1,"ks":{"o":{"a":0,"k":100,"ix":11},"r":{"a":0,"k":0,"ix":10},"p":{"a":0,"k":[4.608,-6.885,0],"ix":2,"l":2},"a":{"a":0,"k":[19.363,31.994,0],"ix":1,"l":2},"s":{"a":0,"k":[100,100,100],"ix":6,"l":2}},"ao":0,"shapes":[{"ind":0,"ty":"sh","ix":1,"ks":{"a":0,"k":{"i":[[0,0],[0,0],[-0.388,-0.971],[-3.965,1.055],[0,0]],"o":[[0,0],[0,1.105],[1.523,3.809],[0,0],[0,0]],"v":[[9.865,9.865],[9.865,45.357],[10.466,48.49],[20.338,53.069],[28.862,50.802]],"c":false},"ix":2},"nm":"Path 1","mn":"ADBE Vector Shape - Group","hd":false},{"ty":"st","c":{"a":0,"k":[0.16862745098,0.16862745098,0.16862745098,1],"ix":3},"o":{"a":0,"k":100,"ix":4},"w":{"a":0,"k":3.946,"ix":5},"lc":2,"lj":2,"bm":0,"nm":"Stroke 1","mn":"ADBE Vector Graphic - Stroke","hd":false}],"ip":0,"op":234,"st":0,"bm":0},{"ddd":0,"ind":13,"ty":4,"nm":"Mouth Outlines","parent":8,"sr":1,"ks":{"o":{"a":0,"k":100,"ix":11},"r":{"a":0,"k":0,"ix":10},"p":{"a":0,"k":[2,33.239,0],"ix":2,"l":2},"a":{"a":0,"k":[39.566,14.731,0],"ix":1,"l":2},"s":{"a":0,"k":[100,100,100],"ix":6,"l":2}},"ao":0,"shapes":[{"ty":"gr","it":[{"ind":0,"ty":"sh","ix":1,"ks":{"a":1,"k":[{"i":{"x":0.28,"y":1},"o":{"x":0.333,"y":0},"t":145,"s":[{"i":[[0,0],[-13.261,-0.023],[0,0]],"o":[[0,0],[11.367,0.019],[0,0]],"v":[[-21.5,0.633],[1.133,4.867],[21.5,0.633]],"c":false}]},{"t":175,"s":[{"i":[[0,0],[-22.2,-0.151],[0,0]],"o":[[0,0],[21.175,0.144],[0,0]],"v":[[-36.625,-7.367],[1.075,9.242],[36.625,-7.367]],"c":false}]}],"ix":2},"nm":"Path 1","mn":"ADBE Vector Shape - Group","hd":false},{"ty":"st","c":{"a":0,"k":[0.16862745098,0.16862745098,0.16862745098,1],"ix":3},"o":{"a":0,"k":100,"ix":4},"w":{"a":0,"k":3.946,"ix":5},"lc":2,"lj":2,"bm":0,"nm":"Stroke 1","mn":"ADBE Vector Graphic - Stroke","hd":false},{"ty":"tr","p":{"a":0,"k":[39.566,14.731],"ix":2},"a":{"a":0,"k":[0,0],"ix":1},"s":{"a":0,"k":[100,100],"ix":3},"r":{"a":0,"k":0,"ix":6},"o":{"a":0,"k":100,"ix":7},"sk":{"a":0,"k":0,"ix":4},"sa":{"a":0,"k":0,"ix":5},"nm":"Transform"}],"nm":"Group 1","np":2,"cix":2,"bm":0,"ix":1,"mn":"ADBE Vector Group","hd":false}],"ip":0,"op":234,"st":0,"bm":0},{"ddd":0,"ind":14,"ty":4,"nm":"Head Outlines","sr":1,"ks":{"o":{"a":0,"k":100,"ix":11},"r":{"a":1,"k":[{"i":{"x":[0.833],"y":[1]},"o":{"x":[0.333],"y":[0]},"t":24,"s":[-9]},{"i":{"x":[0.28],"y":[1]},"o":{"x":[0.167],"y":[0]},"t":44,"s":[5]},{"t":74,"s":[0]}],"ix":10},"p":{"a":0,"k":[537.93,724.001,0],"ix":2,"l":2},"a":{"a":0,"k":[137.894,328.012,0],"ix":1,"l":2},"s":{"a":0,"k":[100,100,100],"ix":6,"l":2}},"ao":0,"shapes":[{"ty":"gr","it":[{"ind":0,"ty":"sh","ix":1,"ks":{"a":0,"k":{"i":[[49.672,-0.742],[0.655,-1.199],[0.064,-0.021],[15.949,-33.44],[-5.931,-17.476],[-1.968,-7.578],[0,0],[-3.784,6.327],[-27.455,-18.397],[-50.588,27.123],[0,0],[-2.68,14.175],[0,0]],"o":[[-59.36,0.886],[-0.065,0.021],[-2.292,-0.832],[-13.666,28.651],[1.856,7.899],[0,0],[1.044,-7.357],[4.756,-7.784],[30.009,20.107],[0,0],[4.725,-14.695],[0,0],[37.575,-112.632]],"v":[[12.067,-93.992],[-69.219,-53.78],[-69.419,-53.719],[-120.467,-32.338],[-112.292,66.633],[-106.443,89.93],[-97.52,27.029],[-90.165,6.315],[-39.023,-9.641],[76.674,13.949],[85.061,94.734],[96.557,51.171],[96.558,51.174]],"c":true},"ix":2},"nm":"Path 1","mn":"ADBE Vector Shape - Group","hd":false},{"ty":"gr","it":[{"ty":"tr","p":{"a":0,"k":[0,0],"ix":2},"a":{"a":0,"k":[0,0],"ix":1},"s":{"a":0,"k":[100,100],"ix":3},"r":{"a":0,"k":0,"ix":6},"o":{"a":0,"k":100,"ix":7},"sk":{"a":0,"k":0,"ix":4},"sa":{"a":0,"k":0,"ix":5},"nm":"Transform"}],"nm":"Group 1","np":0,"cix":2,"bm":0,"ix":2,"mn":"ADBE Vector Group","hd":false},{"ty":"mm","mm":4,"nm":"Merge Paths 1","mn":"ADBE Vector Filter - Merge","hd":false},{"ty":"fl","c":{"a":0,"k":[0.16862745098,0.16862745098,0.16862745098,1],"ix":4},"o":{"a":0,"k":100,"ix":5},"r":1,"bm":0,"nm":"Fill 1","mn":"ADBE Vector Graphic - Fill","hd":false},{"ty":"tr","p":{"a":0,"k":[149.405,94.984],"ix":2},"a":{"a":0,"k":[0,0],"ix":1},"s":{"a":0,"k":[100,100],"ix":3},"r":{"a":0,"k":0,"ix":6},"o":{"a":0,"k":100,"ix":7},"sk":{"a":0,"k":0,"ix":4},"sa":{"a":0,"k":0,"ix":5},"nm":"Transform"}],"nm":"Group 1","np":4,"cix":2,"bm":0,"ix":1,"mn":"ADBE Vector Group","hd":false},{"ty":"gr","it":[{"ind":0,"ty":"sh","ix":1,"ks":{"a":0,"k":{"i":[[0,0],[11.827,-6.989],[-8.064,-12.902],[-7.201,9.908]],"o":[[0,0],[-11.827,6.989],[8.064,12.902],[0,0]],"v":[[13.568,-21.572],[-8.227,-28.993],[-8.227,16.703],[20.054,26.074]],"c":false},"ix":2},"nm":"Path 1","mn":"ADBE Vector Shape - Group","hd":false},{"ty":"st","c":{"a":0,"k":[0.16862745098,0.16862745098,0.16862745098,1],"ix":3},"o":{"a":0,"k":100,"ix":4},"w":{"a":0,"k":4.169,"ix":5},"lc":1,"lj":1,"ml":10,"bm":0,"nm":"Stroke 1","mn":"ADBE Vector Graphic - Stroke","hd":false},{"ty":"tr","p":{"a":0,"k":[30.477,210.353],"ix":2},"a":{"a":0,"k":[0,0],"ix":1},"s":{"a":0,"k":[100,100],"ix":3},"r":{"a":0,"k":0,"ix":6},"o":{"a":0,"k":100,"ix":7},"sk":{"a":0,"k":0,"ix":4},"sa":{"a":0,"k":0,"ix":5},"nm":"Transform"}],"nm":"Group 2","np":2,"cix":2,"bm":0,"ix":2,"mn":"ADBE Vector Group","hd":false},{"ty":"gr","it":[{"ind":0,"ty":"sh","ix":1,"ks":{"a":0,"k":{"i":[[0,0],[-11.828,-6.989],[8.063,-12.902],[7.2,9.908]],"o":[[0,0],[11.827,6.989],[-8.064,12.902],[0,0]],"v":[[-13.568,-21.572],[8.227,-28.993],[8.227,16.703],[-20.054,26.074]],"c":false},"ix":2},"nm":"Path 1","mn":"ADBE Vector Shape - Group","hd":false},{"ty":"st","c":{"a":0,"k":[0.16862745098,0.16862745098,0.16862745098,1],"ix":3},"o":{"a":0,"k":100,"ix":4},"w":{"a":0,"k":4.169,"ix":5},"lc":1,"lj":1,"ml":10,"bm":0,"nm":"Stroke 1","mn":"ADBE Vector Graphic - Stroke","hd":false},{"ty":"tr","p":{"a":0,"k":[249.453,210.353],"ix":2},"a":{"a":0,"k":[0,0],"ix":1},"s":{"a":0,"k":[100,100],"ix":3},"r":{"a":0,"k":0,"ix":6},"o":{"a":0,"k":100,"ix":7},"sk":{"a":0,"k":0,"ix":4},"sa":{"a":0,"k":0,"ix":5},"nm":"Transform"}],"nm":"Group 3","np":2,"cix":2,"bm":0,"ix":3,"mn":"ADBE Vector Group","hd":false},{"ty":"gr","it":[{"ind":0,"ty":"sh","ix":1,"ks":{"a":0,"k":{"i":[[0,0],[106.481,0],[0,0],[-106.684,0]],"o":[[0,0],[-106.481,0],[0,0],[99.295,0]],"v":[[94.65,-35.693],[0,140.441],[-97.936,-35.693],[3.606,-140.441]],"c":true},"ix":2},"nm":"Path 1","mn":"ADBE Vector Shape - Group","hd":false},{"ty":"st","c":{"a":0,"k":[0.16862745098,0.16862745098,0.16862745098,1],"ix":3},"o":{"a":0,"k":100,"ix":4},"w":{"a":0,"k":3.946,"ix":5},"lc":2,"lj":2,"bm":0,"nm":"Stroke 1","mn":"ADBE Vector Graphic - Stroke","hd":false},{"ty":"tr","p":{"a":0,"k":[141.265,189.719],"ix":2},"a":{"a":0,"k":[0,0],"ix":1},"s":{"a":0,"k":[100,100],"ix":3},"r":{"a":0,"k":0,"ix":6},"o":{"a":0,"k":100,"ix":7},"sk":{"a":0,"k":0,"ix":4},"sa":{"a":0,"k":0,"ix":5},"nm":"Transform"}],"nm":"Group 4","np":2,"cix":2,"bm":0,"ix":4,"mn":"ADBE Vector Group","hd":false},{"ty":"gr","it":[{"ind":0,"ty":"sh","ix":1,"ks":{"a":0,"k":{"i":[[0,0],[-9.459,-19.625]],"o":[[0,0],[0,0]],"v":[[-11.393,-5.366],[11.393,9.812]],"c":false},"ix":2},"nm":"Path 1","mn":"ADBE Vector Shape - Group","hd":false},{"ty":"st","c":{"a":0,"k":[0.16862745098,0.16862745098,0.16862745098,1],"ix":3},"o":{"a":0,"k":100,"ix":4},"w":{"a":0,"k":2.084,"ix":5},"lc":2,"lj":2,"bm":0,"nm":"Stroke 1","mn":"ADBE Vector Graphic - Stroke","hd":false},{"ty":"tr","p":{"a":0,"k":[34.938,202.857],"ix":2},"a":{"a":0,"k":[0,0],"ix":1},"s":{"a":0,"k":[100,100],"ix":3},"r":{"a":0,"k":0,"ix":6},"o":{"a":0,"k":100,"ix":7},"sk":{"a":0,"k":0,"ix":4},"sa":{"a":0,"k":0,"ix":5},"nm":"Transform"}],"nm":"Group 5","np":2,"cix":2,"bm":0,"ix":5,"mn":"ADBE Vector Group","hd":false},{"ty":"gr","it":[{"ind":0,"ty":"sh","ix":1,"ks":{"a":0,"k":{"i":[[0,0],[-9.578,-11.657]],"o":[[0,0],[0,0]],"v":[[7.251,-9.707],[2.327,9.707]],"c":false},"ix":2},"nm":"Path 1","mn":"ADBE Vector Shape - Group","hd":false},{"ty":"st","c":{"a":0,"k":[0.16862745098,0.16862745098,0.16862745098,1],"ix":3},"o":{"a":0,"k":100,"ix":4},"w":{"a":0,"k":2.084,"ix":5},"lc":2,"lj":2,"bm":0,"nm":"Stroke 1","mn":"ADBE Vector Graphic - Stroke","hd":false},{"ty":"tr","p":{"a":0,"k":[32.61,212.774],"ix":2},"a":{"a":0,"k":[0,0],"ix":1},"s":{"a":0,"k":[100,100],"ix":3},"r":{"a":0,"k":0,"ix":6},"o":{"a":0,"k":100,"ix":7},"sk":{"a":0,"k":0,"ix":4},"sa":{"a":0,"k":0,"ix":5},"nm":"Transform"}],"nm":"Group 6","np":2,"cix":2,"bm":0,"ix":6,"mn":"ADBE Vector Group","hd":false},{"ty":"gr","it":[{"ind":0,"ty":"sh","ix":1,"ks":{"a":0,"k":{"i":[[0,0],[9.459,-19.625]],"o":[[0,0],[0,0]],"v":[[11.393,-5.366],[-11.393,9.812]],"c":false},"ix":2},"nm":"Path 1","mn":"ADBE Vector Shape - Group","hd":false},{"ty":"st","c":{"a":0,"k":[0.16862745098,0.16862745098,0.16862745098,1],"ix":3},"o":{"a":0,"k":100,"ix":4},"w":{"a":0,"k":2.084,"ix":5},"lc":2,"lj":2,"bm":0,"nm":"Stroke 1","mn":"ADBE Vector Graphic - Stroke","hd":false},{"ty":"tr","p":{"a":0,"k":[244.992,202.857],"ix":2},"a":{"a":0,"k":[0,0],"ix":1},"s":{"a":0,"k":[100,100],"ix":3},"r":{"a":0,"k":0,"ix":6},"o":{"a":0,"k":100,"ix":7},"sk":{"a":0,"k":0,"ix":4},"sa":{"a":0,"k":0,"ix":5},"nm":"Transform"}],"nm":"Group 7","np":2,"cix":2,"bm":0,"ix":7,"mn":"ADBE Vector Group","hd":false},{"ty":"gr","it":[{"ind":0,"ty":"sh","ix":1,"ks":{"a":0,"k":{"i":[[0,0],[9.578,-11.657]],"o":[[0,0],[0,0]],"v":[[-7.25,-9.707],[-2.328,9.707]],"c":false},"ix":2},"nm":"Path 1","mn":"ADBE Vector Shape - Group","hd":false},{"ty":"st","c":{"a":0,"k":[0.16862745098,0.16862745098,0.16862745098,1],"ix":3},"o":{"a":0,"k":100,"ix":4},"w":{"a":0,"k":2.084,"ix":5},"lc":2,"lj":2,"bm":0,"nm":"Stroke 1","mn":"ADBE Vector Graphic - Stroke","hd":false},{"ty":"tr","p":{"a":0,"k":[247.319,212.774],"ix":2},"a":{"a":0,"k":[0,0],"ix":1},"s":{"a":0,"k":[100,100],"ix":3},"r":{"a":0,"k":0,"ix":6},"o":{"a":0,"k":100,"ix":7},"sk":{"a":0,"k":0,"ix":4},"sa":{"a":0,"k":0,"ix":5},"nm":"Transform"}],"nm":"Group 8","np":2,"cix":2,"bm":0,"ix":8,"mn":"ADBE Vector Group","hd":false}],"ip":0,"op":234,"st":0,"bm":0},{"ddd":0,"ind":16,"ty":4,"nm":"Face_White Outlines 2","td":1,"sr":1,"ks":{"o":{"a":0,"k":100,"ix":11},"r":{"a":0,"k":0,"ix":10},"p":{"a":0,"k":[540,585.707,0],"ix":2,"l":2},"a":{"a":0,"k":[129.792,140.691,0],"ix":1,"l":2},"s":{"a":0,"k":[100,100,100],"ix":6,"l":2}},"ao":0,"shapes":[{"ty":"gr","it":[{"ind":0,"ty":"sh","ix":1,"ks":{"a":0,"k":{"i":[[0,0],[11.827,-6.989],[-8.064,-12.902],[-7.201,9.908]],"o":[[0,0],[-11.827,6.989],[8.064,12.902],[0,0]],"v":[[13.568,-21.572],[-8.227,-28.993],[-8.227,16.703],[20.054,26.074]],"c":false},"ix":2},"nm":"Path 1","mn":"ADBE Vector Shape - Group","hd":false},{"ty":"fl","c":{"a":0,"k":[1,1,1,1],"ix":4},"o":{"a":0,"k":100,"ix":5},"r":1,"bm":0,"nm":"Fill 1","mn":"ADBE Vector Graphic - Fill","hd":false},{"ty":"tr","p":{"a":0,"k":[20.304,161.326],"ix":2},"a":{"a":0,"k":[0,0],"ix":1},"s":{"a":0,"k":[100,100],"ix":3},"r":{"a":0,"k":0,"ix":6},"o":{"a":0,"k":100,"ix":7},"sk":{"a":0,"k":0,"ix":4},"sa":{"a":0,"k":0,"ix":5},"nm":"Transform"}],"nm":"Group 1","np":4,"cix":2,"bm":0,"ix":1,"mn":"ADBE Vector Group","hd":false},{"ty":"gr","it":[{"ind":0,"ty":"sh","ix":1,"ks":{"a":0,"k":{"i":[[0,0],[-11.828,-6.989],[8.063,-12.902],[7.2,9.908]],"o":[[0,0],[11.827,6.989],[-8.064,12.902],[0,0]],"v":[[-13.568,-21.572],[8.227,-28.993],[8.227,16.703],[-20.054,26.074]],"c":false},"ix":2},"nm":"Path 1","mn":"ADBE Vector Shape - Group","hd":false},{"ty":"fl","c":{"a":0,"k":[1,1,1,1],"ix":4},"o":{"a":0,"k":100,"ix":5},"r":1,"bm":0,"nm":"Fill 1","mn":"ADBE Vector Graphic - Fill","hd":false},{"ty":"tr","p":{"a":0,"k":[239.281,161.326],"ix":2},"a":{"a":0,"k":[0,0],"ix":1},"s":{"a":0,"k":[100,100],"ix":3},"r":{"a":0,"k":0,"ix":6},"o":{"a":0,"k":100,"ix":7},"sk":{"a":0,"k":0,"ix":4},"sa":{"a":0,"k":0,"ix":5},"nm":"Transform"}],"nm":"Group 2","np":4,"cix":2,"bm":0,"ix":2,"mn":"ADBE Vector Group","hd":false},{"ty":"gr","it":[{"ind":0,"ty":"sh","ix":1,"ks":{"a":0,"k":{"i":[[0,0],[106.481,0],[0,0],[-106.684,0]],"o":[[0,0],[-106.481,0],[0,0],[99.295,0]],"v":[[94.65,-35.693],[0,140.441],[-97.936,-35.693],[3.606,-140.441]],"c":true},"ix":2},"nm":"Path 1","mn":"ADBE Vector Shape - Group","hd":false},{"ty":"fl","c":{"a":0,"k":[1,1,1,1],"ix":4},"o":{"a":0,"k":100,"ix":5},"r":1,"bm":0,"nm":"Fill 1","mn":"ADBE Vector Graphic - Fill","hd":false},{"ty":"tr","p":{"a":0,"k":[131.093,140.691],"ix":2},"a":{"a":0,"k":[0,0],"ix":1},"s":{"a":0,"k":[100,100],"ix":3},"r":{"a":0,"k":0,"ix":6},"o":{"a":0,"k":100,"ix":7},"sk":{"a":0,"k":0,"ix":4},"sa":{"a":0,"k":0,"ix":5},"nm":"Transform"}],"nm":"Group 3","np":4,"cix":2,"bm":0,"ix":3,"mn":"ADBE Vector Group","hd":false},{"ty":"gr","it":[{"ind":0,"ty":"sh","ix":1,"ks":{"a":0,"k":{"i":[[0,0],[-9.459,-19.625]],"o":[[0,0],[0,0]],"v":[[-11.393,-5.366],[11.393,9.812]],"c":false},"ix":2},"nm":"Path 1","mn":"ADBE Vector Shape - Group","hd":false},{"ty":"fl","c":{"a":0,"k":[1,1,1,1],"ix":4},"o":{"a":0,"k":100,"ix":5},"r":1,"bm":0,"nm":"Fill 1","mn":"ADBE Vector Graphic - Fill","hd":false},{"ty":"tr","p":{"a":0,"k":[24.766,153.829],"ix":2},"a":{"a":0,"k":[0,0],"ix":1},"s":{"a":0,"k":[100,100],"ix":3},"r":{"a":0,"k":0,"ix":6},"o":{"a":0,"k":100,"ix":7},"sk":{"a":0,"k":0,"ix":4},"sa":{"a":0,"k":0,"ix":5},"nm":"Transform"}],"nm":"Group 4","np":4,"cix":2,"bm":0,"ix":4,"mn":"ADBE Vector Group","hd":false},{"ty":"gr","it":[{"ind":0,"ty":"sh","ix":1,"ks":{"a":0,"k":{"i":[[0,0],[-9.578,-11.657]],"o":[[0,0],[0,0]],"v":[[7.251,-9.707],[2.327,9.707]],"c":false},"ix":2},"nm":"Path 1","mn":"ADBE Vector Shape - Group","hd":false},{"ty":"fl","c":{"a":0,"k":[1,1,1,1],"ix":4},"o":{"a":0,"k":100,"ix":5},"r":1,"bm":0,"nm":"Fill 1","mn":"ADBE Vector Graphic - Fill","hd":false},{"ty":"tr","p":{"a":0,"k":[22.438,163.747],"ix":2},"a":{"a":0,"k":[0,0],"ix":1},"s":{"a":0,"k":[100,100],"ix":3},"r":{"a":0,"k":0,"ix":6},"o":{"a":0,"k":100,"ix":7},"sk":{"a":0,"k":0,"ix":4},"sa":{"a":0,"k":0,"ix":5},"nm":"Transform"}],"nm":"Group 5","np":4,"cix":2,"bm":0,"ix":5,"mn":"ADBE Vector Group","hd":false},{"ty":"gr","it":[{"ind":0,"ty":"sh","ix":1,"ks":{"a":0,"k":{"i":[[0,0],[9.459,-19.625]],"o":[[0,0],[0,0]],"v":[[11.393,-5.366],[-11.393,9.812]],"c":false},"ix":2},"nm":"Path 1","mn":"ADBE Vector Shape - Group","hd":false},{"ty":"fl","c":{"a":0,"k":[1,1,1,1],"ix":4},"o":{"a":0,"k":100,"ix":5},"r":1,"bm":0,"nm":"Fill 1","mn":"ADBE Vector Graphic - Fill","hd":false},{"ty":"tr","p":{"a":0,"k":[234.819,153.829],"ix":2},"a":{"a":0,"k":[0,0],"ix":1},"s":{"a":0,"k":[100,100],"ix":3},"r":{"a":0,"k":0,"ix":6},"o":{"a":0,"k":100,"ix":7},"sk":{"a":0,"k":0,"ix":4},"sa":{"a":0,"k":0,"ix":5},"nm":"Transform"}],"nm":"Group 6","np":4,"cix":2,"bm":0,"ix":6,"mn":"ADBE Vector Group","hd":false},{"ty":"gr","it":[{"ind":0,"ty":"sh","ix":1,"ks":{"a":0,"k":{"i":[[0,0],[9.578,-11.657]],"o":[[0,0],[0,0]],"v":[[-7.25,-9.707],[-2.328,9.707]],"c":false},"ix":2},"nm":"Path 1","mn":"ADBE Vector Shape - Group","hd":false},{"ty":"fl","c":{"a":0,"k":[1,1,1,1],"ix":4},"o":{"a":0,"k":100,"ix":5},"r":1,"bm":0,"nm":"Fill 1","mn":"ADBE Vector Graphic - Fill","hd":false},{"ty":"tr","p":{"a":0,"k":[237.147,163.747],"ix":2},"a":{"a":0,"k":[0,0],"ix":1},"s":{"a":0,"k":[100,100],"ix":3},"r":{"a":0,"k":0,"ix":6},"o":{"a":0,"k":100,"ix":7},"sk":{"a":0,"k":0,"ix":4},"sa":{"a":0,"k":0,"ix":5},"nm":"Transform"}],"nm":"Group 7","np":4,"cix":2,"bm":0,"ix":7,"mn":"ADBE Vector Group","hd":false}],"ip":0,"op":234,"st":0,"bm":0},{"ddd":0,"ind":17,"ty":4,"nm":"Face Shadow Outlines","tt":2,"sr":1,"ks":{"o":{"a":0,"k":100,"ix":11},"r":{"a":0,"k":0,"ix":10},"p":{"a":0,"k":[539.322,712.062,0],"ix":2,"l":2},"a":{"a":0,"k":[65.418,47.35,0],"ix":1,"l":2},"s":{"a":0,"k":[100,100,100],"ix":6,"l":2}},"ao":0,"shapes":[{"ty":"gr","it":[{"ind":0,"ty":"sh","ix":1,"ks":{"a":1,"k":[{"i":{"x":0.667,"y":1},"o":{"x":0.333,"y":0},"t":24,"s":[{"i":[[0,0],[-30.964,-17.644],[-15.259,20.9],[0,22.561],[36.969,-1.533]],"o":[[0,0],[22.483,12.811],[7.611,-10.424],[0,0],[-36.968,1.532]],"v":[[-65.168,-41.349],[-15.065,33.289],[51.758,20.231],[65.168,-47.1],[3.405,-12.914]],"c":true}]},{"i":{"x":0.28,"y":1},"o":{"x":0.333,"y":0},"t":44,"s":[{"i":[[0,0],[-30.964,-17.644],[-15.259,20.9],[0,22.561],[36.969,-1.533]],"o":[[0,0],[22.483,12.811],[7.611,-10.424],[0,0],[-36.968,1.532]],"v":[[-65.168,-41.349],[-23.065,34.289],[43.758,21.231],[65.168,-47.1],[3.405,-12.914]],"c":true}]},{"t":75,"s":[{"i":[[0,0],[-30.964,-17.644],[-15.259,20.9],[0,22.561],[36.969,-1.533]],"o":[[0,0],[22.483,12.811],[7.611,-10.424],[0,0],[-36.968,1.532]],"v":[[-65.168,-41.349],[-15.065,34.289],[51.758,21.231],[65.168,-47.1],[3.405,-12.914]],"c":true}]}],"ix":2},"nm":"Path 1","mn":"ADBE Vector Shape - Group","hd":false},{"ty":"fl","c":{"a":0,"k":[0.16862745098,0.16862745098,0.16862745098,1],"ix":4},"o":{"a":0,"k":60,"ix":5},"r":1,"bm":0,"nm":"hvLottiePrimaryColor","cl":"hvLottiePrimaryColor","mn":"ADBE Vector Graphic - Fill","hd":false},{"ty":"tr","p":{"a":0,"k":[65.418,47.35],"ix":2},"a":{"a":0,"k":[0,0],"ix":1},"s":{"a":0,"k":[100,100],"ix":3},"r":{"a":0,"k":0,"ix":6},"o":{"a":0,"k":100,"ix":7},"sk":{"a":0,"k":0,"ix":4},"sa":{"a":0,"k":0,"ix":5},"nm":"Transform"}],"nm":"Group 1","np":2,"cix":2,"bm":0,"ix":1,"mn":"ADBE Vector Group","hd":false}],"ip":0,"op":234,"st":0,"bm":0},{"ddd":0,"ind":18,"ty":4,"nm":"Face_White Outlines","td":1,"sr":1,"ks":{"o":{"a":0,"k":100,"ix":11},"r":{"a":0,"k":0,"ix":10},"p":{"a":0,"k":[540,585.707,0],"ix":2,"l":2},"a":{"a":0,"k":[129.792,140.691,0],"ix":1,"l":2},"s":{"a":0,"k":[100,100,100],"ix":6,"l":2}},"ao":0,"shapes":[{"ty":"gr","it":[{"ind":0,"ty":"sh","ix":1,"ks":{"a":0,"k":{"i":[[0,0],[11.827,-6.989],[-8.064,-12.902],[-7.201,9.908]],"o":[[0,0],[-11.827,6.989],[8.064,12.902],[0,0]],"v":[[13.568,-21.572],[-8.227,-28.993],[-8.227,16.703],[20.054,26.074]],"c":false},"ix":2},"nm":"Path 1","mn":"ADBE Vector Shape - Group","hd":false},{"ty":"fl","c":{"a":0,"k":[1,1,1,1],"ix":4},"o":{"a":0,"k":100,"ix":5},"r":1,"bm":0,"nm":"Fill 1","mn":"ADBE Vector Graphic - Fill","hd":false},{"ty":"tr","p":{"a":0,"k":[20.304,161.326],"ix":2},"a":{"a":0,"k":[0,0],"ix":1},"s":{"a":0,"k":[100,100],"ix":3},"r":{"a":0,"k":0,"ix":6},"o":{"a":0,"k":100,"ix":7},"sk":{"a":0,"k":0,"ix":4},"sa":{"a":0,"k":0,"ix":5},"nm":"Transform"}],"nm":"Group 1","np":4,"cix":2,"bm":0,"ix":1,"mn":"ADBE Vector Group","hd":false},{"ty":"gr","it":[{"ind":0,"ty":"sh","ix":1,"ks":{"a":0,"k":{"i":[[0,0],[-11.828,-6.989],[8.063,-12.902],[7.2,9.908]],"o":[[0,0],[11.827,6.989],[-8.064,12.902],[0,0]],"v":[[-13.568,-21.572],[8.227,-28.993],[8.227,16.703],[-20.054,26.074]],"c":false},"ix":2},"nm":"Path 1","mn":"ADBE Vector Shape - Group","hd":false},{"ty":"fl","c":{"a":0,"k":[1,1,1,1],"ix":4},"o":{"a":0,"k":100,"ix":5},"r":1,"bm":0,"nm":"Fill 1","mn":"ADBE Vector Graphic - Fill","hd":false},{"ty":"tr","p":{"a":0,"k":[239.281,161.326],"ix":2},"a":{"a":0,"k":[0,0],"ix":1},"s":{"a":0,"k":[100,100],"ix":3},"r":{"a":0,"k":0,"ix":6},"o":{"a":0,"k":100,"ix":7},"sk":{"a":0,"k":0,"ix":4},"sa":{"a":0,"k":0,"ix":5},"nm":"Transform"}],"nm":"Group 2","np":4,"cix":2,"bm":0,"ix":2,"mn":"ADBE Vector Group","hd":false},{"ty":"gr","it":[{"ind":0,"ty":"sh","ix":1,"ks":{"a":0,"k":{"i":[[0,0],[106.481,0],[0,0],[-106.684,0]],"o":[[0,0],[-106.481,0],[0,0],[99.295,0]],"v":[[94.65,-35.693],[0,140.441],[-97.936,-35.693],[3.606,-140.441]],"c":true},"ix":2},"nm":"Path 1","mn":"ADBE Vector Shape - Group","hd":false},{"ty":"fl","c":{"a":0,"k":[1,1,1,1],"ix":4},"o":{"a":0,"k":100,"ix":5},"r":1,"bm":0,"nm":"Fill 1","mn":"ADBE Vector Graphic - Fill","hd":false},{"ty":"tr","p":{"a":0,"k":[131.093,140.691],"ix":2},"a":{"a":0,"k":[0,0],"ix":1},"s":{"a":0,"k":[100,100],"ix":3},"r":{"a":0,"k":0,"ix":6},"o":{"a":0,"k":100,"ix":7},"sk":{"a":0,"k":0,"ix":4},"sa":{"a":0,"k":0,"ix":5},"nm":"Transform"}],"nm":"Group 3","np":4,"cix":2,"bm":0,"ix":3,"mn":"ADBE Vector Group","hd":false},{"ty":"gr","it":[{"ind":0,"ty":"sh","ix":1,"ks":{"a":0,"k":{"i":[[0,0],[-9.459,-19.625]],"o":[[0,0],[0,0]],"v":[[-11.393,-5.366],[11.393,9.812]],"c":false},"ix":2},"nm":"Path 1","mn":"ADBE Vector Shape - Group","hd":false},{"ty":"fl","c":{"a":0,"k":[1,1,1,1],"ix":4},"o":{"a":0,"k":100,"ix":5},"r":1,"bm":0,"nm":"Fill 1","mn":"ADBE Vector Graphic - Fill","hd":false},{"ty":"tr","p":{"a":0,"k":[24.766,153.829],"ix":2},"a":{"a":0,"k":[0,0],"ix":1},"s":{"a":0,"k":[100,100],"ix":3},"r":{"a":0,"k":0,"ix":6},"o":{"a":0,"k":100,"ix":7},"sk":{"a":0,"k":0,"ix":4},"sa":{"a":0,"k":0,"ix":5},"nm":"Transform"}],"nm":"Group 4","np":4,"cix":2,"bm":0,"ix":4,"mn":"ADBE Vector Group","hd":false},{"ty":"gr","it":[{"ind":0,"ty":"sh","ix":1,"ks":{"a":0,"k":{"i":[[0,0],[-9.578,-11.657]],"o":[[0,0],[0,0]],"v":[[7.251,-9.707],[2.327,9.707]],"c":false},"ix":2},"nm":"Path 1","mn":"ADBE Vector Shape - Group","hd":false},{"ty":"fl","c":{"a":0,"k":[1,1,1,1],"ix":4},"o":{"a":0,"k":100,"ix":5},"r":1,"bm":0,"nm":"Fill 1","mn":"ADBE Vector Graphic - Fill","hd":false},{"ty":"tr","p":{"a":0,"k":[22.438,163.747],"ix":2},"a":{"a":0,"k":[0,0],"ix":1},"s":{"a":0,"k":[100,100],"ix":3},"r":{"a":0,"k":0,"ix":6},"o":{"a":0,"k":100,"ix":7},"sk":{"a":0,"k":0,"ix":4},"sa":{"a":0,"k":0,"ix":5},"nm":"Transform"}],"nm":"Group 5","np":4,"cix":2,"bm":0,"ix":5,"mn":"ADBE Vector Group","hd":false},{"ty":"gr","it":[{"ind":0,"ty":"sh","ix":1,"ks":{"a":0,"k":{"i":[[0,0],[9.459,-19.625]],"o":[[0,0],[0,0]],"v":[[11.393,-5.366],[-11.393,9.812]],"c":false},"ix":2},"nm":"Path 1","mn":"ADBE Vector Shape - Group","hd":false},{"ty":"fl","c":{"a":0,"k":[1,1,1,1],"ix":4},"o":{"a":0,"k":100,"ix":5},"r":1,"bm":0,"nm":"Fill 1","mn":"ADBE Vector Graphic - Fill","hd":false},{"ty":"tr","p":{"a":0,"k":[234.819,153.829],"ix":2},"a":{"a":0,"k":[0,0],"ix":1},"s":{"a":0,"k":[100,100],"ix":3},"r":{"a":0,"k":0,"ix":6},"o":{"a":0,"k":100,"ix":7},"sk":{"a":0,"k":0,"ix":4},"sa":{"a":0,"k":0,"ix":5},"nm":"Transform"}],"nm":"Group 6","np":4,"cix":2,"bm":0,"ix":6,"mn":"ADBE Vector Group","hd":false},{"ty":"gr","it":[{"ind":0,"ty":"sh","ix":1,"ks":{"a":0,"k":{"i":[[0,0],[9.578,-11.657]],"o":[[0,0],[0,0]],"v":[[-7.25,-9.707],[-2.328,9.707]],"c":false},"ix":2},"nm":"Path 1","mn":"ADBE Vector Shape - Group","hd":false},{"ty":"fl","c":{"a":0,"k":[1,1,1,1],"ix":4},"o":{"a":0,"k":100,"ix":5},"r":1,"bm":0,"nm":"Fill 1","mn":"ADBE Vector Graphic - Fill","hd":false},{"ty":"tr","p":{"a":0,"k":[237.147,163.747],"ix":2},"a":{"a":0,"k":[0,0],"ix":1},"s":{"a":0,"k":[100,100],"ix":3},"r":{"a":0,"k":0,"ix":6},"o":{"a":0,"k":100,"ix":7},"sk":{"a":0,"k":0,"ix":4},"sa":{"a":0,"k":0,"ix":5},"nm":"Transform"}],"nm":"Group 7","np":4,"cix":2,"bm":0,"ix":7,"mn":"ADBE Vector Group","hd":false}],"ip":0,"op":234,"st":0,"bm":0},{"ddd":0,"ind":19,"ty":4,"nm":"Torso Outlines 3","tt":2,"sr":1,"ks":{"o":{"a":0,"k":100,"ix":11},"r":{"a":0,"k":0,"ix":10},"p":{"a":0,"k":[540,897.815,0],"ix":2,"l":2},"a":{"a":0,"k":[244.71,239.521,0],"ix":1,"l":2},"s":{"a":0,"k":[100,100,100],"ix":6,"l":2}},"ao":0,"shapes":[{"ty":"gr","it":[{"ind":0,"ty":"sh","ix":1,"ks":{"a":0,"k":{"i":[[0,0],[0,0],[53.263,-9.232]],"o":[[0,0],[0,0],[0,0]],"v":[[36.082,-43.162],[34.582,28.377],[-34.582,65.662]],"c":false},"ix":2},"nm":"Path 1","mn":"ADBE Vector Shape - Group","hd":false},{"ty":"st","c":{"a":0,"k":[0.16862745098,0.16862745098,0.16862745098,1],"ix":3},"o":{"a":0,"k":100,"ix":4},"w":{"a":0,"k":4.169,"ix":5},"lc":2,"lj":2,"bm":0,"nm":"hvLottiePrimaryColor","cl":"hvLottiePrimaryColor","mn":"ADBE Vector Graphic - Stroke","hd":false},{"ty":"tr","p":{"a":0,"k":[142.852,75.085],"ix":2},"a":{"a":0,"k":[0,0],"ix":1},"s":{"a":0,"k":[100,100],"ix":3},"r":{"a":0,"k":0,"ix":6},"o":{"a":0,"k":100,"ix":7},"sk":{"a":0,"k":0,"ix":4},"sa":{"a":0,"k":0,"ix":5},"nm":"Transform"}],"nm":"Group 2","np":2,"cix":2,"bm":0,"ix":1,"mn":"ADBE Vector Group","hd":false},{"ty":"gr","it":[{"ind":0,"ty":"sh","ix":1,"ks":{"a":0,"k":{"i":[[0,0],[4.953,23.08],[0,0]],"o":[[0,0],[0,0],[0,0]],"v":[[36.583,65.662],[-36.583,28.377],[-36.376,-35.162]],"c":false},"ix":2},"nm":"Path 1","mn":"ADBE Vector Shape - Group","hd":false},{"ty":"st","c":{"a":0,"k":[0.16862745098,0.16862745098,0.16862745098,1],"ix":3},"o":{"a":0,"k":100,"ix":4},"w":{"a":0,"k":4.169,"ix":5},"lc":2,"lj":2,"bm":0,"nm":"hvLottiePrimaryColor","cl":"hvLottiePrimaryColor","mn":"ADBE Vector Graphic - Stroke","hd":false},{"ty":"tr","p":{"a":0,"k":[343.684,75.085],"ix":2},"a":{"a":0,"k":[0,0],"ix":1},"s":{"a":0,"k":[100,100],"ix":3},"r":{"a":0,"k":0,"ix":6},"o":{"a":0,"k":100,"ix":7},"sk":{"a":0,"k":0,"ix":4},"sa":{"a":0,"k":0,"ix":5},"nm":"Transform"}],"nm":"Group 3","np":2,"cix":2,"bm":0,"ix":2,"mn":"ADBE Vector Group","hd":false}],"ip":0,"op":234,"st":0,"bm":0},{"ddd":0,"ind":20,"ty":4,"nm":"Torso Outlines 2","tt":2,"sr":1,"ks":{"o":{"a":0,"k":100,"ix":11},"r":{"a":0,"k":0,"ix":10},"p":{"a":0,"k":[540,897.815,0],"ix":2,"l":2},"a":{"a":0,"k":[244.71,239.521,0],"ix":1,"l":2},"s":{"a":0,"k":[100,100,100],"ix":6,"l":2}},"ao":0,"shapes":[{"ty":"gr","it":[{"ind":0,"ty":"sh","ix":1,"ks":{"a":0,"k":{"i":[[0,0],[93.604,0],[0,0],[0,-92.199],[0,0],[0,0],[0,0],[0,0],[0,0]],"o":[[0,0],[-93.604,0],[0,0],[0,0],[0,0],[0,0],[0,0],[0,0],[0,-92.199]],"v":[[137.85,-169.539],[-3.468,-113.757],[-137.85,-169.539],[-244.459,-23.407],[-244.298,-23.407],[-244.298,169.539],[244.298,169.539],[244.298,-23.407],[244.459,-23.407]],"c":true},"ix":2},"nm":"Path 1","mn":"ADBE Vector Shape - Group","hd":false},{"ty":"gr","it":[{"ty":"tr","p":{"a":0,"k":[0,0],"ix":2},"a":{"a":0,"k":[0,0],"ix":1},"s":{"a":0,"k":[100,100],"ix":3},"r":{"a":0,"k":0,"ix":6},"o":{"a":0,"k":100,"ix":7},"sk":{"a":0,"k":0,"ix":4},"sa":{"a":0,"k":0,"ix":5},"nm":"Transform"}],"nm":"Group 1","np":0,"cix":2,"bm":0,"ix":2,"mn":"ADBE Vector Group","hd":false},{"ty":"mm","mm":4,"nm":"Merge Paths 1","mn":"ADBE Vector Filter - Merge","hd":false},{"ty":"fl","c":{"a":0,"k":[0.411764705882,0.490196078431,0.976470588235,1],"ix":4},"o":{"a":0,"k":60,"ix":5},"r":1,"bm":0,"nm":"hvLottiePrimaryColor","cl":"hvLottiePrimaryColor","mn":"ADBE Vector Graphic - Fill","hd":false},{"ty":"fl","c":{"a":0,"k":[1,1,1,1],"ix":4},"o":{"a":0,"k":100,"ix":5},"r":1,"bm":0,"nm":"Fill","mn":"ADBE Vector Graphic - Fill","hd":false},{"ty":"tr","p":{"a":0,"k":[244.71,309.252],"ix":2},"a":{"a":0,"k":[0,0],"ix":1},"s":{"a":0,"k":[100,100],"ix":3},"r":{"a":0,"k":0,"ix":6},"o":{"a":0,"k":100,"ix":7},"sk":{"a":0,"k":0,"ix":4},"sa":{"a":0,"k":0,"ix":5},"nm":"Transform"}],"nm":"Group 1","np":5,"cix":2,"bm":0,"ix":1,"mn":"ADBE Vector Group","hd":false}],"ip":0,"op":234,"st":0,"bm":0}]},{"id":"comp_2","nm":"Mobile","fr":30,"layers":[{"ddd":0,"ind":1,"ty":4,"nm":"Layer 2 Outlines","sr":1,"ks":{"o":{"a":0,"k":100,"ix":11},"r":{"a":0,"k":0,"ix":10},"p":{"a":0,"k":[540,960.324,0],"ix":2,"l":2},"a":{"a":0,"k":[307.489,606.13,0],"ix":1,"l":2},"s":{"a":0,"k":[100,100,100],"ix":6,"l":2}},"ao":0,"shapes":[{"ind":0,"ty":"sh","ix":1,"ks":{"a":0,"k":{"i":[[36.316,0],[0,0],[0,-1.522],[0,0],[15.824,0],[0,0],[0,15.824],[0,0],[-0.232,1.462],[0,0],[0,-36.595],[0,0],[-36.316,0],[0,0],[0,36.597],[0,0]],"o":[[0,0],[0.231,1.46],[0,0],[0,15.824],[0,0],[-15.824,0],[0,0],[0,-1.523],[0,0],[-36.316,0],[0,0],[0,36.597],[0,0],[36.316,0],[0,0],[0,-36.595]],"v":[[548.685,0.25],[437.773,0.25],[438.159,4.72],[438.159,11.595],[409.388,40.365],[205.592,40.365],[176.819,11.595],[176.819,4.721],[177.207,0.25],[66.281,0.25],[0.25,66.779],[0.25,1145.482],[66.281,1212.011],[548.685,1212.011],[614.728,1145.482],[614.728,66.779]],"c":true},"ix":2},"nm":"Path 1","mn":"ADBE Vector Shape - Group","hd":false},{"ty":"fl","c":{"a":0,"k":[0.411764711142,0.490196079016,0.976470589638,1],"ix":4},"o":{"a":0,"k":30,"ix":5},"r":1,"bm":0,"nm":"hvLottiePrimaryColor","cl":"hvLottiePrimaryColor","mn":"ADBE Vector Graphic - Fill","hd":false}],"ip":0,"op":301,"st":0,"bm":0},{"ddd":0,"ind":2,"ty":4,"nm":"Layer 2 Outlines 2","sr":1,"ks":{"o":{"a":0,"k":100,"ix":11},"r":{"a":0,"k":0,"ix":10},"p":{"a":0,"k":[540,960.324,0],"ix":2,"l":2},"a":{"a":0,"k":[307.489,606.13,0],"ix":1,"l":2},"s":{"a":0,"k":[100,100,100],"ix":6,"l":2}},"ao":0,"shapes":[{"ind":0,"ty":"sh","ix":1,"ks":{"a":0,"k":{"i":[[36.316,0],[0,0],[0,-1.522],[0,0],[15.824,0],[0,0],[0,15.824],[0,0],[-0.232,1.462],[0,0],[0,-36.595],[0,0],[-36.316,0],[0,0],[0,36.597],[0,0]],"o":[[0,0],[0.231,1.46],[0,0],[0,15.824],[0,0],[-15.824,0],[0,0],[0,-1.523],[0,0],[-36.316,0],[0,0],[0,36.597],[0,0],[36.316,0],[0,0],[0,-36.595]],"v":[[548.685,0.25],[437.773,0.25],[438.159,4.72],[438.159,11.595],[409.388,40.365],[205.592,40.365],[176.819,11.595],[176.819,4.721],[177.207,0.25],[66.281,0.25],[0.25,66.779],[0.25,1145.482],[66.281,1212.011],[548.685,1212.011],[614.728,1145.482],[614.728,66.779]],"c":true},"ix":2},"nm":"Path 1","mn":"ADBE Vector Shape - Group","hd":false},{"ty":"fl","c":{"a":0,"k":[1,1,1,1],"ix":4},"o":{"a":0,"k":100,"ix":5},"r":1,"bm":0,"nm":"Fill","mn":"ADBE Vector Graphic - Fill","hd":false}],"ip":0,"op":301,"st":0,"bm":0},{"ddd":0,"ind":3,"ty":4,"nm":"Layer 1 Outlines","sr":1,"ks":{"o":{"a":0,"k":100,"ix":11},"r":{"a":0,"k":0,"ix":10},"p":{"a":0,"k":[540,964,0],"ix":2,"l":2},"a":{"a":0,"k":[341.298,642.25,0],"ix":1,"l":2},"s":{"a":0,"k":[100,100,100],"ix":6,"l":2}},"ao":0,"shapes":[{"ind":0,"ty":"sh","ix":1,"ks":{"a":0,"k":{"i":[[54.287,0],[0,0],[0,-54.288],[0,0],[-54.289,0],[0,0],[0,54.286],[0,0]],"o":[[0,0],[-54.289,0],[0,0],[0,54.286],[0,0],[54.287,0],[0,0],[0,-54.288]],"v":[[583.641,0.25],[98.956,0.25],[0.25,98.956],[0.25,1185.546],[98.956,1284.25],[583.641,1284.25],[682.345,1185.546],[682.345,98.956]],"c":true},"ix":2},"nm":"Path 2","mn":"ADBE Vector Shape - Group","hd":false},{"ty":"fl","c":{"a":0,"k":[0.411764711142,0.490196079016,0.976470589638,1],"ix":4},"o":{"a":0,"k":100,"ix":5},"r":1,"bm":0,"nm":"hvLottiePrimaryColor","cl":"hvLottiePrimaryColor","mn":"ADBE Vector Graphic - Fill","hd":false}],"ip":0,"op":301,"st":0,"bm":0}]},{"id":"comp_3","nm":"Palm","fr":30,"layers":[{"ddd":0,"ind":4,"ty":4,"nm":"Layer 5 Outlines","sr":1,"ks":{"o":{"a":0,"k":100,"ix":11},"r":{"a":0,"k":0,"ix":10},"p":{"a":0,"k":[340.149,388.984,0],"ix":2,"l":2},"a":{"a":0,"k":[178.343,80.934,0],"ix":1,"l":2},"s":{"a":0,"k":[100,100,100],"ix":6,"l":2}},"ao":0,"shapes":[{"ind":0,"ty":"sh","ix":1,"ks":{"a":0,"k":{"i":[[0,0],[84.821,-13.42],[-22.837,-45.769],[0,0],[-19.574,-15.093]],"o":[[0,0],[-84.821,13.42],[22.836,45.77],[0,0],[0,0]],"v":[[346.264,36.394],[215.951,23.843],[33.26,105.675],[259.992,110.699],[335.026,129.827]],"c":false},"ix":2},"nm":"Path 1","mn":"ADBE Vector Shape - Group","hd":false},{"ty":"st","c":{"a":0,"k":[0.411764705882,0.490196078431,0.976470588235,1],"ix":3},"o":{"a":0,"k":100,"ix":4},"w":{"a":0,"k":4.169,"ix":5},"lc":1,"lj":1,"ml":10,"bm":0,"nm":"hvLottiePrimaryColor","cl":"hvLottiePrimaryColor","mn":"ADBE Vector Graphic - Stroke","hd":false}],"ip":0,"op":301,"st":0,"bm":0},{"ddd":0,"ind":5,"ty":4,"nm":"Layer 4 Outlines","sr":1,"ks":{"o":{"a":0,"k":100,"ix":11},"r":{"a":0,"k":0,"ix":10},"p":{"a":0,"k":[340.149,388.984,0],"ix":2,"l":2},"a":{"a":0,"k":[168.171,70.761,0],"ix":1,"l":2},"s":{"a":0,"k":[100,100,100],"ix":6,"l":2}},"ao":0,"shapes":[{"ind":0,"ty":"sh","ix":1,"ks":{"a":0,"k":{"i":[[0,0],[84.821,-13.42],[-22.837,-45.769],[0,0],[-19.574,-15.093]],"o":[[0,0],[-84.821,13.42],[22.836,45.77],[0,0],[0,0]],"v":[[336.091,26.221],[205.778,13.67],[23.087,95.502],[249.82,100.526],[324.854,119.654]],"c":false},"ix":2},"nm":"Path 1","mn":"ADBE Vector Shape - Group","hd":false},{"ty":"fl","c":{"a":0,"k":[1,1,1,1],"ix":4},"o":{"a":0,"k":100,"ix":5},"r":1,"bm":0,"nm":"Fill 1","mn":"ADBE Vector Graphic - Fill","hd":false}],"ip":0,"op":301,"st":0,"bm":0},{"ddd":0,"ind":6,"ty":4,"nm":"Layer 3 Outlines","sr":1,"ks":{"o":{"a":0,"k":100,"ix":11},"r":{"a":0,"k":0,"ix":10},"p":{"a":0,"k":[346.764,516.586,0],"ix":2,"l":2},"a":{"a":0,"k":[152.335,72.407,0],"ix":1,"l":2},"s":{"a":0,"k":[100,100,100],"ix":6,"l":2}},"ao":0,"shapes":[{"ind":0,"ty":"sh","ix":1,"ks":{"a":0,"k":{"i":[[0,0],[39.148,-4.893],[-8.156,-57.388],[-50.566,-11.781],[0,0]],"o":[[0,0],[-39.148,4.894],[8.156,57.387],[50.566,11.782],[0,0]],"v":[[294.247,33.259],[201.27,15.316],[18.579,77.005],[229.001,94.88],[294.247,121.342]],"c":false},"ix":2},"nm":"Path 1","mn":"ADBE Vector Shape - Group","hd":false},{"ty":"st","c":{"a":0,"k":[0.411764705882,0.490196078431,0.976470588235,1],"ix":3},"o":{"a":0,"k":100,"ix":4},"w":{"a":0,"k":4.169,"ix":5},"lc":1,"lj":1,"ml":10,"bm":0,"nm":"hvLottiePrimaryColor","cl":"hvLottiePrimaryColor","mn":"ADBE Vector Graphic - Stroke","hd":false}],"ip":0,"op":301,"st":0,"bm":0},{"ddd":0,"ind":7,"ty":4,"nm":"Layer 2 Outlines","sr":1,"ks":{"o":{"a":0,"k":100,"ix":11},"r":{"a":0,"k":0,"ix":10},"p":{"a":0,"k":[346.764,516.586,0],"ix":2,"l":2},"a":{"a":0,"k":[142.163,62.234,0],"ix":1,"l":2},"s":{"a":0,"k":[100,100,100],"ix":6,"l":2}},"ao":0,"shapes":[{"ind":0,"ty":"sh","ix":1,"ks":{"a":0,"k":{"i":[[0,0],[39.148,-4.893],[-8.156,-57.388],[-50.566,-11.781],[0,0]],"o":[[0,0],[-39.148,4.894],[8.156,57.387],[50.566,11.782],[0,0]],"v":[[284.075,23.086],[191.098,5.143],[8.406,66.832],[218.828,84.707],[284.075,111.169]],"c":false},"ix":2},"nm":"Path 1","mn":"ADBE Vector Shape - Group","hd":false},{"ty":"fl","c":{"a":0,"k":[1,1,1,1],"ix":4},"o":{"a":0,"k":100,"ix":5},"r":1,"bm":0,"nm":"Fill 1","mn":"ADBE Vector Graphic - Fill","hd":false}],"ip":0,"op":301,"st":0,"bm":0},{"ddd":0,"ind":10,"ty":4,"nm":"Layer 10 Outlines","sr":1,"ks":{"o":{"a":0,"k":100,"ix":11},"r":{"a":0,"k":0,"ix":10},"p":{"a":0,"k":[679.907,753.689,0],"ix":2,"l":2},"a":{"a":0,"k":[142.585,96.956,0],"ix":1,"l":2},"s":{"a":0,"k":[100,100,100],"ix":6,"l":2}},"ao":0,"shapes":[{"ind":0,"ty":"sh","ix":1,"ks":{"a":0,"k":{"i":[[0,0],[-127.048,-1.412],[0,0]],"o":[[0,0],[127.048,1.412],[0,0]],"v":[[0.25,41.191],[157.871,192.25],[151.029,0.25]],"c":true},"ix":2},"nm":"Path 1","mn":"ADBE Vector Shape - Group","hd":false},{"ty":"fl","c":{"a":0,"k":[0.952941176471,0.952941176471,0.952941176471,1],"ix":4},"o":{"a":0,"k":100,"ix":5},"r":1,"bm":0,"nm":"Fill 1","mn":"ADBE Vector Graphic - Fill","hd":false}],"ip":0,"op":301,"st":0,"bm":0},{"ddd":0,"ind":11,"ty":4,"nm":"Layer 12 Outlines","sr":1,"ks":{"o":{"a":0,"k":100,"ix":11},"r":{"a":0,"k":0,"ix":10},"p":{"a":0,"k":[509.197,732.837,0],"ix":2,"l":2},"a":{"a":0,"k":[304.979,177.738,0],"ix":1,"l":2},"s":{"a":0,"k":[100,100,100],"ix":6,"l":2}},"ao":0,"shapes":[{"ind":0,"ty":"sh","ix":1,"ks":{"a":0,"k":{"i":[[-24.433,40.941],[191.48,-78.499],[12.572,3.31],[45.673,11.419],[16.312,-47.51],[0,0],[-70.141,-115.771],[-26.791,-8.339]],"o":[[23.227,-38.921],[-11.182,4.584],[0,0],[-45.672,-11.418],[-16.311,47.509],[0,0],[70.14,115.77],[26.79,8.339]],"v":[[575.104,304.113],[304.303,-184.6],[312.19,47.9],[242.049,21.841],[26.734,72.614],[170.258,106.524],[246.942,188.179],[411.449,326.757]],"c":false},"ix":2},"nm":"Path 1","mn":"ADBE Vector Shape - Group","hd":false},{"ty":"st","c":{"a":0,"k":[0.411764705882,0.490196078431,0.976470588235,1],"ix":3},"o":{"a":0,"k":100,"ix":4},"w":{"a":0,"k":4.169,"ix":5},"lc":1,"lj":1,"ml":10,"bm":0,"nm":"hvLottiePrimaryColor","cl":"hvLottiePrimaryColor","mn":"ADBE Vector Graphic - Stroke","hd":false}],"ip":0,"op":301,"st":0,"bm":0},{"ddd":0,"ind":12,"ty":4,"nm":"Layer 11 Outlines","sr":1,"ks":{"o":{"a":0,"k":100,"ix":11},"r":{"a":0,"k":0,"ix":10},"p":{"a":0,"k":[509.197,732.837,0],"ix":2,"l":2},"a":{"a":0,"k":[294.807,167.565,0],"ix":1,"l":2},"s":{"a":0,"k":[100,100,100],"ix":6,"l":2}},"ao":0,"shapes":[{"ind":0,"ty":"sh","ix":1,"ks":{"a":0,"k":{"i":[[20.529,5.405],[45.673,11.419],[16.312,-47.51],[0,0],[-70.141,-115.771],[-26.791,-8.339],[-24.433,40.941],[200.249,-68.695]],"o":[[0,0],[-45.672,-11.418],[-16.311,47.509],[0,0],[70.14,115.77],[26.79,8.339],[22.464,-37.642],[-13.455,4.616]],"v":[[302.017,37.727],[231.876,11.668],[16.561,62.441],[160.086,96.351],[236.77,178.006],[401.277,316.585],[564.931,293.94],[295.361,-194.576]],"c":true},"ix":2},"nm":"Path 1","mn":"ADBE Vector Shape - Group","hd":false},{"ty":"fl","c":{"a":0,"k":[1,1,1,1],"ix":4},"o":{"a":0,"k":100,"ix":5},"r":1,"bm":0,"nm":"Fill 1","mn":"ADBE Vector Graphic - Fill","hd":false}],"ip":0,"op":301,"st":0,"bm":0}]}],"layers":[{"ddd":0,"ind":1,"ty":0,"nm":"Thumb","parent":11,"refId":"comp_0","sr":1,"ks":{"o":{"a":0,"k":100,"ix":11},"r":{"a":0,"k":0,"ix":10},"p":{"a":0,"k":[753.223,593.719,0],"ix":2,"l":2},"a":{"a":0,"k":[540,540,0],"ix":1,"l":2},"s":{"a":0,"k":[105.663,105.663,100],"ix":6,"l":2}},"ao":0,"w":1080,"h":1080,"ip":0,"op":301,"st":0,"bm":0},{"ddd":0,"ind":2,"ty":4,"nm":"Camera Zone","parent":11,"sr":1,"ks":{"o":{"a":0,"k":100,"ix":11},"r":{"a":0,"k":0,"ix":10},"p":{"a":0,"k":[483.119,380.262,0],"ix":2,"l":2},"a":{"a":0,"k":[183.678,334.677,0],"ix":1,"l":2},"s":{"a":0,"k":[83.968,83.968,100],"ix":6,"l":2}},"ao":0,"shapes":[{"ind":0,"ty":"sh","ix":1,"ks":{"a":0,"k":{"i":[[0,0],[0,0],[0,0]],"o":[[0,0],[0,0],[0,0]],"v":[[47.523,658.868],[10.423,658.868],[10.423,621.893]],"c":false},"ix":2},"nm":"Path 1","mn":"ADBE Vector Shape - Group","hd":false},{"ty":"st","c":{"a":0,"k":[0.16862745098,0.16862745098,0.16862745098,1],"ix":3},"o":{"a":0,"k":100,"ix":4},"w":{"a":0,"k":4.169,"ix":5},"lc":2,"lj":2,"bm":0,"nm":"Stroke 1","mn":"ADBE Vector Graphic - Stroke","hd":false},{"ind":2,"ty":"sh","ix":3,"ks":{"a":0,"k":{"i":[[0,0],[0,0],[0,0]],"o":[[0,0],[0,0],[0,0]],"v":[[356.933,621.831],[356.933,658.931],[319.958,658.931]],"c":false},"ix":2},"nm":"Path 2","mn":"ADBE Vector Shape - Group","hd":false},{"ty":"st","c":{"a":0,"k":[0.16862745098,0.16862745098,0.16862745098,1],"ix":3},"o":{"a":0,"k":100,"ix":4},"w":{"a":0,"k":4.169,"ix":5},"lc":2,"lj":2,"bm":0,"nm":"Stroke 2","mn":"ADBE Vector Graphic - Stroke","hd":false},{"ind":4,"ty":"sh","ix":5,"ks":{"a":0,"k":{"i":[[0,0],[0,0],[0,0]],"o":[[0,0],[0,0],[0,0]],"v":[[319.834,10.485],[356.934,10.485],[356.934,47.46]],"c":false},"ix":2},"nm":"Path 3","mn":"ADBE Vector Shape - Group","hd":false},{"ty":"st","c":{"a":0,"k":[0.16862745098,0.16862745098,0.16862745098,1],"ix":3},"o":{"a":0,"k":100,"ix":4},"w":{"a":0,"k":4.169,"ix":5},"lc":2,"lj":2,"bm":0,"nm":"Stroke 3","mn":"ADBE Vector Graphic - Stroke","hd":false},{"ind":6,"ty":"sh","ix":7,"ks":{"a":0,"k":{"i":[[0,0],[0,0],[0,0]],"o":[[0,0],[0,0],[0,0]],"v":[[10.423,47.522],[10.423,10.423],[47.398,10.423]],"c":false},"ix":2},"nm":"Path 4","mn":"ADBE Vector Shape - Group","hd":false},{"ty":"st","c":{"a":0,"k":[0.16862745098,0.16862745098,0.16862745098,1],"ix":3},"o":{"a":0,"k":100,"ix":4},"w":{"a":0,"k":4.169,"ix":5},"lc":2,"lj":2,"bm":0,"nm":"Stroke 4","mn":"ADBE Vector Graphic - Stroke","hd":false}],"ip":0,"op":234,"st":0,"bm":0},{"ddd":0,"ind":3,"ty":4,"nm":"blue dot","parent":11,"sr":1,"ks":{"o":{"a":0,"k":100,"ix":11},"r":{"a":0,"k":0,"ix":10},"p":{"a":1,"k":[{"i":{"x":0.682,"y":0.552},"o":{"x":0.167,"y":0.167},"t":171,"s":[482.65,158.782,0],"to":[87.786,0,0],"ti":[0,-87.786,0]},{"i":{"x":0.571,"y":0.656},"o":{"x":0.268,"y":0.31},"t":175.225,"s":[641.6,317.732,0],"to":[0,87.786,0],"ti":[87.786,0,0]},{"i":{"x":0.559,"y":0.696},"o":{"x":0.243,"y":0.349},"t":178.686,"s":[482.65,476.682,0],"to":[-87.786,0,0],"ti":[0,87.786,0]},{"i":{"x":0.503,"y":1},"o":{"x":0.198,"y":0.576},"t":184.881,"s":[323.7,317.732,0],"to":[0,-87.786,0],"ti":[-87.786,0,0]},{"t":211,"s":[482.65,158.782,0]}],"ix":2,"l":2},"a":{"a":0,"k":[-132.105,-472.105,0],"ix":1,"l":2},"s":{"a":1,"k":[{"i":{"x":[0.28,0.28,0.28],"y":[1,1,1]},"o":{"x":[0.167,0.167,0.167],"y":[0.167,0.167,0]},"t":199,"s":[80,80,100]},{"t":211,"s":[0,0,100]}],"ix":6,"l":2}},"ao":0,"shapes":[{"ty":"gr","it":[{"d":1,"ty":"el","s":{"a":0,"k":[17.789,17.789],"ix":2},"p":{"a":0,"k":[0,0],"ix":3},"nm":"Ellipse Path 1","mn":"ADBE Vector Shape - Ellipse","hd":false},{"ty":"fl","c":{"a":0,"k":[0.411764711142,0.490196079016,0.976470589638,1],"ix":4},"o":{"a":0,"k":100,"ix":5},"r":1,"bm":0,"nm":"Fill 1","mn":"ADBE Vector Graphic - Fill","hd":false},{"ty":"tr","p":{"a":0,"k":[-132.105,-472.105],"ix":2},"a":{"a":0,"k":[0,0],"ix":1},"s":{"a":0,"k":[100,100],"ix":3},"r":{"a":0,"k":0,"ix":6},"o":{"a":0,"k":100,"ix":7},"sk":{"a":0,"k":0,"ix":4},"sa":{"a":0,"k":0,"ix":5},"nm":"Transform"}],"nm":"Ellipse 1","np":3,"cix":2,"bm":0,"ix":1,"mn":"ADBE Vector Group","hd":false}],"ip":171,"op":219,"st":171,"bm":0},{"ddd":0,"ind":4,"ty":4,"nm":"Green circle","parent":11,"sr":1,"ks":{"o":{"a":1,"k":[{"i":{"x":[0.833],"y":[0.833]},"o":{"x":[0.167],"y":[0.167]},"t":208,"s":[100]},{"i":{"x":[0.833],"y":[0.833]},"o":{"x":[0.167],"y":[0.167]},"t":213,"s":[0]},{"t":218,"s":[100]}],"ix":11},"r":{"a":0,"k":0,"ix":10},"p":{"a":0,"k":[483.76,318.974,0],"ix":2,"l":2},"a":{"a":0,"k":[196.375,196.375,0],"ix":1,"l":2},"s":{"a":0,"k":[91.797,91.797,100],"ix":6,"l":2}},"ao":0,"shapes":[{"ty":"gr","it":[{"ind":0,"ty":"sh","ix":1,"ks":{"a":0,"k":{"i":[[-95.638,0],[0,-95.638],[95.638,0],[0,95.638]],"o":[[95.638,0],[0,95.638],[-95.638,0],[0,-95.638]],"v":[[0,-173.168],[173.168,0],[0,173.168],[-173.168,0]],"c":true},"ix":2},"nm":"Path 1","mn":"ADBE Vector Shape - Group","hd":false},{"ty":"st","c":{"a":0,"k":[0.003921568627,0.803921628466,0.603921568627,1],"ix":3},"o":{"a":0,"k":100,"ix":4},"w":{"a":0,"k":9.283,"ix":5},"lc":2,"lj":1,"ml":10,"bm":0,"nm":"Stroke 1","mn":"ADBE Vector Graphic - Stroke","hd":false},{"ty":"tm","s":{"a":0,"k":0,"ix":1},"e":{"a":1,"k":[{"i":{"x":[0.09],"y":[1]},"o":{"x":[0.167],"y":[0.167]},"t":171,"s":[0]},{"t":211,"s":[100]}],"ix":2},"o":{"a":0,"k":0,"ix":3},"m":1,"ix":3,"nm":"Trim Paths 1","mn":"ADBE Vector Filter - Trim","hd":false},{"ty":"tr","p":{"a":0,"k":[196.375,196.375],"ix":2},"a":{"a":0,"k":[0,0],"ix":1},"s":{"a":0,"k":[100,100],"ix":3},"r":{"a":0,"k":0,"ix":6},"o":{"a":0,"k":100,"ix":7},"sk":{"a":0,"k":0,"ix":4},"sa":{"a":0,"k":0,"ix":5},"nm":"Transform"}],"nm":"Group 1","np":3,"cix":2,"bm":0,"ix":1,"mn":"ADBE Vector Group","hd":false}],"ip":171,"op":219,"st":171,"bm":0},{"ddd":0,"ind":5,"ty":4,"nm":"Dottle Circle","parent":11,"sr":1,"ks":{"o":{"a":0,"k":100,"ix":11},"r":{"a":1,"k":[{"i":{"x":[0.28],"y":[1]},"o":{"x":[0.167],"y":[0.167]},"t":143,"s":[-30]},{"i":{"x":[0.833],"y":[1]},"o":{"x":[0.167],"y":[0]},"t":173,"s":[20]},{"i":{"x":[0.639],"y":[0.908]},"o":{"x":[0.333],"y":[0.038]},"t":178,"s":[20]},{"i":{"x":[0.382],"y":[1]},"o":{"x":[0.155],"y":[-2.495]},"t":183,"s":[92.907]},{"t":213,"s":[86]}],"ix":10},"p":{"a":0,"k":[483.76,319.434,0],"ix":2,"l":2},"a":{"a":0,"k":[192.205,252.844,0],"ix":1,"l":2},"s":{"a":0,"k":[87.065,87.065,100],"ix":6,"l":2}},"ao":0,"shapes":[{"ty":"gr","it":[{"ind":0,"ty":"sh","ix":1,"ks":{"a":0,"k":{"i":[[0,101.755],[-89.494,0.272],[-4.845,-122.446],[101.756,0]],"o":[[4.841,-121.918],[89.907,-0.273],[0,101.754],[-101.756,0]],"v":[[-184.245,30.076],[-0.606,-153.195],[184.245,30.078],[0,214.321]],"c":true},"ix":2},"nm":"Path 1","mn":"ADBE Vector Shape - Group","hd":false},{"ty":"st","c":{"a":0,"k":[0,0.019607843137,0.282352941176,1],"ix":3},"o":{"a":0,"k":100,"ix":4},"w":{"a":0,"k":3.184,"ix":5},"lc":2,"lj":1,"ml":10,"bm":0,"d":[{"n":"d","nm":"dash","v":{"a":0,"k":12.863,"ix":1}},{"n":"g","nm":"gap","v":{"a":0,"k":12.863,"ix":2}},{"n":"o","nm":"offset","v":{"a":0,"k":0,"ix":7}}],"nm":"Stroke 1","mn":"ADBE Vector Graphic - Stroke","hd":false},{"ty":"tm","s":{"a":1,"k":[{"i":{"x":[0.28],"y":[1]},"o":{"x":[0.167],"y":[0.167]},"t":178,"s":[0]},{"t":213,"s":[100]}],"ix":1},"e":{"a":1,"k":[{"i":{"x":[0.28],"y":[1]},"o":{"x":[0.167],"y":[0.167]},"t":143,"s":[0]},{"t":173,"s":[100]}],"ix":2},"o":{"a":0,"k":0,"ix":3},"m":1,"ix":3,"nm":"Trim Paths 1","mn":"ADBE Vector Filter - Trim","hd":false},{"ty":"tr","p":{"a":0,"k":[192.205,222.281],"ix":2},"a":{"a":0,"k":[0,0],"ix":1},"s":{"a":0,"k":[100,100],"ix":3},"r":{"a":0,"k":0,"ix":6},"o":{"a":0,"k":100,"ix":7},"sk":{"a":0,"k":0,"ix":4},"sa":{"a":0,"k":0,"ix":5},"nm":"Transform"}],"nm":"Group 1","np":3,"cix":2,"bm":0,"ix":1,"mn":"ADBE Vector Group","hd":false}],"ip":143,"op":207,"st":143,"bm":0},{"ddd":0,"ind":6,"ty":4,"nm":"Layer 2 Outlines","parent":11,"td":1,"sr":1,"ks":{"o":{"a":0,"k":100,"ix":11},"r":{"a":0,"k":0,"ix":10},"p":{"a":0,"k":[483.119,383.952,0],"ix":2,"l":2},"a":{"a":0,"k":[307.489,606.13,0],"ix":1,"l":2},"s":{"a":0,"k":[58.605,58.605,100],"ix":6,"l":2}},"ao":0,"shapes":[{"ind":0,"ty":"sh","ix":1,"ks":{"a":0,"k":{"i":[[36.316,0],[0,0],[0,-1.522],[0,0],[15.824,0],[0,0],[0,15.824],[0,0],[-0.232,1.462],[0,0],[0,-36.595],[0,0],[-36.316,0],[0,0],[0,36.597],[0,0]],"o":[[0,0],[0.231,1.46],[0,0],[0,15.824],[0,0],[-15.824,0],[0,0],[0,-1.523],[0,0],[-36.316,0],[0,0],[0,36.597],[0,0],[36.316,0],[0,0],[0,-36.595]],"v":[[548.685,0.25],[437.773,0.25],[438.159,4.72],[438.159,11.595],[409.388,40.365],[205.592,40.365],[176.819,11.595],[176.819,4.721],[177.207,0.25],[66.281,0.25],[0.25,66.779],[0.25,1145.482],[66.281,1212.011],[548.685,1212.011],[614.728,1145.482],[614.728,66.779]],"c":true},"ix":2},"nm":"Path 1","mn":"ADBE Vector Shape - Group","hd":false},{"ty":"fl","c":{"a":0,"k":[0.819607902976,0.854902020623,0.996078491211,1],"ix":4},"o":{"a":0,"k":100,"ix":5},"r":1,"bm":0,"nm":"Fill 1","mn":"ADBE Vector Graphic - Fill","hd":false}],"ip":0,"op":301,"st":0,"bm":0},{"ddd":0,"ind":7,"ty":0,"nm":"Man","parent":11,"tt":1,"refId":"comp_1","sr":1,"ks":{"o":{"a":0,"k":100,"ix":11},"r":{"a":0,"k":0,"ix":10},"p":{"a":1,"k":[{"i":{"x":0.28,"y":1},"o":{"x":0.167,"y":0.167},"t":0,"s":[490.599,633.759,0],"to":[0,-48.93,0],"ti":[0,48.93,0]},{"t":25,"s":[490.599,340.181,0]}],"ix":2,"l":2},"a":{"a":0,"k":[548.153,597.197,0],"ix":1,"l":2},"s":{"a":1,"k":[{"i":{"x":[0.833,0.833,0.833],"y":[1,1,1]},"o":{"x":[0.333,0.333,0.333],"y":[0,0,0]},"t":71,"s":[75.183,75.183,100]},{"t":150,"s":[82.018,82.018,100]}],"ix":6,"l":2}},"ao":0,"w":1080,"h":1920,"ip":0,"op":234,"st":0,"bm":0},{"ddd":0,"ind":8,"ty":4,"nm":"White circle","parent":11,"sr":1,"ks":{"o":{"a":1,"k":[{"i":{"x":[0.833],"y":[0.833]},"o":{"x":[0.167],"y":[0.167]},"t":143,"s":[0]},{"t":153,"s":[100]}],"ix":11},"r":{"a":0,"k":0,"ix":10},"p":{"a":0,"k":[483.76,318.974,0],"ix":2,"l":2},"a":{"a":0,"k":[178.217,178.218,0],"ix":1,"l":2},"s":{"a":0,"k":[94.636,94.636,100],"ix":6,"l":2}},"ao":0,"shapes":[{"ty":"gr","it":[{"ind":0,"ty":"sh","ix":1,"ks":{"a":0,"k":{"i":[[94.463,0],[0,94.463],[-94.463,0],[0,-94.463]],"o":[[-94.463,0],[0,-94.463],[94.463,0],[0,94.463]],"v":[[0,171.04],[-171.04,0],[0,-171.04],[171.04,0]],"c":true},"ix":2},"nm":"Path 1","mn":"ADBE Vector Shape - Group","hd":false},{"ty":"fl","c":{"a":0,"k":[1,1,1,1],"ix":4},"o":{"a":0,"k":100,"ix":5},"r":1,"bm":0,"nm":"Fill 1","mn":"ADBE Vector Graphic - Fill","hd":false},{"ty":"tr","p":{"a":0,"k":[178.217,178.218],"ix":2},"a":{"a":0,"k":[0,0],"ix":1},"s":{"a":0,"k":[100,100],"ix":3},"r":{"a":0,"k":0,"ix":6},"o":{"a":0,"k":100,"ix":7},"sk":{"a":0,"k":0,"ix":4},"sa":{"a":0,"k":0,"ix":5},"nm":"Transform"}],"nm":"Group 2","np":2,"cix":2,"bm":0,"ix":1,"mn":"ADBE Vector Group","hd":false}],"ip":143,"op":377,"st":143,"bm":0},{"ddd":0,"ind":10,"ty":0,"nm":"Mobile","parent":11,"refId":"comp_2","sr":1,"ks":{"o":{"a":0,"k":100,"ix":11},"r":{"a":0,"k":0,"ix":10},"p":{"a":0,"k":[483.802,383.526,0],"ix":2,"l":2},"a":{"a":0,"k":[540,960,0],"ix":1,"l":2},"s":{"a":0,"k":[58.678,58.678,100],"ix":6,"l":2}},"ao":0,"w":1080,"h":1920,"ip":0,"op":301,"st":0,"bm":0},{"ddd":0,"ind":11,"ty":0,"nm":"Palm","refId":"comp_3","sr":1,"ks":{"o":{"a":0,"k":100,"ix":11},"r":{"a":0,"k":0,"ix":10},"p":{"a":1,"k":[{"i":{"x":0.28,"y":1},"o":{"x":0.167,"y":0.167},"t":0,"s":[527,1896,0],"to":[3.333,-196,0],"ti":[-3.333,196,0]},{"t":25,"s":[547,720,0]}],"ix":2,"l":2},"a":{"a":0,"k":[540,540,0],"ix":1,"l":2},"s":{"a":1,"k":[{"i":{"x":[0.833,0.833,0.833],"y":[1,1,1]},"o":{"x":[0.167,0.167,0.167],"y":[0,0,0]},"t":71,"s":[109,109,100]},{"t":150,"s":[125,125,100]}],"ix":6,"l":2}},"ao":0,"w":1080,"h":1080,"ip":0,"op":301,"st":0,"bm":0},{"ddd":0,"ind":12,"ty":4,"nm":"Mask","parent":13,"sr":1,"ks":{"o":{"a":0,"k":100,"ix":11},"r":{"a":0,"k":0,"ix":10},"p":{"a":0,"k":[127.166,75.039,0],"ix":2,"l":2},"a":{"a":0,"k":[96.687,67.324,0],"ix":1,"l":2},"s":{"a":0,"k":[86.957,86.957,100],"ix":6,"l":2}},"ao":0,"shapes":[{"ty":"gr","it":[{"ind":0,"ty":"sh","ix":1,"ks":{"a":0,"k":{"i":[[-9.646,36.817],[-1.521,20.707],[16.11,4.71],[17.652,-0.382],[17.453,-5.935],[15.333,15.156],[-5.502,-17.816],[-26.097,0.565]],"o":[[4.726,-18.037],[-14.662,15.806],[-17.695,-5.173],[-17.652,0.383],[-15.891,5.403],[2.417,20.621],[11.232,36.365],[26.098,-0.566]],"v":[[87.496,-2.005],[96.437,-65.636],[47.564,-50.495],[-0.068,-66.692],[-46.953,-48.447],[-96.437,-61.457],[-84.748,1.727],[2.818,66.509]],"c":true},"ix":2},"nm":"Path 1","mn":"ADBE Vector Shape - Group","hd":false},{"ty":"fl","c":{"a":0,"k":[0.411764705882,0.490196078431,0.976470588235,1],"ix":4},"o":{"a":0,"k":60,"ix":5},"r":1,"bm":0,"nm":"hvLottiePrimaryColor","cl":"hvLottiePrimaryColor","mn":"ADBE Vector Graphic - Fill","hd":false},{"ty":"tr","p":{"a":0,"k":[96.687,67.324],"ix":2},"a":{"a":0,"k":[0,0],"ix":1},"s":{"a":0,"k":[100,100],"ix":3},"r":{"a":0,"k":0,"ix":6},"o":{"a":0,"k":100,"ix":7},"sk":{"a":0,"k":0,"ix":4},"sa":{"a":0,"k":0,"ix":5},"nm":"Transform"}],"nm":"Group 1","np":2,"cix":2,"bm":0,"ix":1,"mn":"ADBE Vector Group","hd":false}],"ip":128,"op":159,"st":128,"bm":0},{"ddd":0,"ind":13,"ty":4,"nm":"Mask BG","parent":7,"sr":1,"ks":{"o":{"a":0,"k":100,"ix":11},"r":{"a":0,"k":0,"ix":10},"p":{"a":1,"k":[{"i":{"x":0.28,"y":1},"o":{"x":0.333,"y":0},"t":128,"s":[536.013,658.366,0],"to":[-168.404,0,0],"ti":[168.404,0,0]},{"t":158,"s":[-474.411,658.366,0]}],"ix":2,"l":2},"a":{"a":0,"k":[123.164,73.238,0],"ix":1,"l":2},"s":{"a":0,"k":[115,115,100],"ix":6,"l":2}},"ao":0,"shapes":[{"ty":"gr","it":[{"ind":0,"ty":"sh","ix":1,"ks":{"a":0,"k":{"i":[[13.505,0],[0,0],[0,13.506],[0,0],[-13.506,0],[0,0],[0,-13.506],[0,0]],"o":[[0,0],[-13.506,0],[0,0],[0,-13.506],[0,0],[13.505,0],[0,0],[0,13.506]],"v":[[91.211,65.738],[-91.21,65.738],[-115.664,41.284],[-115.664,-41.284],[-91.21,-65.738],[91.211,-65.738],[115.664,-41.284],[115.664,41.284]],"c":true},"ix":2},"nm":"Path 1","mn":"ADBE Vector Shape - Group","hd":false},{"ty":"st","c":{"a":0,"k":[0.411764711142,0.490196079016,0.976470589638,1],"ix":3},"o":{"a":0,"k":100,"ix":4},"w":{"a":0,"k":3,"ix":5},"lc":1,"lj":1,"ml":10,"bm":0,"nm":"hvLottiePrimaryColor","cl":"hvLottiePrimaryColor","mn":"ADBE Vector Graphic - Stroke","hd":false},{"ty":"tr","p":{"a":0,"k":[123.164,73.238],"ix":2},"a":{"a":0,"k":[0,0],"ix":1},"s":{"a":0,"k":[100,100],"ix":3},"r":{"a":0,"k":0,"ix":6},"o":{"a":0,"k":100,"ix":7},"sk":{"a":0,"k":0,"ix":4},"sa":{"a":0,"k":0,"ix":5},"nm":"Transform"}],"nm":"Group 1","np":2,"cix":2,"bm":0,"ix":1,"mn":"ADBE Vector Group","hd":false},{"ty":"gr","it":[{"ind":0,"ty":"sh","ix":1,"ks":{"a":0,"k":{"i":[[13.505,0],[0,0],[0,13.506],[0,0],[-13.506,0],[0,0],[0,-13.506],[0,0]],"o":[[0,0],[-13.506,0],[0,0],[0,-13.506],[0,0],[13.505,0],[0,0],[0,13.506]],"v":[[91.211,65.738],[-91.21,65.738],[-115.664,41.284],[-115.664,-41.284],[-91.21,-65.738],[91.211,-65.738],[115.664,-41.284],[115.664,41.284]],"c":true},"ix":2},"nm":"Path 1","mn":"ADBE Vector Shape - Group","hd":false},{"ty":"tr","p":{"a":0,"k":[123.164,73.238],"ix":2},"a":{"a":0,"k":[0,0],"ix":1},"s":{"a":0,"k":[100,100],"ix":3},"r":{"a":0,"k":0,"ix":6},"o":{"a":0,"k":100,"ix":7},"sk":{"a":0,"k":0,"ix":4},"sa":{"a":0,"k":0,"ix":5},"nm":"Transform"}],"nm":"Group 2","np":2,"cix":2,"bm":0,"ix":2,"mn":"ADBE Vector Group","hd":false}],"ip":128,"op":159,"st":2,"bm":0},{"ddd":0,"ind":14,"ty":4,"nm":"Glasses Outlines 2","parent":15,"sr":1,"ks":{"o":{"a":0,"k":100,"ix":11},"r":{"a":0,"k":0,"ix":10},"p":{"a":0,"k":[144.478,86.777,0],"ix":2,"l":2},"a":{"a":0,"k":[97.35,41.91,0],"ix":1,"l":2},"s":{"a":0,"k":[100,100,100],"ix":6,"l":2}},"ao":0,"shapes":[{"ind":0,"ty":"sh","ix":1,"ks":{"a":0,"k":{"i":[[0,0],[0,0]],"o":[[0,0],[0,0]],"v":[[176.342,51.886],[193.725,38.217]],"c":false},"ix":2},"nm":"Path 1","mn":"ADBE Vector Shape - Group","hd":false},{"ty":"st","c":{"a":0,"k":[0.411764705882,0.490196078431,0.976470588235,1],"ix":3},"o":{"a":0,"k":100,"ix":4},"w":{"a":0,"k":2,"ix":5},"lc":2,"lj":2,"bm":0,"nm":"hvLottiePrimaryColor","cl":"hvLottiePrimaryColor","mn":"ADBE Vector Graphic - Stroke","hd":false},{"ind":2,"ty":"sh","ix":3,"ks":{"a":0,"k":{"i":[[0,0],[0,0]],"o":[[0,0],[0,0]],"v":[[14.038,51.886],[0.976,41.615]],"c":false},"ix":2},"nm":"Path 2","mn":"ADBE Vector Shape - Group","hd":false},{"ty":"st","c":{"a":0,"k":[0.411764705882,0.490196078431,0.976470588235,1],"ix":3},"o":{"a":0,"k":100,"ix":4},"w":{"a":0,"k":2,"ix":5},"lc":2,"lj":2,"bm":0,"nm":"hvLottiePrimaryColor","cl":"hvLottiePrimaryColor","mn":"ADBE Vector Graphic - Stroke","hd":false},{"ind":4,"ty":"sh","ix":5,"ks":{"a":0,"k":{"i":[[0,0],[-8.138,-8.186]],"o":[[0,0],[0,0]],"v":[[86.7,41.91],[103.609,41.91]],"c":false},"ix":2},"nm":"Path 3","mn":"ADBE Vector Shape - Group","hd":false},{"ty":"st","c":{"a":0,"k":[0.411764705882,0.490196078431,0.976470588235,1],"ix":3},"o":{"a":0,"k":100,"ix":4},"w":{"a":0,"k":2,"ix":5},"lc":2,"lj":2,"bm":0,"nm":"hvLottiePrimaryColor","cl":"hvLottiePrimaryColor","mn":"ADBE Vector Graphic - Stroke","hd":false},{"ind":6,"ty":"sh","ix":7,"ks":{"a":0,"k":{"i":[[0,-20.451],[20.451,0],[0,20.451],[-20.451,0]],"o":[[0,20.451],[-20.451,0],[0,-20.451],[20.451,0]],"v":[[177.669,41.91],[140.639,78.94],[103.608,41.91],[140.639,4.88]],"c":true},"ix":2},"nm":"Path 4","mn":"ADBE Vector Shape - Group","hd":false},{"ty":"st","c":{"a":0,"k":[0.411764705882,0.490196078431,0.976470588235,1],"ix":3},"o":{"a":0,"k":100,"ix":4},"w":{"a":0,"k":2,"ix":5},"lc":2,"lj":2,"bm":0,"nm":"hvLottiePrimaryColor","cl":"hvLottiePrimaryColor","mn":"ADBE Vector Graphic - Stroke","hd":false},{"ind":8,"ty":"sh","ix":9,"ks":{"a":0,"k":{"i":[[0,-20.451],[20.451,0],[0,20.451],[-20.451,0]],"o":[[0,20.451],[-20.451,0],[0,-20.451],[20.451,0]],"v":[[86.7,41.91],[49.67,78.94],[12.639,41.91],[49.67,4.88]],"c":true},"ix":2},"nm":"Path 5","mn":"ADBE Vector Shape - Group","hd":false},{"ty":"st","c":{"a":0,"k":[0.411764705882,0.490196078431,0.976470588235,1],"ix":3},"o":{"a":0,"k":100,"ix":4},"w":{"a":0,"k":2,"ix":5},"lc":2,"lj":2,"bm":0,"nm":"hvLottiePrimaryColor","cl":"hvLottiePrimaryColor","mn":"ADBE Vector Graphic - Stroke","hd":false}],"ip":128,"op":159,"st":128,"bm":0},{"ddd":0,"ind":15,"ty":4,"nm":"Glass BG","parent":7,"sr":1,"ks":{"o":{"a":0,"k":100,"ix":11},"r":{"a":0,"k":0,"ix":10},"p":{"a":1,"k":[{"i":{"x":0.28,"y":1},"o":{"x":0.333,"y":0},"t":128,"s":[539.741,573.324,0],"to":[167.205,0,0],"ti":[-167.205,0,0]},{"t":158,"s":[1542.974,573.324,0]}],"ix":2,"l":2},"a":{"a":0,"k":[144.456,85.34,0],"ix":1,"l":2},"s":{"a":0,"k":[100,100,100],"ix":6,"l":2}},"ao":0,"shapes":[{"ty":"gr","it":[{"ind":0,"ty":"sh","ix":1,"ks":{"a":0,"k":{"i":[[13.505,0],[0,0],[0,13.505],[0,0],[-13.505,0],[0,0],[0,-13.506],[0,0]],"o":[[0,0],[-13.505,0],[0,0],[0,-13.506],[0,0],[13.505,0],[0,0],[0,13.505]],"v":[[112.503,77.839],[-112.504,77.839],[-136.957,53.387],[-136.957,-53.385],[-112.504,-77.839],[112.503,-77.839],[136.957,-53.385],[136.957,53.387]],"c":true},"ix":2},"nm":"Path 1","mn":"ADBE Vector Shape - Group","hd":false},{"ty":"st","c":{"a":0,"k":[0.411764711142,0.490196079016,0.976470589638,1],"ix":3},"o":{"a":0,"k":100,"ix":4},"w":{"a":0,"k":3,"ix":5},"lc":1,"lj":1,"ml":10,"bm":0,"nm":"hvLottiePrimaryColor","cl":"hvLottiePrimaryColor","mn":"ADBE Vector Graphic - Stroke","hd":false},{"ty":"tr","p":{"a":0,"k":[144.456,85.339],"ix":2},"a":{"a":0,"k":[0,0],"ix":1},"s":{"a":0,"k":[100,100],"ix":3},"r":{"a":0,"k":0,"ix":6},"o":{"a":0,"k":100,"ix":7},"sk":{"a":0,"k":0,"ix":4},"sa":{"a":0,"k":0,"ix":5},"nm":"Transform"}],"nm":"Group 1","np":2,"cix":2,"bm":0,"ix":1,"mn":"ADBE Vector Group","hd":false},{"ty":"gr","it":[{"ind":0,"ty":"sh","ix":1,"ks":{"a":0,"k":{"i":[[13.505,0],[0,0],[0,13.505],[0,0],[-13.505,0],[0,0],[0,-13.506],[0,0]],"o":[[0,0],[-13.505,0],[0,0],[0,-13.506],[0,0],[13.505,0],[0,0],[0,13.505]],"v":[[112.503,77.839],[-112.504,77.839],[-136.957,53.387],[-136.957,-53.385],[-112.504,-77.839],[112.503,-77.839],[136.957,-53.385],[136.957,53.387]],"c":true},"ix":2},"nm":"Path 1","mn":"ADBE Vector Shape - Group","hd":false},{"ty":"tr","p":{"a":0,"k":[144.456,85.339],"ix":2},"a":{"a":0,"k":[0,0],"ix":1},"s":{"a":0,"k":[100,100],"ix":3},"r":{"a":0,"k":0,"ix":6},"o":{"a":0,"k":100,"ix":7},"sk":{"a":0,"k":0,"ix":4},"sa":{"a":0,"k":0,"ix":5},"nm":"Transform"}],"nm":"Group 2","np":2,"cix":2,"bm":0,"ix":2,"mn":"ADBE Vector Group","hd":false}],"ip":128,"op":159,"st":2,"bm":0}],"markers":[]}
