{"v": "4.8.0", "meta": {"g": "LottieFiles AE 1.1.0", "a": "", "k": "", "d": "", "tc": ""}, "fr": 30, "ip": 0, "op": 61, "w": 2000, "h": 2000, "nm": "Comp 1", "ddd": 0, "assets": [{"id": "comp_0", "layers": [{"ddd": 0, "ind": 1, "ty": 4, "nm": "Shash_Highlight Outlines", "sr": 1, "ks": {"o": {"a": 0, "k": 100, "ix": 11}, "r": {"a": 0, "k": 0, "ix": 10}, "p": {"a": 0, "k": [572.072, 1136.047, 0], "ix": 2}, "a": {"a": 0, "k": [82.577, 140.217, 0], "ix": 1}, "s": {"a": 0, "k": [100, 100, 100], "ix": 6}}, "ao": 0, "shapes": [{"ind": 0, "ty": "sh", "ix": 1, "ks": {"a": 0, "k": {"i": [[0, 0], [0, 0], [0, 0], [0, 0]], "o": [[0, 0], [0, 0], [0, 0], [0, 0]], "v": [[165.155, 0.004], [98.367, 65.124], [47.064, 172.652], [113.894, 107.445]], "c": true}, "ix": 2}, "nm": "Path 2", "mn": "ADBE Vector Shape - Group", "hd": false}, {"ty": "fl", "c": {"a": 0, "k": [1, 1, 1, 1], "ix": 4}, "o": {"a": 0, "k": 100, "ix": 5}, "r": 1, "bm": 0, "nm": "Fill 2", "mn": "ADBE Vector Graphic - Fill", "hd": false}, {"ind": 2, "ty": "sh", "ix": 3, "ks": {"a": 0, "k": {"i": [[0, 0], [0, 0], [0, 0], [0, 0], [0, 0]], "o": [[0, 0], [0, 0], [0, 0], [0, 0], [0, 0]], "v": [[26.477, 215.801], [-0.001, 271.297], [19.149, 280.434], [41.993, 258.145], [93.265, 150.681]], "c": true}, "ix": 2}, "nm": "Path 1", "mn": "ADBE Vector Shape - Group", "hd": false}, {"ty": "fl", "c": {"a": 0, "k": [1, 1, 1, 1], "ix": 4}, "o": {"a": 0, "k": 100, "ix": 5}, "r": 1, "bm": 0, "nm": "Fill 1", "mn": "ADBE Vector Graphic - Fill", "hd": false}], "ip": 0, "op": 61, "st": 0, "bm": 0}, {"ddd": 0, "ind": 2, "ty": 4, "nm": "Slash_Stroke Outlines", "sr": 1, "ks": {"o": {"a": 0, "k": 100, "ix": 11}, "r": {"a": 0, "k": 0, "ix": 10}, "p": {"a": 0, "k": [581.202, 1112.343, 0], "ix": 2}, "a": {"a": 0, "k": [95.959, 172.916, 0], "ix": 1}, "s": {"a": 0, "k": [100, 100, 100], "ix": 6}}, "ao": 0, "shapes": [{"ind": 0, "ty": "sh", "ix": 1, "ks": {"a": 0, "k": {"i": [[0, 0], [0, 0], [0, 0], [0, 0], [0, 0], [0, 0], [0, 0], [0, 0], [0, 0], [0, 0], [0, 0], [0, 0]], "o": [[0, 0], [0, 0], [0, 0], [0, 0], [0, 0], [0, 0], [0, 0], [0, 0], [0, 0], [0, 0], [0, 0], [0, 0]], "v": [[157.156, 0.25], [155.864, 2.958], [1.542, 326.409], [0.25, 329.116], [2.958, 330.408], [32.053, 344.29], [34.761, 345.582], [36.053, 342.874], [190.375, 19.423], [191.667, 16.715], [188.959, 15.424], [159.864, 1.542]], "c": true}, "ix": 2}, "nm": "Path 1", "mn": "ADBE Vector Shape - Group", "hd": false}, {"ind": 1, "ty": "sh", "ix": 2, "ks": {"a": 0, "k": {"i": [[0, 0], [0, 0], [0, 0], [0, 0]], "o": [[0, 0], [0, 0], [0, 0], [0, 0]], "v": [[158.572, 4.249], [187.667, 18.131], [33.345, 341.582], [4.25, 327.7]], "c": true}, "ix": 2}, "nm": "Path 2", "mn": "ADBE Vector Shape - Group", "hd": false}, {"ty": "fl", "c": {"a": 0, "k": [0.290196078431, 0.423529441684, 0.996078491211, 1], "ix": 4}, "o": {"a": 0, "k": 100, "ix": 5}, "r": 1, "bm": 0, "nm": "Fill 1", "mn": "ADBE Vector Graphic - Fill", "hd": false}], "ip": 0, "op": 61, "st": 0, "bm": 0}, {"ddd": 0, "ind": 3, "ty": 4, "nm": "Slash Outlines", "sr": 1, "ks": {"o": {"a": 0, "k": 100, "ix": 11}, "r": {"a": 0, "k": 0, "ix": 10}, "p": {"a": 0, "k": [581.202, 1112.343, 0], "ix": 2}, "a": {"a": 0, "k": [93.959, 170.916, 0], "ix": 1}, "s": {"a": 0, "k": [100, 100, 100], "ix": 6}}, "ao": 0, "shapes": [{"ind": 0, "ty": "sh", "ix": 1, "ks": {"a": 0, "k": {"i": [[0, 0], [0, 0], [0, 0], [0, 0]], "o": [[0, 0], [0, 0], [0, 0], [0, 0]], "v": [[0.25, 326.408], [155.864, 0.25], [187.667, 15.423], [32.053, 341.582]], "c": true}, "ix": 2}, "nm": "Path 1", "mn": "ADBE Vector Shape - Group", "hd": false}, {"ty": "fl", "c": {"a": 0, "k": [0.952941236309, 0.964705942191, 1, 1], "ix": 4}, "o": {"a": 0, "k": 100, "ix": 5}, "r": 1, "bm": 0, "nm": "Fill 1", "mn": "ADBE Vector Graphic - Fill", "hd": false}], "ip": 0, "op": 61, "st": 0, "bm": 0}, {"ddd": 0, "ind": 4, "ty": 4, "nm": "Slash_Cast Shadow Outlines", "sr": 1, "ks": {"o": {"a": 0, "k": 100, "ix": 11}, "r": {"a": 0, "k": 0, "ix": 10}, "p": {"a": 0, "k": [563.393, 1118.561, 0], "ix": 2}, "a": {"a": 0, "k": [70.247, 127.46, 0], "ix": 1}, "s": {"a": 0, "k": [100, 100, 100], "ix": 6}}, "ao": 0, "shapes": [{"ind": 0, "ty": "sh", "ix": 1, "ks": {"a": 0, "k": {"i": [[0, 0], [-10.468, -3.542], [0, 0], [10.745, 1.895]], "o": [[11.254, 0.649], [0, 0], [-10.283, -3.887], [0, 0]], "v": [[41.944, 142.029], [74.641, 148.362], [96.953, 101.596], [65.376, 92.917]], "c": true}, "ix": 2}, "nm": "Path 3", "mn": "ADBE Vector Shape - Group", "hd": false}, {"ty": "fl", "c": {"a": 0, "k": [0.729411764706, 0.780392216701, 0.996078491211, 1], "ix": 4}, "o": {"a": 0, "k": 100, "ix": 5}, "r": 1, "bm": 0, "nm": "Fill 3", "mn": "ADBE Vector Graphic - Fill", "hd": false}, {"ind": 2, "ty": "sh", "ix": 3, "ks": {"a": 0, "k": {"i": [[1.272, 0.503], [9.07, 2.553], [0, 0], [-10.072, -4.019], [0, 0]], "o": [[-8.831, -3.493], [0, 0], [10.596, 2.517], [0, 0], [-1.262, -0.522]], "v": [[136.452, 9.305], [109.588, 0.25], [86.983, 47.628], [118.017, 57.448], [140.244, 10.861]], "c": true}, "ix": 2}, "nm": "Path 2", "mn": "ADBE Vector Shape - Group", "hd": false}, {"ty": "fl", "c": {"a": 0, "k": [0.729411764706, 0.780392216701, 0.996078491211, 1], "ix": 4}, "o": {"a": 0, "k": 100, "ix": 5}, "r": 1, "bm": 0, "nm": "Fill 2", "mn": "ADBE Vector Graphic - Fill", "hd": false}, {"ind": 4, "ty": "sh", "ix": 5, "ks": {"a": 0, "k": {"i": [[10.997, -5.239], [0, 0], [-4.85, -4.769], [-5.186, -1.588], [0, 0]], "o": [[0, 0], [1.463, 6.177], [4.128, 4.058], [0, 0], [-10.313, -6.934]], "v": [[19.143, 189.818], [0.25, 229.417], [9.714, 246.213], [23.92, 254.67], [53.655, 192.347]], "c": true}, "ix": 2}, "nm": "Path 1", "mn": "ADBE Vector Shape - Group", "hd": false}, {"ty": "fl", "c": {"a": 0, "k": [0.729411764706, 0.780392216701, 0.996078491211, 1], "ix": 4}, "o": {"a": 0, "k": 100, "ix": 5}, "r": 1, "bm": 0, "nm": "Fill 1", "mn": "ADBE Vector Graphic - Fill", "hd": false}], "ip": 0, "op": 61, "st": 0, "bm": 0}, {"ddd": 0, "ind": 5, "ty": 4, "nm": "Arc 3_Stroke Outlines", "sr": 1, "ks": {"o": {"a": 0, "k": 100, "ix": 11}, "r": {"a": 0, "k": 0, "ix": 10}, "p": {"a": 0, "k": [526.365, 1040.894, 0], "ix": 2}, "a": {"a": 0, "k": [199.958, 63.103, 0], "ix": 1}, "s": {"a": 0, "k": [100, 100, 100], "ix": 6}}, "ao": 0, "shapes": [{"ind": 0, "ty": "sh", "ix": 1, "ks": {"a": 0, "k": {"i": [[35.455, 0], [0.813, -0.007], [33.378, -13.866], [26.448, -26.901], [-0.017, -1.607], [-1.141, -1.122], [0, 0], [-1.582, 0], [-1.137, 1.157], [-59.289, 0.5], [-0.647, 0], [-41.757, -41.053], [-1.583, 0], [-1.137, 1.157], [0, 0], [2.358, 2.318], [34.798, 13.771]], "o": [[-0.812, 0], [-36.304, 0.307], [-34.559, 14.354], [-1.124, 1.144], [0.017, 1.601], [0, 0], [1.128, 1.109], [1.621, 0], [41.553, -42.266], [0.648, -0.005], [58.539, 0], [1.128, 1.109], [1.624, 0], [0, 0], [2.318, -2.358], [-26.899, -26.446], [-32.841, -12.989]], "v": [[201.369, 0.25], [198.937, 0.26], [93.923, 21.62], [1.984, 83.793], [0.267, 88.058], [2.062, 92.281], [34.566, 124.236], [38.768, 125.956], [43.046, 124.162], [199.424, 57.843], [201.373, 57.835], [356.904, 121.496], [361.107, 123.216], [365.388, 121.422], [397.347, 88.914], [397.274, 80.434], [304.294, 19.825]], "c": true}, "ix": 2}, "nm": "Path 1", "mn": "ADBE Vector Shape - Group", "hd": false}, {"ind": 1, "ty": "sh", "ix": 2, "ks": {"a": 0, "k": {"i": [[-0.804, 0], [-32.5, -12.854], [-26.618, -26.168], [1.16, -1.18], [0, 0], [0.778, 0], [0.583, 0.573], [59.353, 0], [0.656, -0.005], [42.114, -42.837], [0.776, 0], [0.583, 0.573], [0, 0], [-1.16, 1.181], [-34.182, 14.197], [-35.924, 0.304]], "o": [[35.074, 0], [34.418, 13.621], [1.18, 1.16], [0, 0], [-0.587, 0.597], [-0.758, 0], [-42.372, -41.658], [-0.655, 0], [-60.09, 0.507], [-0.588, 0.597], [-0.758, 0], [0, 0], [-1.18, -1.16], [26.17, -26.618], [33.013, -13.715], [0.804, -0.007]], "v": [[201.369, 3.25], [303.19, 22.615], [395.171, 82.573], [395.208, 86.811], [363.248, 119.319], [361.107, 120.215], [359.007, 119.357], [201.373, 54.835], [199.399, 54.843], [40.907, 122.059], [38.768, 122.956], [36.67, 122.097], [4.165, 90.141], [4.123, 85.896], [95.074, 24.391], [198.963, 3.26]], "c": true}, "ix": 2}, "nm": "Path 2", "mn": "ADBE Vector Shape - Group", "hd": false}, {"ty": "fl", "c": {"a": 0, "k": [0.290196078431, 0.423529441684, 0.996078491211, 1], "ix": 4}, "o": {"a": 0, "k": 100, "ix": 5}, "r": 1, "bm": 0, "nm": "Fill 1", "mn": "ADBE Vector Graphic - Fill", "hd": false}], "ip": 0, "op": 61, "st": 0, "bm": 0}, {"ddd": 0, "ind": 6, "ty": 4, "nm": "Arc 3_Highlight Outlines", "sr": 1, "ks": {"o": {"a": 0, "k": 100, "ix": 11}, "r": {"a": 0, "k": 0, "ix": 10}, "p": {"a": 0, "k": [527.915, 1041.235, 0], "ix": 2}, "a": {"a": 0, "k": [179.899, 59.495, 0], "ix": 1}, "s": {"a": 0, "k": [100, 100, 100], "ix": 6}}, "ao": 0, "shapes": [{"ind": 0, "ty": "sh", "ix": 1, "ks": {"a": 0, "k": {"i": [[9.267, 6.193], [0, 0], [-8.741, -7.218], [0, 0]], "o": [[0, 0], [9.593, 5.754], [0, 0], [-8.519, -7.333]], "v": [[333.107, 45.687], [295.104, 82.649], [322.639, 102.123], [359.798, 65.982]], "c": true}, "ix": 2}, "nm": "Path 3", "mn": "ADBE Vector Shape - Group", "hd": false}, {"ty": "fl", "c": {"a": 0, "k": [1, 1, 1, 1], "ix": 4}, "o": {"a": 0, "k": 100, "ix": 5}, "r": 1, "bm": 0, "nm": "Fill 3", "mn": "ADBE Vector Graphic - Fill", "hd": false}, {"ind": 2, "ty": "sh", "ix": 3, "ks": {"a": 0, "k": {"i": [[19.686, -6.531], [0, 0], [0, 0], [-1.16, 1.181], [-20.381, 10.725], [0, 0]], "o": [[0, 0], [0, 0], [1.18, 1.161], [16.608, -16.893], [0, 0], [-20.689, 1.962]], "v": [[92.572, 13.298], [-0.001, 103.334], [15.052, 118.132], [19.289, 118.094], [75.098, 76.547], [153.232, 0.554]], "c": true}, "ix": 2}, "nm": "Path 2", "mn": "ADBE Vector Shape - Group", "hd": false}, {"ty": "fl", "c": {"a": 0, "k": [1, 1, 1, 1], "ix": 4}, "o": {"a": 0, "k": 100, "ix": 5}, "r": 1, "bm": 0, "nm": "Fill 2", "mn": "ADBE Vector Graphic - Fill", "hd": false}, {"ind": 4, "ty": "sh", "ix": 5, "ks": {"a": 0, "k": {"i": [[-24.652, -8.735], [0, 0], [4.858, 1.903], [28.822, 1.822], [0, 0], [-12.12, 0.101]], "o": [[0, 0], [-4.717, -2.16], [-26.946, -10.55], [0, 0], [11.725, -1.947], [26.965, -0.228]], "v": [[255.683, 63.476], [295.938, 24.717], [281.582, 18.607], [197.671, 0.004], [141.986, 53.618], [177.791, 50.512]], "c": true}, "ix": 2}, "nm": "Path 1", "mn": "ADBE Vector Shape - Group", "hd": false}, {"ty": "fl", "c": {"a": 0, "k": [1, 1, 1, 1], "ix": 4}, "o": {"a": 0, "k": 100, "ix": 5}, "r": 1, "bm": 0, "nm": "Fill 1", "mn": "ADBE Vector Graphic - Fill", "hd": false}], "ip": 0, "op": 61, "st": 0, "bm": 0}, {"ddd": 0, "ind": 7, "ty": 4, "nm": "Arc 3 Outlines", "sr": 1, "ks": {"o": {"a": 0, "k": 100, "ix": 11}, "r": {"a": 0, "k": 0, "ix": 10}, "p": {"a": 0, "k": [525.855, 1040.894, 0], "ix": 2}, "a": {"a": 0, "k": [198.382, 61.603, 0], "ix": 1}, "s": {"a": 0, "k": [100, 100, 100], "ix": 6}}, "ao": 0, "shapes": [{"ind": 0, "ty": "sh", "ix": 1, "ks": {"a": 0, "k": {"i": [[1.216, 0], [0.845, 0.832], [0, 0], [-1.737, 1.768], [-34.371, 14.276], [-36.11, 0.305], [-0.808, 0], [-32.663, -12.919], [-26.756, -26.304], [-0.011, -1.201], [0.843, -0.857], [0, 0], [1.218, 0], [0.844, 0.831], [58.934, 0], [0.652, -0.005], [41.834, -42.552]], "o": [[-1.186, 0], [0, 0], [-1.771, -1.742], [26.308, -26.758], [33.201, -13.792], [0.808, -0.007], [35.264, 0], [34.61, 13.696], [0.857, 0.842], [0.011, 1.201], [0, 0], [-0.853, 0.867], [-1.188, 0], [-42.041, -41.33], [-0.651, 0], [-59.69, 0.504], [-0.854, 0.867]], "v": [[37.702, 122.956], [34.553, 121.666], [2.048, 89.711], [1.987, 83.345], [93.432, 21.505], [197.885, 0.26], [200.306, 0.25], [302.677, 19.72], [395.157, 80.003], [396.502, 83.171], [395.212, 86.362], [363.252, 118.871], [360.042, 120.215], [356.891, 118.926], [200.308, 54.835], [198.346, 54.843], [40.911, 121.611]], "c": true}, "ix": 2}, "nm": "Path 1", "mn": "ADBE Vector Shape - Group", "hd": false}, {"ty": "fl", "c": {"a": 0, "k": [0.952941236309, 0.964705942191, 1, 1], "ix": 4}, "o": {"a": 0, "k": 100, "ix": 5}, "r": 1, "bm": 0, "nm": "Fill 1", "mn": "ADBE Vector Graphic - Fill", "hd": false}], "ip": 0, "op": 61, "st": 0, "bm": 0}, {"ddd": 0, "ind": 8, "ty": 4, "nm": "Arc 1_Stroke Outlines", "sr": 1, "ks": {"o": {"a": 0, "k": 100, "ix": 11}, "r": {"a": 0, "k": 0, "ix": 10}, "p": {"a": 0, "k": [526.677, 1126.195, 0], "ix": 2}, "a": {"a": 0, "k": [128.751, 48.114, 0], "ix": 1}, "s": {"a": 0, "k": [100, 100, 100], "ix": 6}}, "ao": 0, "shapes": [{"ind": 0, "ty": "sh", "ix": 1, "ks": {"a": 0, "k": {"i": [[22.737, 0], [0.526, -0.005], [21.413, -8.892], [16.958, -17.249], [-0.017, -1.607], [-1.141, -1.122], [0, 0], [-1.583, 0], [-1.137, 1.156], [-32.499, 0.274], [-0.361, 0], [-22.887, -22.501], [-1.583, 0], [-1.137, 1.156], [0, 0], [0.014, 1.602], [1.142, 1.123], [22.309, 8.826]], "o": [[-0.525, 0], [-23.269, 0.191], [-22.159, 9.206], [-1.124, 1.144], [0.017, 1.601], [0, 0], [1.129, 1.11], [1.621, 0], [22.776, -23.167], [0.361, -0.003], [32.073, 0], [1.128, 1.109], [1.623, 0], [0, 0], [1.123, -1.142], [-0.014, -1.602], [-17.25, -16.96], [-21.045, -8.328]], "v": [[129.847, 0.25], [128.273, 0.257], [60.935, 13.946], [1.984, 53.814], [0.267, 58.079], [2.062, 62.302], [34.566, 94.257], [38.771, 95.978], [43.048, 94.185], [128.764, 57.835], [129.848, 57.831], [215.076, 92.724], [219.28, 94.443], [223.56, 92.65], [255.519, 60.141], [257.239, 55.886], [255.446, 51.661], [195.829, 12.801]], "c": true}, "ix": 2}, "nm": "Path 1", "mn": "ADBE Vector Shape - Group", "hd": false}, {"ind": 1, "ty": "sh", "ix": 2, "ks": {"a": 0, "k": {"i": [[-0.516, 0], [-20.707, -8.194], [-16.963, -16.677], [1.159, -1.179], [0, 0], [0.777, 0], [0.582, 0.574], [32.879, 0], [0.37, -0.003], [23.336, -23.738], [0.776, 0], [0.583, 0.574], [0, 0], [-1.161, 1.181], [-21.784, 9.049], [-22.897, 0.188]], "o": [[22.35, 0], [21.929, 8.676], [1.18, 1.16], [0, 0], [-0.587, 0.598], [-0.759, 0], [-23.478, -23.081], [-0.37, 0], [-33.299, 0.281], [-0.587, 0.596], [-0.759, 0], [0, 0], [-1.181, -1.16], [16.677, -16.963], [21.043, -8.739], [0.517, -0.005]], "v": [[129.847, 3.25], [194.725, 15.59], [253.343, 53.8], [253.38, 58.038], [221.42, 90.546], [219.28, 91.443], [217.18, 90.584], [129.848, 54.831], [128.738, 54.835], [40.909, 92.082], [38.771, 92.978], [36.67, 92.118], [4.166, 60.162], [4.124, 55.917], [62.086, 16.717], [128.299, 3.257]], "c": true}, "ix": 2}, "nm": "Path 2", "mn": "ADBE Vector Shape - Group", "hd": false}, {"ty": "fl", "c": {"a": 0, "k": [0.290196078431, 0.423529441684, 0.996078491211, 1], "ix": 4}, "o": {"a": 0, "k": 100, "ix": 5}, "r": 1, "bm": 0, "nm": "Fill 1", "mn": "ADBE Vector Graphic - Fill", "hd": false}], "ip": 0, "op": 61, "st": 0, "bm": 0}, {"ddd": 0, "ind": 9, "ty": 4, "nm": "Arc 1_Highlight Outlines", "sr": 1, "ks": {"o": {"a": 0, "k": 100, "ix": 11}, "r": {"a": 0, "k": 0, "ix": 10}, "p": {"a": 0, "k": [518.331, 1126.195, 0], "ix": 2}, "a": {"a": 0, "k": [117.139, 44.865, 0], "ix": 1}, "s": {"a": 0, "k": [100, 100, 100], "ix": 6}}, "ao": 0, "shapes": [{"ind": 0, "ty": "sh", "ix": 1, "ks": {"a": 0, "k": {"i": [[0, 0], [-9.774, -6.697], [0, 0], [10.197, 5.098]], "o": [[11.177, 3.635], [0, 0], [-9.032, -7.001], [0, 0]], "v": [[165.214, 57.67], [196.779, 73.225], [234.279, 36.752], [205.402, 18.585]], "c": true}, "ix": 2}, "nm": "Path 2", "mn": "ADBE Vector Shape - Group", "hd": false}, {"ty": "fl", "c": {"a": 0, "k": [1, 1, 1, 1], "ix": 4}, "o": {"a": 0, "k": 100, "ix": 5}, "r": 1, "bm": 0, "nm": "Fill 2", "mn": "ADBE Vector Graphic - Fill", "hd": false}, {"ind": 2, "ty": "sh", "ix": 3, "ks": {"a": 0, "k": {"i": [[12.585, -0.108], [21.043, -8.738], [16.677, -16.964], [-1.18, -1.161], [0, 0], [-1.161, 1.18], [-28.179, 3.248], [0, 0]], "o": [[-22.897, 0.189], [-21.784, 9.05], [-1.161, 1.18], [0, 0], [1.18, 1.161], [20.16, -20.506], [0, 0], [-12.154, -2.5]], "v": [[125.032, 0.008], [58.819, 13.468], [0.857, 52.669], [0.899, 56.914], [33.403, 88.869], [37.642, 88.833], [112.005, 52.424], [162.191, 3.613]], "c": true}, "ix": 2}, "nm": "Path 1", "mn": "ADBE Vector Shape - Group", "hd": false}, {"ty": "fl", "c": {"a": 0, "k": [1, 1, 1, 1], "ix": 4}, "o": {"a": 0, "k": 100, "ix": 5}, "r": 1, "bm": 0, "nm": "Fill 1", "mn": "ADBE Vector Graphic - Fill", "hd": false}], "ip": 0, "op": 61, "st": 0, "bm": 0}, {"ddd": 0, "ind": 10, "ty": 4, "nm": "Arc 1 Outlines", "sr": 1, "ks": {"o": {"a": 0, "k": 100, "ix": 11}, "r": {"a": 0, "k": 0, "ix": 10}, "p": {"a": 0, "k": [526.458, 1126.195, 0], "ix": 2}, "a": {"a": 0, "k": [127.467, 46.615, 0], "ix": 1}, "s": {"a": 0, "k": [100, 100, 100], "ix": 6}}, "ao": 0, "shapes": [{"ind": 0, "ty": "sh", "ix": 1, "ks": {"a": 0, "k": {"i": [[1.217, 0], [0.846, 0.831], [0, 0], [-1.738, 1.769], [-21.971, 9.128], [-23.075, 0.19], [-0.521, 0], [-20.868, -8.258], [-17.107, -16.818], [-0.01, -1.202], [0.842, -0.856], [0, 0], [1.217, 0], [0.846, 0.83], [32.469, 0], [0, 0], [23.058, -23.453]], "o": [[-1.187, 0], [0, 0], [-1.772, -1.742], [16.817, -17.105], [21.235, -8.817], [0.521, -0.004], [22.547, 0], [22.12, 8.752], [0.856, 0.842], [0.011, 1.201], [0, 0], [-0.853, 0.867], [-1.188, 0], [-23.169, -22.78], [0, 0], [-32.899, 0.277], [-0.852, 0.866]], "v": [[37.705, 92.979], [34.552, 91.689], [2.048, 59.732], [1.988, 53.366], [60.444, 13.832], [127.221, 0.257], [128.782, 0.25], [194.211, 12.696], [253.329, 51.231], [254.673, 54.4], [253.384, 57.59], [221.424, 90.099], [218.214, 91.444], [215.061, 90.156], [128.781, 54.831], [127.685, 54.836], [40.912, 91.634]], "c": true}, "ix": 2}, "nm": "Path 1", "mn": "ADBE Vector Shape - Group", "hd": false}, {"ty": "fl", "c": {"a": 0, "k": [0.952941236309, 0.964705942191, 1, 1], "ix": 4}, "o": {"a": 0, "k": 100, "ix": 5}, "r": 1, "bm": 0, "nm": "Fill 1", "mn": "ADBE Vector Graphic - Fill", "hd": false}], "ip": 0, "op": 61, "st": 0, "bm": 0}, {"ddd": 0, "ind": 11, "ty": 4, "nm": "Point_Stroke Outlines", "sr": 1, "ks": {"o": {"a": 0, "k": 100, "ix": 11}, "r": {"a": 0, "k": 0, "ix": 10}, "p": {"a": 0, "k": [525.686, 1212.42, 0], "ix": 2}, "a": {"a": 0, "k": [40.289, 38.144, 0], "ix": 1}, "s": {"a": 0, "k": [100, 100, 100], "ix": 6}}, "ao": 0, "shapes": [{"ind": 0, "ty": "sh", "ix": 1, "ks": {"a": 0, "k": {"i": [[10.014, 0], [7.174, -7.297], [-14.905, -14.654], [-10.014, 0], [-7.175, 7.298], [0.087, 10.137], [7.21, 7.088]], "o": [[-10.261, 0], [-14.655, 14.907], [7.124, 7.004], [10.26, 0], [7.088, -7.21], [-0.087, -10.137], [-7.123, -7.003]], "v": [[41.941, 0.25], [14.905, 11.565], [15.359, 65.176], [41.936, 76.037], [68.973, 64.72], [79.83, 37.82], [68.515, 11.109]], "c": true}, "ix": 2}, "nm": "Path 1", "mn": "ADBE Vector Shape - Group", "hd": false}, {"ind": 1, "ty": "sh", "ix": 2, "ks": {"a": 0, "k": {"i": [[-9.04, 0], [-6.785, -6.671], [13.493, -13.725], [9.04, 0], [6.786, 6.671], [-13.498, 13.729]], "o": [[8.839, 0], [13.726, 13.495], [-6.825, 6.942], [-8.84, 0], [-13.724, -13.493], [6.822, -6.94]], "v": [[41.941, 3.25], [66.412, 13.248], [66.834, 62.617], [41.936, 73.037], [17.463, 63.037], [17.045, 13.668]], "c": true}, "ix": 2}, "nm": "Path 2", "mn": "ADBE Vector Shape - Group", "hd": false}, {"ty": "fl", "c": {"a": 0, "k": [0.290196078431, 0.423529441684, 0.996078491211, 1], "ix": 4}, "o": {"a": 0, "k": 100, "ix": 5}, "r": 1, "bm": 0, "nm": "Fill 1", "mn": "ADBE Vector Graphic - Fill", "hd": false}], "ip": 0, "op": 61, "st": 0, "bm": 0}, {"ddd": 0, "ind": 12, "ty": 4, "nm": "Point Outlines", "sr": 1, "ks": {"o": {"a": 0, "k": 100, "ix": 11}, "r": {"a": 0, "k": 0, "ix": 10}, "p": {"a": 0, "k": [527.337, 1212.42, 0], "ix": 2}, "a": {"a": 0, "k": [40.289, 36.644, 0], "ix": 1}, "s": {"a": 0, "k": [100, 100, 100], "ix": 6}}, "ao": 0, "shapes": [{"ind": 0, "ty": "sh", "ix": 1, "ks": {"a": 0, "k": {"i": [[0.001, 0], [6.841, 6.727], [-14.075, 14.317], [-9.856, 0], [-6.84, -6.725], [14.075, -14.317], [9.854, 0]], "o": [[-9.618, 0], [-14.316, -14.074], [6.889, -7.007], [9.618, 0], [14.318, 14.075], [-6.89, 7.008], [0, 0]], "v": [[40.286, 73.037], [14.761, 62.606], [14.325, 11.116], [40.291, 0.25], [65.813, 10.679], [66.253, 62.169], [40.286, 73.037]], "c": true}, "ix": 2}, "nm": "Path 1", "mn": "ADBE Vector Shape - Group", "hd": false}, {"ty": "fl", "c": {"a": 0, "k": [0.952941236309, 0.964705942191, 1, 1], "ix": 4}, "o": {"a": 0, "k": 100, "ix": 5}, "r": 1, "bm": 0, "nm": "Fill 1", "mn": "ADBE Vector Graphic - Fill", "hd": false}], "ip": 0, "op": 61, "st": 0, "bm": 0}, {"ddd": 0, "ind": 13, "ty": 4, "nm": "Cloud 1 shadow Outlines", "parent": 14, "sr": 1, "ks": {"o": {"a": 0, "k": 100, "ix": 11}, "r": {"a": 0, "k": 0, "ix": 10}, "p": {"a": 0, "k": [137.242, 28.389, 0], "ix": 2}, "a": {"a": 0, "k": [74.589, 32.655, 0], "ix": 1}, "s": {"a": 0, "k": [100, 100, 100], "ix": 6}}, "ao": 0, "shapes": [{"ind": 0, "ty": "sh", "ix": 1, "ks": {"a": 0, "k": {"i": [[-0.441, 0.628], [17.335, 0], [4.782, -2.133], [-15.54, -34.411], [-0.875, 1.735]], "o": [[-4.909, -15.718], [-5.578, 0], [0.39, -0.109], [0.8, 1.771], [0.332, -0.659]], "v": [[148.927, 61.378], [112.014, 34.252], [96.362, 37.575], [143.583, 63.237], [147.77, 63.326]], "c": true}, "ix": 2}, "nm": "Path 2", "mn": "ADBE Vector Shape - Group", "hd": false}, {"ind": 1, "ty": "sh", "ix": 2, "ks": {"a": 0, "k": {"i": [[-0.923, 0.958], [28.396, 0], [6.393, -1.978], [-21.055, -47.477], [-3.653, 4.638]], "o": [[-10.345, -24.638], [-7.044, 0], [2.194, -0.377], [2.394, 5.397], [0.823, -1.046]], "v": [[83.55, 46.468], [20.475, 4.517], [0.25, 7.575], [67.62, 47.727], [80.929, 49.475]], "c": true}, "ix": 2}, "nm": "Path 1", "mn": "ADBE Vector Shape - Group", "hd": false}, {"ty": "fl", "c": {"a": 0, "k": [0.643137254902, 0.709803921569, 0.996078491211, 1], "ix": 4}, "o": {"a": 0, "k": 100, "ix": 5}, "r": 1, "bm": 0, "nm": "Fill 1", "mn": "ADBE Vector Graphic - Fill", "hd": false}], "ip": 0, "op": 61, "st": 0, "bm": 0}, {"ddd": 0, "ind": 14, "ty": 4, "nm": "Cloud 1 Outlines", "sr": 1, "ks": {"o": {"a": 0, "k": 100, "ix": 11}, "r": {"a": 0, "k": 0, "ix": 10}, "p": {"a": 1, "k": [{"i": {"x": 0.667, "y": 1}, "o": {"x": 0.333, "y": 0}, "t": 0, "s": [362.526, 989.607, 0], "to": [0, 0, 0], "ti": [0, 0, 0]}, {"i": {"x": 0.667, "y": 1}, "o": {"x": 0.333, "y": 0}, "t": 30, "s": [390.526, 989.607, 0], "to": [0, 0, 0], "ti": [0, 0, 0]}, {"t": 60, "s": [362.526, 989.607, 0]}], "ix": 2}, "a": {"a": 0, "k": [131.814, 34.451, 0], "ix": 1}, "s": {"a": 0, "k": [100, 100, 100], "ix": 6}}, "ao": 0, "shapes": [{"ind": 0, "ty": "sh", "ix": 1, "ks": {"a": 0, "k": {"i": [[-0.283, 0.346], [9.334, 0], [2.402, -0.995], [-6.741, -16.904], [-0.494, 0.928]], "o": [[-2.453, -8.545], [-2.762, 0], [4.727, -1.171], [0.39, 0.977], [0.213, -0.4]], "v": [[248.022, 63.038], [228.45, 48.203], [220.657, 49.754], [245.065, 64.067], [247.28, 64.175]], "c": true}, "ix": 2}, "nm": "Path 2", "mn": "ADBE Vector Shape - Group", "hd": false}, {"ty": "fl", "c": {"a": 0, "k": [0.643137254902, 0.709803921569, 0.996078491211, 1], "ix": 4}, "o": {"a": 0, "k": 100, "ix": 5}, "r": 1, "bm": 0, "nm": "Fill 2", "mn": "ADBE Vector Graphic - Fill", "hd": false}, {"ind": 2, "ty": "sh", "ix": 3, "ks": {"a": 0, "k": {"i": [[4.82, 0], [1.6, -1.888], [9.333, 0], [3.684, -5.375], [17.335, 0], [7.064, -7.637], [28.486, 0], [3.164, -34.841], [2.36, 0], [0, -4.819], [0, 0], [0, 0], [0, 0], [0, 0], [0, 0], [0, 0]], "o": [[-2.669, 0], [-2.454, -8.545], [-7.009, 0], [-4.909, -15.718], [-11.224, 0], [-10.288, -24.762], [-35.666, 0], [-1.571, -1.523], [-4.82, 0], [0, 0], [0, 0], [0, 0], [0, 0], [0, 0], [0, 0], [0, -4.819]], "v": [[254.65, 59.927], [248.022, 63.038], [228.45, 48.203], [211.581, 57.112], [174.668, 29.986], [146.305, 42.434], [83.129, 0.25], [15.042, 62.396], [8.977, 59.927], [0.25, 68.653], [151.532, 68.653], [207.999, 68.653], [213.335, 68.653], [245.923, 68.653], [248.901, 68.653], [263.377, 68.653]], "c": true}, "ix": 2}, "nm": "Path 1", "mn": "ADBE Vector Shape - Group", "hd": false}, {"ty": "fl", "c": {"a": 0, "k": [0.819607902976, 0.854902020623, 0.996078491211, 1], "ix": 4}, "o": {"a": 0, "k": 100, "ix": 5}, "r": 1, "bm": 0, "nm": "Fill 1", "mn": "ADBE Vector Graphic - Fill", "hd": false}], "ip": 0, "op": 61, "st": 0, "bm": 0}, {"ddd": 0, "ind": 15, "ty": 4, "nm": "Cloud 2 shadow Outlines", "parent": 16, "sr": 1, "ks": {"o": {"a": 0, "k": 100, "ix": 11}, "r": {"a": 0, "k": 0, "ix": 10}, "p": {"a": 0, "k": [197.1, 55.508, 0], "ix": 2}, "a": {"a": 0, "k": [169.091, 63.29, 0], "ix": 1}, "s": {"a": 0, "k": [100, 100, 100], "ix": 6}}, "ao": 0, "shapes": [{"ind": 0, "ty": "sh", "ix": 1, "ks": {"a": 0, "k": {"i": [[0.515, 0.632], [-17.026, 0], [-4.382, -1.813], [12.298, -30.837], [0.901, 1.693]], "o": [[4.475, -15.587], [5.038, 0], [-8.623, -2.135], [-0.71, 1.782], [-0.389, -0.73]], "v": [[0.25, 122.564], [35.952, 95.503], [50.168, 98.331], [5.643, 124.442], [1.604, 124.638]], "c": true}, "ix": 2}, "nm": "Path 3", "mn": "ADBE Vector Shape - Group", "hd": false}, {"ty": "fl", "c": {"a": 0, "k": [0.729411764706, 0.780392216701, 0.996078491211, 1], "ix": 4}, "o": {"a": 0, "k": 100, "ix": 5}, "r": 1, "bm": 0, "nm": "Fill 3", "mn": "ADBE Vector Graphic - Fill", "hd": false}, {"ind": 2, "ty": "sh", "ix": 3, "ks": {"a": 0, "k": {"i": [[0.805, 1.146], [-31.622, 0], [-8.723, -3.89], [28.349, -62.77], [1.596, 3.166]], "o": [[8.955, -28.671], [10.174, 0], [-0.712, -0.199], [-1.459, 3.231], [-0.606, -1.202]], "v": [[66.723, 111.755], [134.058, 62.274], [162.609, 68.335], [76.47, 115.145], [68.834, 115.308]], "c": true}, "ix": 2}, "nm": "Path 2", "mn": "ADBE Vector Shape - Group", "hd": false}, {"ty": "fl", "c": {"a": 0, "k": [0.729411764706, 0.780392216701, 0.996078491211, 1], "ix": 4}, "o": {"a": 0, "k": 100, "ix": 5}, "r": 1, "bm": 0, "nm": "Fill 2", "mn": "ADBE Vector Graphic - Fill", "hd": false}, {"ind": 4, "ty": "sh", "ix": 5, "ks": {"a": 0, "k": {"i": [[1.683, 1.747], [-51.798, 0], [-11.661, -3.608], [38.407, -86.604], [6.664, 8.461]], "o": [[18.871, -44.943], [12.851, 0], [-4.002, -0.688], [-4.366, 9.845], [-1.502, -1.908]], "v": [[185.98, 84.557], [301.037, 8.032], [337.931, 13.61], [215.039, 86.854], [190.761, 90.042]], "c": true}, "ix": 2}, "nm": "Path 1", "mn": "ADBE Vector Shape - Group", "hd": false}, {"ty": "fl", "c": {"a": 0, "k": [0.729411764706, 0.780392216701, 0.996078491211, 1], "ix": 4}, "o": {"a": 0, "k": 100, "ix": 5}, "r": 1, "bm": 0, "nm": "Fill 1", "mn": "ADBE Vector Graphic - Fill", "hd": false}], "ip": 0, "op": 61, "st": 0, "bm": 0}, {"ddd": 0, "ind": 16, "ty": 4, "nm": "Cloud 2 Outlines", "sr": 1, "ks": {"o": {"a": 0, "k": 100, "ix": 11}, "r": {"a": 0, "k": 0, "ix": 10}, "p": {"a": 1, "k": [{"i": {"x": 0.667, "y": 1}, "o": {"x": 0.333, "y": 0}, "t": 0, "s": [740.606, 1127.113, 0], "to": [0, 0, 0], "ti": [0, 0, 0]}, {"i": {"x": 0.667, "y": 1}, "o": {"x": 0.333, "y": 0}, "t": 30, "s": [680.606, 1127.113, 0], "to": [0, 0, 0], "ti": [0, 0, 0]}, {"t": 60, "s": [740.606, 1127.113, 0]}], "ix": 2}, "a": {"a": 0, "k": [240.24, 62.638, 0], "ix": 1}, "s": {"a": 0, "k": [100, 100, 100], "ix": 6}}, "ao": 0, "shapes": [{"ind": 0, "ty": "sh", "ix": 1, "ks": {"a": 0, "k": {"i": [[-8.791, 0], [-2.919, -3.443], [-17.025, 0], [-6.722, -9.805], [-31.621, 0], [-12.885, -13.932], [-51.963, 0], [-5.772, -63.555], [-4.305, 0], [0, -8.791], [0, 0], [0, 0], [0, 0], [0, 0], [0, 0], [0, 0]], "o": [[4.868, 0], [4.475, -15.587], [12.786, 0], [8.955, -28.672], [20.473, 0], [18.768, -45.17], [65.058, 0], [2.866, -2.778], [8.792, 0], [0, 0], [0, 0], [0, 0], [0, 0], [0, 0], [0, 0], [0, -8.791]], "v": [[16.168, 109.108], [28.259, 114.782], [63.96, 87.721], [94.733, 103.973], [162.067, 54.491], [213.804, 77.199], [329.047, 0.25], [453.247, 113.612], [464.31, 109.108], [480.229, 125.026], [204.27, 125.026], [101.265, 125.026], [91.532, 125.026], [32.087, 125.026], [26.655, 125.026], [0.25, 125.026]], "c": true}, "ix": 2}, "nm": "Path 1", "mn": "ADBE Vector Shape - Group", "hd": false}, {"ty": "fl", "c": {"a": 0, "k": [0.819607902976, 0.854902020623, 0.996078491211, 1], "ix": 4}, "o": {"a": 0, "k": 100, "ix": 5}, "r": 1, "bm": 0, "nm": "Fill 1", "mn": "ADBE Vector Graphic - Fill", "hd": false}], "ip": 0, "op": 61, "st": 0, "bm": 0}, {"ddd": 0, "ind": 17, "ty": 4, "nm": "Cloud 3 shadow Outlines", "parent": 18, "sr": 1, "ks": {"o": {"a": 0, "k": 100, "ix": 11}, "r": {"a": 0, "k": 0, "ix": 10}, "p": {"a": 0, "k": [259.666, 50.881, 0], "ix": 2}, "a": {"a": 0, "k": [154.949, 58.011, 0], "ix": 1}, "s": {"a": 0, "k": [100, 100, 100], "ix": 6}}, "ao": 0, "shapes": [{"ind": 0, "ty": "sh", "ix": 1, "ks": {"a": 0, "k": {"i": [[-0.472, 0.579], [15.599, 0], [4.015, -1.662], [-11.268, -28.254], [-0.826, 1.551]], "o": [[-4.1, -14.281], [-4.617, 0], [7.9, -1.957], [0.651, 1.632], [0.356, -0.669]], "v": [[309.649, 112.32], [276.938, 87.526], [263.912, 90.117], [304.707, 114.041], [308.409, 114.221]], "c": true}, "ix": 2}, "nm": "Path 3", "mn": "ADBE Vector Shape - Group", "hd": false}, {"ty": "fl", "c": {"a": 0, "k": [0.729411764706, 0.780392216701, 0.996078491211, 1], "ix": 4}, "o": {"a": 0, "k": 100, "ix": 5}, "r": 1, "bm": 0, "nm": "Fill 3", "mn": "ADBE Vector Graphic - Fill", "hd": false}, {"ind": 2, "ty": "sh", "ix": 3, "ks": {"a": 0, "k": {"i": [[-0.738, 1.05], [28.973, 0], [7.992, -3.564], [-25.974, -57.512], [-1.463, 2.901]], "o": [[-8.205, -26.27], [-9.322, 0], [0.652, -0.182], [1.337, 2.961], [0.555, -1.101]], "v": [[248.743, 102.416], [187.048, 57.079], [160.888, 62.632], [239.812, 105.522], [246.809, 105.671]], "c": true}, "ix": 2}, "nm": "Path 2", "mn": "ADBE Vector Shape - Group", "hd": false}, {"ty": "fl", "c": {"a": 0, "k": [0.729411764706, 0.780392216701, 0.996078491211, 1], "ix": 4}, "o": {"a": 0, "k": 100, "ix": 5}, "r": 1, "bm": 0, "nm": "Fill 2", "mn": "ADBE Vector Graphic - Fill", "hd": false}, {"ind": 4, "ty": "sh", "ix": 5, "ks": {"a": 0, "k": {"i": [[-1.542, 1.6], [47.461, 0], [10.684, -3.306], [-35.19, -79.35], [-6.105, 7.753]], "o": [[-17.29, -41.179], [-11.774, 0], [3.667, -0.63], [4.001, 9.021], [1.377, -1.748]], "v": [[139.474, 77.496], [34.053, 7.38], [0.25, 12.491], [112.849, 79.6], [135.093, 82.521]], "c": true}, "ix": 2}, "nm": "Path 1", "mn": "ADBE Vector Shape - Group", "hd": false}, {"ty": "fl", "c": {"a": 0, "k": [0.729411764706, 0.780392216701, 0.996078491211, 1], "ix": 4}, "o": {"a": 0, "k": 100, "ix": 5}, "r": 1, "bm": 0, "nm": "Fill 1", "mn": "ADBE Vector Graphic - Fill", "hd": false}], "ip": 0, "op": 61, "st": 0, "bm": 0}, {"ddd": 0, "ind": 18, "ty": 4, "nm": "Cloud 3 Outlines", "sr": 1, "ks": {"o": {"a": 0, "k": 100, "ix": 11}, "r": {"a": 0, "k": 0, "ix": 10}, "p": {"a": 1, "k": [{"i": {"x": 0.667, "y": 1}, "o": {"x": 0.333, "y": 0}, "t": 0, "s": [335.266, 1263.664, 0], "to": [0, 0, 0], "ti": [0, 0, 0]}, {"i": {"x": 0.667, "y": 1}, "o": {"x": 0.333, "y": 0}, "t": 30, "s": [385.266, 1263.664, 0], "to": [0, 0, 0], "ti": [0, 0, 0]}, {"t": 60, "s": [335.266, 1263.664, 0]}], "ix": 2}, "a": {"a": 0, "k": [220.139, 57.413, 0], "ix": 1}, "s": {"a": 0, "k": [100, 100, 100], "ix": 6}}, "ao": 0, "shapes": [{"ind": 0, "ty": "sh", "ix": 1, "ks": {"a": 0, "k": {"i": [[8.055, 0], [2.675, -3.155], [15.6, 0], [6.158, -8.983], [28.974, 0], [11.806, -12.766], [47.611, 0], [5.288, -58.232], [3.945, 0], [0, -8.055], [0, 0], [0, 0], [0, 0], [0, 0], [0, 0], [0, 0]], "o": [[-4.46, 0], [-4.101, -14.281], [-11.714, 0], [-8.205, -26.27], [-18.758, 0], [-17.196, -41.387], [-59.61, 0], [-2.626, -2.544], [-8.055, 0], [0, 0], [0, 0], [0, 0], [0, 0], [0, 0], [0, 0], [0, -8.055]], "v": [[425.444, 99.991], [414.366, 105.19], [381.654, 80.396], [353.46, 95.286], [291.764, 49.949], [244.361, 70.755], [138.77, 0.25], [24.972, 104.117], [14.835, 99.991], [0.25, 114.576], [253.096, 114.576], [347.474, 114.576], [356.392, 114.576], [410.859, 114.576], [415.835, 114.576], [440.029, 114.576]], "c": true}, "ix": 2}, "nm": "Path 1", "mn": "ADBE Vector Shape - Group", "hd": false}, {"ty": "fl", "c": {"a": 0, "k": [0.819607902976, 0.854902020623, 0.996078491211, 1], "ix": 4}, "o": {"a": 0, "k": 100, "ix": 5}, "r": 1, "bm": 0, "nm": "Fill 1", "mn": "ADBE Vector Graphic - Fill", "hd": false}], "ip": 0, "op": 61, "st": 0, "bm": 0}]}], "layers": [{"ddd": 0, "ind": 1, "ty": 0, "nm": "Upload Failure_V0.3", "cl": "3", "refId": "comp_0", "sr": 1, "ks": {"o": {"a": 0, "k": 100, "ix": 11}, "r": {"a": 0, "k": 0, "ix": 10}, "p": {"a": 0, "k": [1000, 1000, 0], "ix": 2}, "a": {"a": 0, "k": [527.5, 1134, 0], "ix": 1}, "s": {"a": 0, "k": [201, 201, 100], "ix": 6}}, "ao": 0, "w": 1055, "h": 2268, "ip": 0, "op": 61, "st": 0, "bm": 0}], "markers": []}