{
  "🍇": "grapes",
  "🍈": "melon",
  "🍉": "watermelon",
  "🍊": "orange",
  "🍋": "lemon",
  "🍌": "banana",
  "🍍": "pineapple",
  "🥭": "mango",
  "🍎": "apple",
  "🍏": "green apple",
  "🍐": "pear",
  "🍑": "peach",
  "🍒": "cherry",
  "🍓": "strawberry",
  "🥝": "kiwi",
  "🍅": "tomato",
  "🥥": "coconut",
  "🥑": "avocado",
  "🍆": "eggplant",
  "🥔": "potato",
  "🥕": "carrot",
  "🌽": "corn",
  "🌶️": "pepper",
  "🥒": "cucumber",
  "🥬": "lettuce",
  "🥦": "broccoli",
  "🍄": "mushroom",
  "🥜": "peanut",
  "🌰": "chestnut",
  "🥖": "bread",
  "🥐": "croissant",
  "🥨": "pretzel",
  "🥯": "bagel",
  "🥞": "pancakes",
  "🧇": "waffle",
  "🧀": "cheese",
  "🥩": "meat",
  "🍗": "chicken leg",
  "🥓": "bacon",
  "🍔": "burger",
  "🍟": "french fries",
  "🍕": "pizza",
  "🌭": "hot dog",
  "🥪": "sandwich",
  "🌮": "taco",
  "🌯": "burrito",
  "🥙": "stuffed",
  "🥚": "egg",
  "🍳": "cooking",
  "🥘": "pan fried",
  "🥣": "bowl",
  "🥗": "salad",
  "🍿": "popcorn",
  "🧈": "butter",
  "🧂": "salt",
  "🥫": "canned food",
  "🍱": "thali",
  "🍚": "rice",
  "🍛": "curry rice",
  "🍜": "noodles",
  "🍝": "spaghetti",
  "🍠": "sweet potato",
  "🍣": "sushi",
  "🦐": "shrimp",
  "🍰": "cake",
  "🥟": "dumpling",
  "🥠": "fortune cookie",
  "🥡": "box",
  "🦀": "crab",
  "🦞": "lobster",
  "🦑": "squid",
  "🍨": "ice cream",
  "🍧": "sundae",
  "🍩": "doughnut",
  "🍪": "cookie",
  "🧁": "cupcake",
  "🥧": "pie",
  "🍫": "chocolate",
  "🍬": "candy",
  "🍭": "lollipop",
  "🍮": "custard",
  "🍯": "honey",
  "🥛": "milk",
  "☕": "coffee",
  "🍶": "sake",
  "🍾": "bottle",
  "🍷": "grape juice",
  "🍹": "mocktail",
  "🥤": "juice"
}
