[
    {
        "elementType": "labels.text.stroke",
        "stylers": [
            {
                "visibility": "off"
            }
        ]
    },
    {
        "featureType": "administrative",
        "elementType": "geometry",
        "stylers": [
            {
                "visibility": "off"
            }
        ]
    },
    {
        "featureType": "administrative.land_parcel",
        "stylers": [
            {
                "visibility": "off"
            }
        ]
    },
    {
        "featureType": "administrative.neighborhood",
        "stylers": [
            {
                "visibility": "off"
            }
        ]
    },
    {
        "featureType": "landscape",
        "stylers": [
            {
                "color": "#e7ecf4"
            }
        ]
    },
    {
        "featureType": "poi",
        "stylers": [
            {
                "visibility": "off"
            }
        ]
    },
    {
        "featureType": "poi",
        "elementType": "labels.text",
        "stylers": [
            {
                "visibility": "off"
            }
        ]
    },
    {
        "featureType": "poi.park",
        "stylers": [
            {
                "visibility": "simplified"
            }
        ]
    },
    {
        "featureType": "poi.park",
        "elementType": "labels",
        "stylers": [
            {
                "visibility": "on"
            }
        ]
    },
    {
        "featureType": "poi.park",
        "elementType": "labels.icon",
        "stylers": [
            {
                "visibility": "simplified"
            }
        ]
    },
    {
        "featureType": "poi.park",
        "elementType": "labels.text",
        "stylers": [
            {
                "visibility": "simplified"
            }
        ]
    },
    {
        "featureType": "road",
        "elementType": "labels",
        "stylers": [
            {
                "visibility": "on"
            }
        ]
    },
    {
        "featureType": "road",
        "elementType": "labels.icon",
        "stylers": [
            {
                "visibility": "off"
            }
        ]
    },
    {
        "featureType": "road",
        "elementType": "labels.text.fill",
        "stylers": [
            {
                "saturation": -100
            }
        ]
    },
    {
        "featureType": "road",
        "elementType": "labels.text.stroke",
        "stylers": [
            {
                "visibility": "off"
            }
        ]
    },
    {
        "featureType": "road.highway",
        "elementType": "geometry.fill",
        "stylers": [
            {
                "color": "#ffffff"
            }
        ]
    },
    {
        "featureType": "road.highway",
        "elementType": "geometry.stroke",
        "stylers": [
            {
                "color": "#dbdde1"
            },
            {
                "visibility": "on"
            }
        ]
    },
    {
        "featureType": "road.local",
        "stylers": [
            {
                "visibility": "on"
            }
        ]
    },
    {
        "featureType": "transit",
        "stylers": [
            {
                "visibility": "off"
            }
        ]
    },
    {
        "featureType": "water",
        "elementType": "geometry.fill",
        "stylers": [
            {
                "color": "#91c4e3"
            }
        ]
    },
    {
        "featureType": "water",
        "elementType": "labels.text",
        "stylers": [
            {
                "visibility": "off"
            }
        ]
    }
]
