[
  {
    "featureType": "landscape",
    "stylers": [
      {
        "saturation": -45
      },
      {
        "lightness": 35
      }
    ]
  },
  {
    "featureType": "landscape.man_made",
    "elementType": "geometry",
    "stylers": [
      {
        "lightness": 30
      }
    ]
  },
  {
    "featureType": "poi",
    "elementType": "labels",
    "stylers": [
      {
        "saturation": -100
      },
      {
        "lightness": 50
      },
      {
        "visibility": "simplified"
      }
    ]
  },
  {
    "featureType": "poi",
    "elementType": "labels.icon",
    "stylers": [
      {
        "saturation": -75
      },
      {
        "lightness": 5
      }
    ]
  },
  {
    "featureType": "poi.business",
    "elementType": "geometry",
    "stylers": [
      {
        "saturation": -45
      },
      {
        "lightness": 55
      }
    ]
  },
  {
    "featureType": "poi.park",
    "stylers": [
      {
        "saturation": -100
      },
      {
        "lightness": 65
      }
    ]
  },
  {
    "featureType": "poi.sports_complex",
    "stylers": [
      {
        "visibility": "off"
      }
    ]
  },
  {
    "featureType": "road",
    "stylers": [
      {
        "lightness": 55
      }
    ]
  },
  {
    "featureType": "transit",
    "stylers": [
      {
        "visibility": "off"
      }
    ]
  },
  {
    "featureType": "water",
    "stylers": [
      {
        "saturation": -55
      },
      {
        "lightness": 60
      }
    ]
  }
]
