{"v":"5.6.6","fr":60,"ip":0,"op":205,"w":200,"h":128,"nm":"Action 2","ddd":0,"assets":[],"layers":[{"ddd":0,"ind":1,"ty":4,"nm":"Leg Trail","sr":1,"ks":{"o":{"a":0,"k":100,"ix":11},"r":{"a":0,"k":0,"ix":10},"p":{"a":1,"k":[{"i":{"x":0.4,"y":1},"o":{"x":0.61,"y":0},"t":0,"s":[64.625,117,0],"to":[1.333,0,0],"ti":[-6.333,0,0]},{"i":{"x":0.833,"y":0.833},"o":{"x":0.167,"y":0.167},"t":15,"s":[72.625,117,0],"to":[6.333,0,0],"ti":[-5,0,0]},{"i":{"x":0.833,"y":0.833},"o":{"x":0.6,"y":0.6},"t":40,"s":[102.625,117,0],"to":[0,0,0],"ti":[0,0,0]},{"i":{"x":0.4,"y":1},"o":{"x":0.6,"y":0},"t":70,"s":[102.625,117,0],"to":[-5,0,0],"ti":[6.333,0,0]},{"i":{"x":0.833,"y":0.833},"o":{"x":0.167,"y":0.167},"t":130,"s":[72.625,117,0],"to":[-6.333,0,0],"ti":[1.333,0,0]},{"t":150,"s":[64.625,117,0]}],"ix":2},"a":{"a":0,"k":[-36.875,51.5,0],"ix":1},"s":{"a":1,"k":[{"i":{"x":[0.4,0.4,0.4],"y":[1,1,1]},"o":{"x":[0.61,0.61,0.61],"y":[0,0,0]},"t":0,"s":[100,100,100]},{"i":{"x":[0.833,0.833,0.833],"y":[0.833,-1.5,-1.5]},"o":{"x":[0.167,0.167,0.167],"y":[0.167,2.5,2.5]},"t":15,"s":[85,100,100]},{"i":{"x":[0.833,0.833,0.833],"y":[1,1,1]},"o":{"x":[0.6,0.6,0.6],"y":[0,0,0]},"t":40,"s":[100,100,100]},{"i":{"x":[0.4,0.4,0.4],"y":[1,1,1]},"o":{"x":[0.6,0.6,0.6],"y":[0,0,0]},"t":70,"s":[100,100,100]},{"i":{"x":[0.833,0.833,0.833],"y":[0.833,1,1]},"o":{"x":[0.167,0.167,0.167],"y":[0.167,2.5,2.5]},"t":130,"s":[85,100,100]},{"t":150,"s":[100,100,100]}],"ix":6}},"ao":0,"shapes":[{"ty":"gr","it":[{"ind":0,"ty":"sh","ix":1,"ks":{"a":0,"k":{"i":[[0,0],[0,0]],"o":[[0,0],[0,0]],"v":[[-68.375,51.5],[-5.375,51.5]],"c":false},"ix":2},"nm":"Path 1","mn":"ADBE Vector Shape - Group","hd":false},{"ty":"st","c":{"a":0,"k":[0.313725490196,0.329411764706,0.388235324037,1],"ix":3},"o":{"a":0,"k":100,"ix":4},"w":{"a":0,"k":2,"ix":5},"lc":2,"lj":1,"ml":4,"bm":0,"nm":"Stroke 1","mn":"ADBE Vector Graphic - Stroke","hd":false},{"ty":"tr","p":{"a":0,"k":[0,0],"ix":2},"a":{"a":0,"k":[0,0],"ix":1},"s":{"a":0,"k":[100,100],"ix":3},"r":{"a":0,"k":0,"ix":6},"o":{"a":0,"k":100,"ix":7},"sk":{"a":0,"k":0,"ix":4},"sa":{"a":0,"k":0,"ix":5},"nm":"Transform"}],"nm":"Shape 1","np":3,"cix":2,"bm":0,"ix":1,"mn":"ADBE Vector Group","hd":false}],"ip":0,"op":3600,"st":0,"bm":0},{"ddd":0,"ind":2,"ty":4,"nm":"Bat Trail","sr":1,"ks":{"o":{"a":1,"k":[{"i":{"x":[0.4],"y":[1]},"o":{"x":[0.167],"y":[0.262]},"t":15,"s":[80]},{"t":70,"s":[0]}],"ix":11},"r":{"a":0,"k":0,"ix":10},"p":{"a":0,"k":[100,64,0],"ix":2},"a":{"a":0,"k":[0,0,0],"ix":1},"s":{"a":0,"k":[100,100,100],"ix":6}},"ao":0,"shapes":[{"ty":"gr","it":[{"ind":0,"ty":"sh","ix":1,"ks":{"a":0,"k":{"i":[[12.399,-18.235],[-61.379,14.686],[5.437,25.867]],"o":[[-18.075,26.582],[36.579,-8.752],[-9.413,-44.785]],"v":[[-70.007,-25.587],[4.199,41.584],[45.672,-16.913]],"c":false},"ix":2},"nm":"Path 1","mn":"ADBE Vector Shape - Group","hd":false},{"ty":"st","c":{"a":0,"k":[0.313725490196,0.329411764706,0.388235324037,1],"ix":3},"o":{"a":0,"k":100,"ix":4},"w":{"a":0,"k":32,"ix":5},"lc":1,"lj":1,"ml":4,"bm":0,"nm":"Stroke 1","mn":"ADBE Vector Graphic - Stroke","hd":false},{"ty":"tr","p":{"a":0,"k":[0,0],"ix":2},"a":{"a":0,"k":[0,0],"ix":1},"s":{"a":0,"k":[91.96,100.513],"ix":3},"r":{"a":0,"k":0,"ix":6},"o":{"a":0,"k":100,"ix":7},"sk":{"a":0,"k":0,"ix":4},"sa":{"a":0,"k":0,"ix":5},"nm":"Transform"}],"nm":"Shape 1","np":3,"cix":2,"bm":0,"ix":1,"mn":"ADBE Vector Group","hd":false},{"ty":"tm","s":{"a":0,"k":0,"ix":1},"e":{"a":1,"k":[{"i":{"x":[0.4],"y":[1]},"o":{"x":[0.167],"y":[0.167]},"t":15,"s":[0]},{"t":40,"s":[100]}],"ix":2},"o":{"a":0,"k":0,"ix":3},"m":1,"ix":2,"nm":"Trim Paths 1","mn":"ADBE Vector Filter - Trim","hd":false}],"ip":0,"op":3600,"st":0,"bm":0},{"ddd":0,"ind":3,"ty":4,"nm":"Bat","parent":11,"sr":1,"ks":{"o":{"a":0,"k":100,"ix":11},"r":{"a":1,"k":[{"i":{"x":[0.4],"y":[1]},"o":{"x":[0.6],"y":[0]},"t":0,"s":[-274]},{"i":{"x":[0.4],"y":[1]},"o":{"x":[0.167],"y":[0.167]},"t":15,"s":[-225.971]},{"i":{"x":[0.833],"y":[0.833]},"o":{"x":[0.167],"y":[0.167]},"t":40,"s":[-289.013]},{"i":{"x":[0.4],"y":[1]},"o":{"x":[0.6],"y":[0]},"t":70,"s":[-299]},{"i":{"x":[0.833],"y":[0.833]},"o":{"x":[0.167],"y":[0.167]},"t":130,"s":[-225.971]},{"t":150,"s":[-274]}],"ix":10},"p":{"a":1,"k":[{"i":{"x":0.4,"y":1},"o":{"x":0.6,"y":0},"t":0,"s":[5.25,1.293,0],"to":[0.003,0.005,0],"ti":[-0.005,-0.008,0]},{"i":{"x":0.4,"y":1},"o":{"x":0.167,"y":0.167},"t":15,"s":[6.527,0.957,0],"to":[0.049,0.08,0],"ti":[0,0,0]},{"i":{"x":0.833,"y":0.833},"o":{"x":0.167,"y":0.167},"t":40,"s":[6.714,1.263,0],"to":[0,0,0],"ti":[0,0,0]},{"i":{"x":0.4,"y":1},"o":{"x":0.6,"y":0},"t":70,"s":[6.714,1.263,0],"to":[0,0,0],"ti":[-0.005,-0.008,0]},{"i":{"x":0.833,"y":0.833},"o":{"x":0.167,"y":0.167},"t":130,"s":[6.527,0.957,0],"to":[0.049,0.08,0],"ti":[-0.033,-0.054,0]},{"t":150,"s":[5.25,1.293,0]}],"ix":2},"a":{"a":0,"k":[0.759,11.635,0],"ix":1},"s":{"a":1,"k":[{"i":{"x":[0.4,0.4,0.4],"y":[1,1,1]},"o":{"x":[0.6,0.6,0.6],"y":[0,0,0]},"t":0,"s":[100,82,100]},{"i":{"x":[0.833,0.833,0.833],"y":[1,1,1]},"o":{"x":[0.167,0.167,0.167],"y":[0,0,0]},"t":15,"s":[100,100,100]},{"i":{"x":[0.4,0.4,0.4],"y":[1,1,1]},"o":{"x":[0.6,0.6,0.6],"y":[0,0,0]},"t":70,"s":[100,100,100]},{"i":{"x":[0.833,0.833,0.833],"y":[1,0.833,1]},"o":{"x":[0.167,0.167,0.167],"y":[0,0,0]},"t":130,"s":[100,100,100]},{"t":150,"s":[100,82,100]}],"ix":6}},"ao":0,"shapes":[{"ty":"gr","it":[{"ind":0,"ty":"sh","ix":1,"ks":{"a":0,"k":{"i":[[-0.109,0.868],[0,0],[-0.128,1.003],[-0.032,0.253],[-0.018,0.29],[-0.007,0.452],[0.085,0.666],[0.154,0.394],[0.41,0.092],[0.006,-0.137],[0,-0.02],[-0.001,-0.239],[-0.004,-0.831],[-0.003,-1.062],[0,0],[-0.002,-0.678],[0.001,-0.125]],"o":[[0,0],[0.128,-1.003],[0.031,-0.252],[0.036,-0.287],[0.03,-0.451],[0.01,-0.671],[-0.055,-0.419],[-0.141,-0.361],[-0.149,-0.033],[-0.006,0.137],[0.001,0.24],[0.003,0.831],[0.004,1.062],[0,0],[0.003,0.677],[0.001,0.125],[-0.007,0.581]],"v":[[-0.025,5.585],[0.21,3.741],[0.592,0.732],[0.689,-0.026],[0.757,-0.896],[0.814,-2.25],[0.721,-4.261],[0.434,-5.497],[-0.357,-6.367],[-0.818,-6.316],[-0.818,-6.085],[-0.814,-5.366],[-0.805,-2.874],[-0.794,0.312],[-0.781,3.346],[-0.773,5.379],[-0.771,5.755]],"c":true},"ix":2},"nm":"Path 1","mn":"ADBE Vector Shape - Group","hd":false},{"ty":"fl","c":{"a":0,"k":[0.313999998803,0.328999986836,0.388000009574,1],"ix":4},"o":{"a":0,"k":100,"ix":5},"r":1,"bm":0,"nm":"Fill 1","mn":"ADBE Vector Graphic - Fill","hd":false},{"ty":"tr","p":{"a":0,"k":[1.074,6.703],"ix":2},"a":{"a":0,"k":[0,0],"ix":1},"s":{"a":0,"k":[100,100],"ix":3},"r":{"a":0,"k":0,"ix":6},"o":{"a":0,"k":100,"ix":7},"sk":{"a":0,"k":0,"ix":4},"sa":{"a":0,"k":0,"ix":5},"nm":"Transform"}],"nm":"Group 1","np":2,"cix":2,"bm":0,"ix":1,"mn":"ADBE Vector Group","hd":false}],"ip":0,"op":3600,"st":0,"bm":0},{"ddd":0,"ind":4,"ty":4,"nm":"Head","parent":5,"sr":1,"ks":{"o":{"a":0,"k":100,"ix":11},"r":{"a":1,"k":[{"i":{"x":[0.4],"y":[1]},"o":{"x":[0.6],"y":[0]},"t":0,"s":[11]},{"i":{"x":[0.4],"y":[1]},"o":{"x":[0.167],"y":[0.167]},"t":15,"s":[11]},{"i":{"x":[0.833],"y":[1]},"o":{"x":[0.167],"y":[0]},"t":40,"s":[-37]},{"i":{"x":[0.4],"y":[1]},"o":{"x":[0.6],"y":[0]},"t":70,"s":[-37]},{"i":{"x":[0.833],"y":[1]},"o":{"x":[0.167],"y":[0]},"t":130,"s":[11]},{"t":150,"s":[11]}],"ix":10},"p":{"a":1,"k":[{"i":{"x":0.4,"y":0.4},"o":{"x":0.6,"y":0.6},"t":0,"s":[2.891,0.757,0],"to":[0,0,0],"ti":[0,0,0]},{"i":{"x":0.4,"y":0.4},"o":{"x":0.167,"y":0.167},"t":15,"s":[2.891,0.757,0],"to":[0,0,0],"ti":[0,0,0]},{"i":{"x":0.833,"y":0.833},"o":{"x":0.167,"y":0.167},"t":40,"s":[2.891,0.757,0],"to":[0,0,0],"ti":[0,0,0]},{"i":{"x":0.4,"y":0.4},"o":{"x":0.6,"y":0.6},"t":70,"s":[2.891,0.757,0],"to":[0,0,0],"ti":[0,0,0]},{"i":{"x":0.833,"y":0.833},"o":{"x":0.167,"y":0.167},"t":130,"s":[2.891,0.757,0],"to":[0,0,0],"ti":[0,0,0]},{"t":150,"s":[2.891,0.757,0]}],"ix":2},"a":{"a":0,"k":[3.733,6.338,0],"ix":1},"s":{"a":0,"k":[100,100,100],"ix":6}},"ao":0,"shapes":[{"ty":"gr","it":[{"ind":0,"ty":"sh","ix":1,"ks":{"a":0,"k":{"i":[[0.435,-0.124],[0.249,0.014],[0.031,0.002],[0.009,0.028],[0.015,0.067],[0.003,0.136],[-0.582,0.219]],"o":[[-0.241,0.068],[-0.031,-0.002],[-0.011,-0.027],[-0.021,-0.064],[-0.029,-0.132],[0.617,0.011],[-0.135,0.43]],"v":[[1.32,2.033],[0.575,2.1],[0.48,2.094],[0.451,2.01],[0.397,1.814],[0.349,1.413],[2.202,1.161]],"c":true},"ix":2},"nm":"Path 1","mn":"ADBE Vector Shape - Group","hd":false},{"ind":1,"ty":"sh","ix":2,"ks":{"a":0,"k":{"i":[[-0.718,0.407],[-0.047,0.685],[0.002,0.059],[0.176,-0.036],[0.069,-0.051],[0.075,-0.032],[0.187,-0.036],[0.379,0.002],[-0.324,0.271],[-0.313,0.041],[0,0],[-0.064,0.023],[0.061,0.192],[0.18,-0.024],[0,0],[0.021,0.037],[0.147,0.16],[0.404,0.164],[0.723,-0.305],[0.302,-0.699],[-0.28,-0.724],[-0.688,-0.323],[-0.197,-0.063]],"o":[[0.627,-0.323],[0.004,-0.059],[-0.007,-0.178],[-0.089,0.018],[-0.064,0.049],[-0.173,0.077],[-0.372,0.071],[0.11,-0.407],[0.237,-0.199],[0,0],[0.067,-0.008],[0.189,-0.068],[-0.056,-0.172],[0,0],[0,0],[-0.109,-0.189],[-0.296,-0.322],[-0.727,-0.294],[-0.701,0.297],[-0.308,0.713],[0.275,0.708],[0.188,0.089],[1.021,0.324]],"v":[[1.848,2.447],[2.862,0.781],[2.867,0.604],[2.518,0.326],[2.31,0.456],[2.099,0.576],[1.553,0.736],[0.42,0.833],[1.088,-0.21],[1.954,-0.637],[2.968,-0.771],[3.172,-0.805],[3.404,-1.279],[2.993,-1.538],[2.231,-1.439],[2.163,-1.577],[1.777,-2.103],[0.71,-2.842],[-1.566,-2.826],[-3.142,-1.266],[-3.185,0.988],[-1.678,2.607],[-1.092,2.812]],"c":true},"ix":2},"nm":"Path 2","mn":"ADBE Vector Shape - Group","hd":false},{"ty":"mm","mm":1,"nm":"Merge Paths 1","mn":"ADBE Vector Filter - Merge","hd":false},{"ty":"fl","c":{"a":0,"k":[0.313999998803,0.328999986836,0.388000009574,1],"ix":4},"o":{"a":0,"k":100,"ix":5},"r":1,"bm":0,"nm":"Fill 1","mn":"ADBE Vector Graphic - Fill","hd":false},{"ty":"tr","p":{"a":0,"k":[3.715,3.386],"ix":2},"a":{"a":0,"k":[0,0],"ix":1},"s":{"a":0,"k":[100,100],"ix":3},"r":{"a":0,"k":0,"ix":6},"o":{"a":0,"k":100,"ix":7},"sk":{"a":0,"k":0,"ix":4},"sa":{"a":0,"k":0,"ix":5},"nm":"Transform"}],"nm":"Group 1","np":4,"cix":2,"bm":0,"ix":1,"mn":"ADBE Vector Group","hd":false}],"ip":0,"op":3600,"st":0,"bm":0},{"ddd":0,"ind":5,"ty":4,"nm":"Torso","sr":1,"ks":{"o":{"a":0,"k":100,"ix":11},"r":{"a":1,"k":[{"i":{"x":[0.4],"y":[1]},"o":{"x":[0.6],"y":[0]},"t":0,"s":[-1]},{"i":{"x":[0.4],"y":[1]},"o":{"x":[0.167],"y":[0.167]},"t":15,"s":[0.624]},{"i":{"x":[0.833],"y":[1]},"o":{"x":[0.167],"y":[0]},"t":40,"s":[13]},{"i":{"x":[0.4],"y":[1]},"o":{"x":[0.6],"y":[0]},"t":70,"s":[13]},{"i":{"x":[0.833],"y":[0.833]},"o":{"x":[0.167],"y":[0.167]},"t":130,"s":[0.624]},{"t":150,"s":[-1]}],"ix":10},"p":{"a":1,"k":[{"i":{"x":0.4,"y":1},"o":{"x":0.6,"y":0},"t":0,"s":[75.985,69.721,0],"to":[0.609,0.13,0],"ti":[-0.62,-0.123,0]},{"i":{"x":0.4,"y":1},"o":{"x":0.167,"y":0.167},"t":15,"s":[77.829,62.6,0],"to":[15.246,3.024,0],"ti":[0,0,0]},{"i":{"x":0.833,"y":0.833},"o":{"x":0.167,"y":0.167},"t":40,"s":[111.235,71.471,0],"to":[0,0,0],"ti":[0,0,0]},{"i":{"x":0.4,"y":1},"o":{"x":0.6,"y":0},"t":70,"s":[110.985,68.721,0],"to":[0,0,0],"ti":[0,0,0]},{"i":{"x":0.833,"y":0.833},"o":{"x":0.167,"y":0.167},"t":130,"s":[77.829,62.6,0],"to":[0,0,0],"ti":[0,0,0]},{"t":150,"s":[75.985,69.721,0]}],"ix":2},"a":{"a":0,"k":[2.642,5.216,0],"ix":1},"s":{"a":0,"k":[400,400,100],"ix":6}},"ao":0,"shapes":[{"ty":"gr","it":[{"ind":0,"ty":"sh","ix":1,"ks":{"a":0,"k":{"i":[[1.32,0],[0,0],[0,1.321],[0,0],[-1.32,0],[0,-1.321],[0,0]],"o":[[0,0],[-1.32,0],[0,0],[0,-1.321],[1.32,0],[0,0],[0,1.321]],"v":[[-0.001,4.966],[-0.001,4.966],[-2.391,2.574],[-2.391,-2.575],[-0.001,-4.966],[2.391,-2.575],[2.391,2.574]],"c":true},"ix":2},"nm":"Path 1","mn":"ADBE Vector Shape - Group","hd":false},{"ty":"fl","c":{"a":0,"k":[0.313999998803,0.328999986836,0.388000009574,1],"ix":4},"o":{"a":0,"k":100,"ix":5},"r":1,"bm":0,"nm":"Fill 1","mn":"ADBE Vector Graphic - Fill","hd":false},{"ty":"tr","p":{"a":0,"k":[2.641,5.216],"ix":2},"a":{"a":0,"k":[0,0],"ix":1},"s":{"a":0,"k":[100,100],"ix":3},"r":{"a":0,"k":0,"ix":6},"o":{"a":0,"k":100,"ix":7},"sk":{"a":0,"k":0,"ix":4},"sa":{"a":0,"k":0,"ix":5},"nm":"Transform"}],"nm":"Group 1","np":2,"cix":2,"bm":0,"ix":1,"mn":"ADBE Vector Group","hd":false}],"ip":0,"op":3600,"st":0,"bm":0},{"ddd":0,"ind":6,"ty":4,"nm":"R Shin","parent":7,"sr":1,"ks":{"o":{"a":0,"k":100,"ix":11},"r":{"a":1,"k":[{"i":{"x":[0.4],"y":[1]},"o":{"x":[0.6],"y":[0]},"t":0,"s":[19]},{"i":{"x":[0.833],"y":[0.833]},"o":{"x":[0.167],"y":[0.167]},"t":15,"s":[3.343]},{"i":{"x":[0.833],"y":[0.833]},"o":{"x":[0.167],"y":[0.167]},"t":22,"s":[56.806]},{"i":{"x":[0.4],"y":[1]},"o":{"x":[0.167],"y":[0]},"t":29,"s":[82]},{"i":{"x":[0.833],"y":[1]},"o":{"x":[0.167],"y":[0]},"t":40,"s":[82]},{"i":{"x":[0.4],"y":[1]},"o":{"x":[0.6],"y":[0]},"t":70,"s":[82]},{"i":{"x":[0.833],"y":[0.833]},"o":{"x":[0.167],"y":[0.167]},"t":130,"s":[3.343]},{"t":150,"s":[19]}],"ix":10},"p":{"a":1,"k":[{"i":{"x":0.4,"y":1},"o":{"x":0.6,"y":0},"t":0,"s":[1.716,6.491,0],"to":[0,0.014,0],"ti":[0,-0.025,0]},{"i":{"x":0.4,"y":1},"o":{"x":0.167,"y":0.167},"t":15,"s":[1.716,6.551,0],"to":[0,0.122,0],"ti":[0,-0.066,0]},{"i":{"x":0.833,"y":0.833},"o":{"x":0.167,"y":0.167},"t":40,"s":[1.718,6.967,0],"to":[0,0,0],"ti":[0,0,0]},{"i":{"x":0.4,"y":1},"o":{"x":0.6,"y":0},"t":70,"s":[1.718,6.967,0],"to":[0,-0.069,0],"ti":[0,-0.025,0]},{"i":{"x":0.833,"y":0.833},"o":{"x":0.167,"y":0.167},"t":130,"s":[1.716,6.551,0],"to":[0,0.122,0],"ti":[0,-0.079,0]},{"t":150,"s":[1.716,6.491,0]}],"ix":2},"a":{"a":0,"k":[1.744,1.893,0],"ix":1},"s":{"a":0,"k":[100,100,100],"ix":6}},"ao":0,"shapes":[{"ty":"gr","it":[{"ind":0,"ty":"sh","ix":1,"ks":{"a":0,"k":{"i":[[0.825,0],[0,0],[0,0.826],[0,0],[-0.825,0],[0,-0.826],[0,0]],"o":[[0,0],[-0.825,0],[0,0],[0,-0.826],[0.825,0],[0,0],[0,0.826]],"v":[[0,3.674],[0,3.674],[-1.494,2.18],[-1.494,-2.18],[0,-3.674],[1.494,-2.18],[1.494,2.18]],"c":true},"ix":2},"nm":"Path 1","mn":"ADBE Vector Shape - Group","hd":false},{"ty":"fl","c":{"a":0,"k":[0.313999998803,0.328999986836,0.388000009574,1],"ix":4},"o":{"a":0,"k":100,"ix":5},"r":1,"bm":0,"nm":"Fill 1","mn":"ADBE Vector Graphic - Fill","hd":false},{"ty":"tr","p":{"a":0,"k":[1.744,3.924],"ix":2},"a":{"a":0,"k":[0,0],"ix":1},"s":{"a":0,"k":[100,100],"ix":3},"r":{"a":0,"k":0,"ix":6},"o":{"a":0,"k":100,"ix":7},"sk":{"a":0,"k":0,"ix":4},"sa":{"a":0,"k":0,"ix":5},"nm":"Transform"}],"nm":"Group 1","np":2,"cix":2,"bm":0,"ix":1,"mn":"ADBE Vector Group","hd":false}],"ip":0,"op":3600,"st":0,"bm":0},{"ddd":0,"ind":7,"ty":4,"nm":"R Thigh","parent":5,"sr":1,"ks":{"o":{"a":0,"k":100,"ix":11},"r":{"a":1,"k":[{"i":{"x":[0.4],"y":[1]},"o":{"x":[0.6],"y":[0]},"t":0,"s":[-18]},{"i":{"x":[0.833],"y":[0.833]},"o":{"x":[0.167],"y":[0.167]},"t":15,"s":[-7.547]},{"i":{"x":[0.833],"y":[0.833]},"o":{"x":[0.167],"y":[0.167]},"t":22,"s":[-54.928]},{"i":{"x":[0.4],"y":[1]},"o":{"x":[0.167],"y":[0]},"t":29,"s":[-66]},{"i":{"x":[0.833],"y":[1]},"o":{"x":[0.167],"y":[0]},"t":40,"s":[-66]},{"i":{"x":[0.4],"y":[1]},"o":{"x":[0.6],"y":[0]},"t":70,"s":[-66]},{"i":{"x":[0.833],"y":[0.833]},"o":{"x":[0.167],"y":[0.167]},"t":130,"s":[-7.547]},{"t":150,"s":[-18]}],"ix":10},"p":{"a":1,"k":[{"i":{"x":0.4,"y":1},"o":{"x":0.6,"y":0},"t":0,"s":[3.685,7.091,0],"to":[-0.003,0.007,0],"ti":[0.005,-0.01,0]},{"i":{"x":0.4,"y":1},"o":{"x":0.167,"y":0.167},"t":15,"s":[3.658,8.616,0],"to":[-0.049,0.103,0],"ti":[0.033,-0.069,0]},{"i":{"x":0.833,"y":0.833},"o":{"x":0.167,"y":0.167},"t":40,"s":[3.456,8.173,0],"to":[0,0,0],"ti":[0,0,0]},{"i":{"x":0.4,"y":1},"o":{"x":0.6,"y":0},"t":70,"s":[3.456,8.173,0],"to":[-0.169,0.107,0],"ti":[0.005,-0.01,0]},{"i":{"x":0.833,"y":0.833},"o":{"x":0.167,"y":0.167},"t":130,"s":[3.658,8.616,0],"to":[-0.049,0.103,0],"ti":[0.036,-0.076,0]},{"t":150,"s":[3.685,7.091,0]}],"ix":2},"a":{"a":0,"k":[1.744,1.656,0],"ix":1},"s":{"a":0,"k":[100,100,100],"ix":6}},"ao":0,"shapes":[{"ty":"gr","it":[{"ind":0,"ty":"sh","ix":1,"ks":{"a":0,"k":{"i":[[0.825,0],[0,0],[0,0.825],[0,0],[-0.825,0],[0,-0.825],[0,0]],"o":[[0,0],[-0.825,0],[0,0],[0,-0.825],[0.825,0],[0,0],[0,0.825]],"v":[[0,3.806],[0,3.806],[-1.494,2.312],[-1.494,-2.312],[0,-3.806],[1.494,-2.312],[1.494,2.312]],"c":true},"ix":2},"nm":"Path 1","mn":"ADBE Vector Shape - Group","hd":false},{"ty":"fl","c":{"a":0,"k":[0.313999998803,0.328999986836,0.388000009574,1],"ix":4},"o":{"a":0,"k":100,"ix":5},"r":1,"bm":0,"nm":"Fill 1","mn":"ADBE Vector Graphic - Fill","hd":false},{"ty":"tr","p":{"a":0,"k":[1.744,4.056],"ix":2},"a":{"a":0,"k":[0,0],"ix":1},"s":{"a":0,"k":[100,100],"ix":3},"r":{"a":0,"k":0,"ix":6},"o":{"a":0,"k":100,"ix":7},"sk":{"a":0,"k":0,"ix":4},"sa":{"a":0,"k":0,"ix":5},"nm":"Transform"}],"nm":"Group 1","np":2,"cix":2,"bm":0,"ix":1,"mn":"ADBE Vector Group","hd":false}],"ip":0,"op":3600,"st":0,"bm":0},{"ddd":0,"ind":8,"ty":4,"nm":"L Shin","parent":9,"sr":1,"ks":{"o":{"a":0,"k":100,"ix":11},"r":{"a":1,"k":[{"i":{"x":[0.4],"y":[1]},"o":{"x":[0.6],"y":[0]},"t":0,"s":[-8]},{"i":{"x":[0.4],"y":[1]},"o":{"x":[0.167],"y":[0.167]},"t":15,"s":[-1.968]},{"i":{"x":[0.833],"y":[0.833]},"o":{"x":[0.167],"y":[0.167]},"t":40,"s":[44]},{"i":{"x":[0.4],"y":[1]},"o":{"x":[0.6],"y":[0]},"t":70,"s":[32]},{"i":{"x":[0.833],"y":[0.833]},"o":{"x":[0.167],"y":[0.167]},"t":130,"s":[-1.968]},{"t":150,"s":[-8]}],"ix":10},"p":{"a":1,"k":[{"i":{"x":0.4,"y":1},"o":{"x":0.6,"y":0},"t":0,"s":[1.729,5.385,0],"to":[-0.001,0.014,0],"ti":[0.001,-0.021,0]},{"i":{"x":0.4,"y":1},"o":{"x":0.167,"y":0.167},"t":15,"s":[1.976,7.301,0],"to":[-0.009,0.221,0],"ti":[0.006,-0.15,0]},{"i":{"x":0.833,"y":0.833},"o":{"x":0.167,"y":0.167},"t":40,"s":[1.561,6.887,0],"to":[0,0,0],"ti":[-0.069,-0.069,0]},{"i":{"x":0.4,"y":1},"o":{"x":0.6,"y":0},"t":70,"s":[1.806,6.986,0],"to":[0.069,0.069,0],"ti":[0.001,-0.021,0]},{"i":{"x":0.833,"y":0.833},"o":{"x":0.167,"y":0.167},"t":130,"s":[1.976,7.301,0],"to":[-0.009,0.221,0],"ti":[0.007,-0.165,0]},{"t":150,"s":[1.729,5.385,0]}],"ix":2},"a":{"a":0,"k":[1.744,1.893,0],"ix":1},"s":{"a":0,"k":[100,100,100],"ix":6}},"ao":0,"shapes":[{"ty":"gr","it":[{"ind":0,"ty":"sh","ix":1,"ks":{"a":0,"k":{"i":[[0.825,0],[0,0],[0,0.826],[0,0],[-0.825,0],[0,-0.826],[0,0]],"o":[[0,0],[-0.825,0],[0,0],[0,-0.826],[0.825,0],[0,0],[0,0.826]],"v":[[0,3.674],[0,3.674],[-1.494,2.18],[-1.494,-2.18],[0,-3.674],[1.494,-2.18],[1.494,2.18]],"c":true},"ix":2},"nm":"Path 1","mn":"ADBE Vector Shape - Group","hd":false},{"ty":"fl","c":{"a":0,"k":[0.313999998803,0.328999986836,0.388000009574,1],"ix":4},"o":{"a":0,"k":100,"ix":5},"r":1,"bm":0,"nm":"Fill 1","mn":"ADBE Vector Graphic - Fill","hd":false},{"ty":"tr","p":{"a":0,"k":[1.744,3.924],"ix":2},"a":{"a":0,"k":[0,0],"ix":1},"s":{"a":0,"k":[100,100],"ix":3},"r":{"a":0,"k":0,"ix":6},"o":{"a":0,"k":100,"ix":7},"sk":{"a":0,"k":0,"ix":4},"sa":{"a":0,"k":0,"ix":5},"nm":"Transform"}],"nm":"Group 1","np":2,"cix":2,"bm":0,"ix":1,"mn":"ADBE Vector Group","hd":false}],"ip":0,"op":3600,"st":0,"bm":0},{"ddd":0,"ind":9,"ty":4,"nm":"L Thigh","parent":5,"sr":1,"ks":{"o":{"a":0,"k":100,"ix":11},"r":{"a":1,"k":[{"i":{"x":[0.4],"y":[1]},"o":{"x":[0.6],"y":[0]},"t":0,"s":[12]},{"i":{"x":[0.4],"y":[1]},"o":{"x":[0.167],"y":[0.167]},"t":15,"s":[11.768]},{"i":{"x":[0.833],"y":[1]},"o":{"x":[0.167],"y":[0]},"t":40,"s":[10]},{"i":{"x":[0.4],"y":[1]},"o":{"x":[0.6],"y":[0]},"t":70,"s":[10]},{"i":{"x":[0.833],"y":[0.833]},"o":{"x":[0.167],"y":[0.167]},"t":130,"s":[11.768]},{"t":150,"s":[12]}],"ix":10},"p":{"a":1,"k":[{"i":{"x":0.4,"y":1},"o":{"x":0.6,"y":0},"t":0,"s":[1.802,7.953,0],"to":[-0.007,0.024,0],"ti":[0.013,-0.044,0]},{"i":{"x":0.4,"y":1},"o":{"x":0.167,"y":0.167},"t":15,"s":[1.772,8.057,0],"to":[-0.062,0.214,0],"ti":[0.033,-0.116,0]},{"i":{"x":0.833,"y":0.833},"o":{"x":0.167,"y":0.167},"t":40,"s":[1.56,8.789,0],"to":[0,0,0],"ti":[0,0,0]},{"i":{"x":0.4,"y":1},"o":{"x":0.6,"y":0},"t":70,"s":[1.56,8.789,0],"to":[0.035,-0.122,0],"ti":[0.013,-0.044,0]},{"i":{"x":0.833,"y":0.833},"o":{"x":0.167,"y":0.167},"t":130,"s":[1.772,8.057,0],"to":[-0.062,0.214,0],"ti":[0.04,-0.139,0]},{"t":150,"s":[1.802,7.953,0]}],"ix":2},"a":{"a":0,"k":[1.744,1.656,0],"ix":1},"s":{"a":0,"k":[100,100,100],"ix":6}},"ao":0,"shapes":[{"ty":"gr","it":[{"ind":0,"ty":"sh","ix":1,"ks":{"a":0,"k":{"i":[[0.825,0],[0,0],[0,0.825],[0,0],[-0.825,0],[0,-0.825],[0,0]],"o":[[0,0],[-0.825,0],[0,0],[0,-0.825],[0.825,0],[0,0],[0,0.825]],"v":[[0,3.806],[0,3.806],[-1.494,2.312],[-1.494,-2.312],[0,-3.806],[1.494,-2.312],[1.494,2.312]],"c":true},"ix":2},"nm":"Path 1","mn":"ADBE Vector Shape - Group","hd":false},{"ty":"fl","c":{"a":0,"k":[0.313999998803,0.328999986836,0.388000009574,1],"ix":4},"o":{"a":0,"k":100,"ix":5},"r":1,"bm":0,"nm":"Fill 1","mn":"ADBE Vector Graphic - Fill","hd":false},{"ty":"tr","p":{"a":0,"k":[1.744,4.056],"ix":2},"a":{"a":0,"k":[0,0],"ix":1},"s":{"a":0,"k":[100,100],"ix":3},"r":{"a":0,"k":0,"ix":6},"o":{"a":0,"k":100,"ix":7},"sk":{"a":0,"k":0,"ix":4},"sa":{"a":0,"k":0,"ix":5},"nm":"Transform"}],"nm":"Group 1","np":2,"cix":2,"bm":0,"ix":1,"mn":"ADBE Vector Group","hd":false}],"ip":0,"op":3600,"st":0,"bm":0},{"ddd":0,"ind":10,"ty":4,"nm":"R Arm","parent":5,"sr":1,"ks":{"o":{"a":0,"k":100,"ix":11},"r":{"a":1,"k":[{"i":{"x":[0.4],"y":[1]},"o":{"x":[0.6],"y":[0]},"t":0,"s":[127]},{"i":{"x":[0.4],"y":[1]},"o":{"x":[0.167],"y":[0.167]},"t":15,"s":[123.105]},{"i":{"x":[0.833],"y":[0.833]},"o":{"x":[0.167],"y":[0.167]},"t":40,"s":[-20]},{"i":{"x":[0.4],"y":[1]},"o":{"x":[0.6],"y":[0]},"t":70,"s":[1.978]},{"i":{"x":[0.833],"y":[0.833]},"o":{"x":[0.167],"y":[0.167]},"t":130,"s":[118.105]},{"t":150,"s":[127]}],"ix":10},"p":{"a":1,"k":[{"i":{"x":0.4,"y":1},"o":{"x":0.6,"y":0},"t":0,"s":[3.395,2.677,0],"to":[0.073,-0.102,0],"ti":[-0.07,0.095,0]},{"i":{"x":0.4,"y":1},"o":{"x":0.167,"y":0.167},"t":15,"s":[0.658,3.081,0],"to":[3.993,-5.435,0],"ti":[-0.004,-0.003,0]},{"i":{"x":0.833,"y":0.833},"o":{"x":0.167,"y":0.167},"t":40,"s":[1.223,1.514,0],"to":[0.133,0.108,0],"ti":[-0.126,0.034,0]},{"i":{"x":0.4,"y":1},"o":{"x":0.6,"y":0},"t":70,"s":[1.773,2.279,0],"to":[0.004,-0.001,0],"ti":[-0.07,0.095,0]},{"i":{"x":0.833,"y":0.833},"o":{"x":0.167,"y":0.167},"t":130,"s":[0.658,3.081,0],"to":[3.993,-5.435,0],"ti":[-0.379,0.529,0]},{"t":150,"s":[3.395,2.677,0]}],"ix":2},"a":{"a":0,"k":[1.469,1.474,0],"ix":1},"s":{"a":0,"k":[100,100,100],"ix":6}},"ao":0,"shapes":[{"ty":"gr","it":[{"ind":0,"ty":"sh","ix":1,"ks":{"a":0,"k":{"i":[[-0.676,0],[0,0],[0,0.676],[0.676,0],[0,0],[0,-0.676]],"o":[[0,0],[0.676,0],[0,-0.676],[0,0],[-0.676,0],[0,0.676]],"v":[[-1.99,1.224],[1.99,1.224],[3.214,0],[1.99,-1.224],[-1.99,-1.224],[-3.214,0]],"c":true},"ix":2},"nm":"Path 1","mn":"ADBE Vector Shape - Group","hd":false},{"ty":"fl","c":{"a":0,"k":[0.313999998803,0.328999986836,0.388000009574,1],"ix":4},"o":{"a":0,"k":100,"ix":5},"r":1,"bm":0,"nm":"Fill 1","mn":"ADBE Vector Graphic - Fill","hd":false},{"ty":"tr","p":{"a":0,"k":[3.465,1.474],"ix":2},"a":{"a":0,"k":[0,0],"ix":1},"s":{"a":0,"k":[100,100],"ix":3},"r":{"a":0,"k":0,"ix":6},"o":{"a":0,"k":100,"ix":7},"sk":{"a":0,"k":0,"ix":4},"sa":{"a":0,"k":0,"ix":5},"nm":"Transform"}],"nm":"Group 1","np":2,"cix":2,"bm":0,"ix":1,"mn":"ADBE Vector Group","hd":false}],"ip":0,"op":3600,"st":0,"bm":0},{"ddd":0,"ind":11,"ty":4,"nm":"R Hand","parent":10,"sr":1,"ks":{"o":{"a":0,"k":100,"ix":11},"r":{"a":1,"k":[{"i":{"x":[0.4],"y":[1]},"o":{"x":[0.6],"y":[0]},"t":0,"s":[5]},{"i":{"x":[0.4],"y":[1]},"o":{"x":[0.167],"y":[0.167]},"t":15,"s":[100.033]},{"i":{"x":[0.833],"y":[0.833]},"o":{"x":[0.167],"y":[0.167]},"t":40,"s":[-10.198]},{"i":{"x":[0.4],"y":[1]},"o":{"x":[0.6],"y":[0]},"t":70,"s":[-59.956]},{"i":{"x":[0.833],"y":[0.833]},"o":{"x":[0.167],"y":[0.167]},"t":130,"s":[89.033]},{"t":150,"s":[5]}],"ix":10},"p":{"a":1,"k":[{"i":{"x":0.4,"y":0.4},"o":{"x":0.6,"y":0.6},"t":0,"s":[5.945,1.505,0],"to":[0,0,0],"ti":[0,0,0]},{"i":{"x":0.4,"y":1},"o":{"x":0.167,"y":0.167},"t":15,"s":[5.945,1.505,0],"to":[0,0,0],"ti":[0,0,0]},{"i":{"x":0.833,"y":0.833},"o":{"x":0.167,"y":0.167},"t":40,"s":[5.72,1.289,0],"to":[0,0,0],"ti":[0,0,0]},{"i":{"x":0.4,"y":0.4},"o":{"x":0.6,"y":0.6},"t":70,"s":[5.945,1.505,0],"to":[0,0,0],"ti":[0,0,0]},{"i":{"x":0.833,"y":0.833},"o":{"x":0.167,"y":0.167},"t":130,"s":[5.945,1.505,0],"to":[0,0,0],"ti":[0,0,0]},{"t":150,"s":[5.945,1.505,0]}],"ix":2},"a":{"a":0,"k":[1.621,1.474,0],"ix":1},"s":{"a":0,"k":[100,100,100],"ix":6}},"ao":0,"shapes":[{"ty":"gr","it":[{"ind":0,"ty":"sh","ix":1,"ks":{"a":0,"k":{"i":[[-0.676,0],[0,0],[0,0.676],[0.676,0],[0,0],[0,-0.676]],"o":[[0,0],[0.676,0],[0,-0.676],[0,0],[-0.676,0],[0,0.676]],"v":[[-1.99,1.224],[1.99,1.224],[3.214,0],[1.99,-1.224],[-1.99,-1.224],[-3.214,0]],"c":true},"ix":2},"nm":"Path 1","mn":"ADBE Vector Shape - Group","hd":false},{"ty":"fl","c":{"a":0,"k":[0.313999998803,0.328999986836,0.388000009574,1],"ix":4},"o":{"a":0,"k":100,"ix":5},"r":1,"bm":0,"nm":"Fill 1","mn":"ADBE Vector Graphic - Fill","hd":false},{"ty":"tr","p":{"a":0,"k":[3.465,1.474],"ix":2},"a":{"a":0,"k":[0,0],"ix":1},"s":{"a":0,"k":[100,100],"ix":3},"r":{"a":0,"k":0,"ix":6},"o":{"a":0,"k":100,"ix":7},"sk":{"a":0,"k":0,"ix":4},"sa":{"a":0,"k":0,"ix":5},"nm":"Transform"}],"nm":"Group 1","np":2,"cix":2,"bm":0,"ix":1,"mn":"ADBE Vector Group","hd":false}],"ip":0,"op":3600,"st":0,"bm":0},{"ddd":0,"ind":12,"ty":4,"nm":"L Arm","parent":5,"sr":1,"ks":{"o":{"a":0,"k":100,"ix":11},"r":{"a":1,"k":[{"i":{"x":[0.4],"y":[1]},"o":{"x":[0.6],"y":[0]},"t":0,"s":[101]},{"i":{"x":[0.4],"y":[1]},"o":{"x":[0.167],"y":[0.167]},"t":15,"s":[151.533]},{"i":{"x":[0.833],"y":[0.833]},"o":{"x":[0.167],"y":[0.167]},"t":40,"s":[18.917]},{"i":{"x":[0.4],"y":[1]},"o":{"x":[0.6],"y":[0]},"t":70,"s":[26.024]},{"i":{"x":[0.833],"y":[0.833]},"o":{"x":[0.167],"y":[0.167]},"t":130,"s":[134.533]},{"t":150,"s":[101]}],"ix":10},"p":{"a":1,"k":[{"i":{"x":0.4,"y":1},"o":{"x":0.6,"y":0},"t":0,"s":[3.353,2.693,0],"to":[0.019,-0.038,0],"ti":[-0.017,0.036,0]},{"i":{"x":0.4,"y":1},"o":{"x":0.167,"y":0.167},"t":15,"s":[3.408,2.583,0],"to":[1.019,-2.097,0],"ti":[0.077,0.225,0]},{"i":{"x":0.833,"y":0.833},"o":{"x":0.167,"y":0.167},"t":40,"s":[2.882,1.321,0],"to":[0,0,0],"ti":[-0.088,-0.21,0]},{"i":{"x":0.4,"y":1},"o":{"x":0.6,"y":0},"t":70,"s":[2.897,2.216,0],"to":[0.088,0.21,0],"ti":[-0.017,0.036,0]},{"i":{"x":0.833,"y":0.833},"o":{"x":0.167,"y":0.167},"t":130,"s":[3.408,2.583,0],"to":[1.019,-2.097,0],"ti":[-0.108,0.216,0]},{"t":150,"s":[3.353,2.693,0]}],"ix":2},"a":{"a":0,"k":[1.469,1.474,0],"ix":1},"s":{"a":0,"k":[100,100,100],"ix":6}},"ao":0,"shapes":[{"ty":"gr","it":[{"ind":0,"ty":"sh","ix":1,"ks":{"a":0,"k":{"i":[[-0.676,0],[0,0],[0,0.676],[0.676,0],[0,0],[0,-0.676]],"o":[[0,0],[0.676,0],[0,-0.676],[0,0],[-0.676,0],[0,0.676]],"v":[[-1.99,1.224],[1.99,1.224],[3.214,0],[1.99,-1.224],[-1.99,-1.224],[-3.214,0]],"c":true},"ix":2},"nm":"Path 1","mn":"ADBE Vector Shape - Group","hd":false},{"ty":"fl","c":{"a":0,"k":[0.313999998803,0.328999986836,0.388000009574,1],"ix":4},"o":{"a":0,"k":100,"ix":5},"r":1,"bm":0,"nm":"Fill 1","mn":"ADBE Vector Graphic - Fill","hd":false},{"ty":"tr","p":{"a":0,"k":[3.465,1.474],"ix":2},"a":{"a":0,"k":[0,0],"ix":1},"s":{"a":0,"k":[100,100],"ix":3},"r":{"a":0,"k":0,"ix":6},"o":{"a":0,"k":100,"ix":7},"sk":{"a":0,"k":0,"ix":4},"sa":{"a":0,"k":0,"ix":5},"nm":"Transform"}],"nm":"Group 1","np":2,"cix":2,"bm":0,"ix":1,"mn":"ADBE Vector Group","hd":false}],"ip":0,"op":3600,"st":0,"bm":0},{"ddd":0,"ind":13,"ty":4,"nm":"L Hand","parent":12,"sr":1,"ks":{"o":{"a":0,"k":100,"ix":11},"r":{"a":1,"k":[{"i":{"x":[0.4],"y":[1]},"o":{"x":[0.6],"y":[0]},"t":0,"s":[43]},{"i":{"x":[0.4],"y":[1]},"o":{"x":[0.167],"y":[0.167]},"t":15,"s":[36.706]},{"i":{"x":[0.833],"y":[0.833]},"o":{"x":[0.167],"y":[0.167]},"t":40,"s":[-84.925]},{"i":{"x":[0.4],"y":[1]},"o":{"x":[0.6],"y":[0]},"t":70,"s":[-91.027]},{"i":{"x":[0.833],"y":[0.833]},"o":{"x":[0.167],"y":[0.167]},"t":130,"s":[36.706]},{"t":150,"s":[43]}],"ix":10},"p":{"a":1,"k":[{"i":{"x":0.4,"y":0.4},"o":{"x":0.6,"y":0.6},"t":0,"s":[5.945,1.505,0],"to":[0,0,0],"ti":[0,0,0]},{"i":{"x":0.4,"y":0.4},"o":{"x":0.167,"y":0.167},"t":15,"s":[5.945,1.505,0],"to":[0,0,0],"ti":[0,0,0]},{"i":{"x":0.833,"y":0.833},"o":{"x":0.167,"y":0.167},"t":40,"s":[5.945,1.505,0],"to":[0,0,0],"ti":[0,0,0]},{"i":{"x":0.4,"y":1},"o":{"x":0.6,"y":0},"t":70,"s":[6.159,1.08,0],"to":[0,0,0],"ti":[0,0,0]},{"i":{"x":0.833,"y":0.833},"o":{"x":0.167,"y":0.167},"t":130,"s":[5.945,1.505,0],"to":[0,0,0],"ti":[0,0,0]},{"t":150,"s":[5.945,1.505,0]}],"ix":2},"a":{"a":0,"k":[1.621,1.474,0],"ix":1},"s":{"a":0,"k":[100,100,100],"ix":6}},"ao":0,"shapes":[{"ty":"gr","it":[{"ind":0,"ty":"sh","ix":1,"ks":{"a":0,"k":{"i":[[-0.676,0],[0,0],[0,0.676],[0.676,0],[0,0],[0,-0.676]],"o":[[0,0],[0.676,0],[0,-0.676],[0,0],[-0.676,0],[0,0.676]],"v":[[-1.99,1.224],[1.99,1.224],[3.214,0],[1.99,-1.224],[-1.99,-1.224],[-3.214,0]],"c":true},"ix":2},"nm":"Path 1","mn":"ADBE Vector Shape - Group","hd":false},{"ty":"fl","c":{"a":0,"k":[0.313999998803,0.328999986836,0.388000009574,1],"ix":4},"o":{"a":0,"k":100,"ix":5},"r":1,"bm":0,"nm":"Fill 1","mn":"ADBE Vector Graphic - Fill","hd":false},{"ty":"tr","p":{"a":0,"k":[3.465,1.474],"ix":2},"a":{"a":0,"k":[0,0],"ix":1},"s":{"a":0,"k":[100,100],"ix":3},"r":{"a":0,"k":0,"ix":6},"o":{"a":0,"k":100,"ix":7},"sk":{"a":0,"k":0,"ix":4},"sa":{"a":0,"k":0,"ix":5},"nm":"Transform"}],"nm":"Group 1","np":2,"cix":2,"bm":0,"ix":1,"mn":"ADBE Vector Group","hd":false}],"ip":0,"op":3600,"st":0,"bm":0}],"markers":[]}