{"v":"5.9.0","fr":60,"ip":0,"op":106,"w":1080,"h":1080,"nm":"S","assets":[],"layers":[{"ind":1,"ty":3,"nm":"N","sr":1,"ks":{"o":{"a":0,"k":0},"r":{"a":0,"k":0},"p":{"a":0,"k":[537,540.5,0],"l":2},"a":{"a":0,"k":[51,50.5,0],"l":2},"s":{"a":0,"k":[188,188,100],"l":2}},"ao":0,"ip":0,"op":106,"st":0},{"ind":2,"ty":4,"nm":"B","parent":1,"td":1,"sr":1,"ks":{"o":{"a":0,"k":100},"r":{"a":0,"k":0},"p":{"a":0,"k":[53,51.5,0],"l":2},"a":{"a":0,"k":[-4,32,0],"l":2},"s":{"a":1,"k":[{"i":{"x":[0.5,0.5,0.667],"y":[1,1,1]},"o":{"x":[0.5,0.5,0.333],"y":[0,0,0]},"t":9,"s":[0,0,100]},{"t":41,"s":[72,72,100]}],"l":2}},"ao":0,"shapes":[{"ty":"gr","it":[{"ty":"rc","d":1,"s":{"a":0,"k":[764,764]},"p":{"a":0,"k":[0,0]},"r":{"a":0,"k":683},"nm":"R"},{"ty":"fl","c":{"a":0,"k":[0.106,0.651,0.447,1]},"o":{"a":0,"k":100},"r":1,"nm":"F"},{"ty":"tr","p":{"a":0,"k":[-4,32]},"a":{"a":0,"k":[0,0]},"s":{"a":0,"k":[100,100]},"r":{"a":0,"k":0},"o":{"a":0,"k":100},"sk":{"a":0,"k":0},"sa":{"a":0,"k":0},"nm":"T"}],"nm":"R"}],"ip":0,"op":106,"st":0},{"ind":3,"ty":4,"nm":"g","parent":1,"tt":1,"sr":1,"ks":{"o":{"a":0,"k":100},"r":{"a":0,"k":48},"p":{"a":1,"k":[{"i":{"x":0.667,"y":1},"o":{"x":0.333,"y":0},"t":60,"s":[-82,-106,0],"to":[77,96,0],"ti":[-77,-96,0]},{"t":85,"s":[380,470,0]}],"l":2},"a":{"a":0,"k":[0,0,0],"l":2},"s":{"a":0,"k":[100,100,100],"l":2}},"ao":0,"shapes":[{"ty":"gr","it":[{"ty":"rc","d":1,"s":{"a":0,"k":[151.281,691.781]},"p":{"a":0,"k":[0,0]},"r":{"a":0,"k":0},"nm":"R"},{"ty":"st","c":{"a":0,"k":[0.253,0.736,0,1]},"o":{"a":0,"k":100},"w":{"a":0,"k":0},"lc":1,"lj":1,"ml":4,"nm":"S"},{"ty":"fl","c":{"a":0,"k":[1,1,1,1]},"o":{"a":0,"k":60},"r":1,"nm":"F"},{"ty":"tr","p":{"a":0,"k":[-152.359,29.891]},"a":{"a":0,"k":[0,0]},"s":{"a":0,"k":[100,100]},"r":{"a":0,"k":0},"o":{"a":0,"k":100},"sk":{"a":0,"k":0},"sa":{"a":0,"k":0},"nm":"T"}],"nm":"R"}],"ip":0,"op":106,"st":0},{"ind":4,"ty":4,"nm":"C","parent":1,"sr":1,"ks":{"o":{"a":0,"k":100},"r":{"a":1,"k":[{"i":{"x":[0.5],"y":[1]},"o":{"x":[0.5],"y":[0]},"t":43,"s":[16]},{"i":{"x":[0.5],"y":[1]},"o":{"x":[0.5],"y":[0]},"t":59,"s":[0]},{"i":{"x":[0.5],"y":[1]},"o":{"x":[0.5],"y":[0]},"t":67.332,"s":[-11]},{"t":76,"s":[0]}]},"p":{"a":0,"k":[53,51.5,0],"l":2},"a":{"a":0,"k":[26,-64.5,0],"l":2},"s":{"a":0,"k":[76.991,76.991,100],"l":2}},"ao":0,"shapes":[{"ty":"gr","it":[{"ind":0,"ty":"sh","ks":{"a":0,"k":{"i":[[0,0],[0,0],[0,0]],"o":[[0,0],[0,0],[0,0]],"v":[[-122,-58],[-37,27],[174,-156]],"c":false}},"nm":"P"},{"ty":"st","c":{"a":0,"k":[1,1,1,1]},"o":{"a":0,"k":100},"w":{"a":0,"k":50},"lc":2,"lj":2,"nm":"S"},{"ty":"tr","p":{"a":0,"k":[0,0]},"a":{"a":0,"k":[0,0]},"s":{"a":0,"k":[100,100]},"r":{"a":0,"k":0},"o":{"a":0,"k":100},"sk":{"a":0,"k":0},"sa":{"a":0,"k":0},"nm":"T"}],"nm":"S"},{"ty":"tm","s":{"a":0,"k":0},"e":{"a":1,"k":[{"i":{"x":[0.25],"y":[1]},"o":{"x":[0.75],"y":[0]},"t":47,"s":[0]},{"t":73,"s":[100]}]},"o":{"a":0,"k":0},"m":1,"nm":"T"}],"ip":0,"op":106,"st":0},{"ind":5,"ty":4,"nm":"B","parent":1,"sr":1,"ks":{"o":{"a":1,"k":[{"i":{"x":[0.667],"y":[1]},"o":{"x":[0.333],"y":[0]},"t":9,"s":[0]},{"i":{"x":[0.667],"y":[1]},"o":{"x":[0.333],"y":[0]},"t":32,"s":[0]},{"t":41,"s":[100]}]},"r":{"a":0,"k":0},"p":{"a":0,"k":[53,51.5,0],"l":2},"a":{"a":0,"k":[-4,32,0],"l":2},"s":{"a":1,"k":[{"i":{"x":[0.5,0.5,0.667],"y":[1,1,1]},"o":{"x":[0.5,0.5,0.333],"y":[0,0,0]},"t":32,"s":[30,30,100]},{"t":41,"s":[72,72,100]}],"l":2}},"ao":0,"shapes":[{"ty":"gr","it":[{"ty":"rc","d":1,"s":{"a":0,"k":[764,764]},"p":{"a":0,"k":[0,0]},"r":{"a":0,"k":683},"nm":"R"},{"ty":"fl","c":{"a":0,"k":[0.106,0.651,0.447,1]},"o":{"a":0,"k":100},"r":1,"nm":"F"},{"ty":"tr","p":{"a":0,"k":[-4,32]},"a":{"a":0,"k":[0,0]},"s":{"a":0,"k":[100,100]},"r":{"a":0,"k":0},"o":{"a":0,"k":100},"sk":{"a":0,"k":0},"sa":{"a":0,"k":0},"nm":"T"}],"nm":"R"}],"ip":0,"op":106,"st":0}],"markers":[]}
