{"v":"5.12.1","fr":60,"ip":0,"op":180,"w":202,"h":42,"nm":"express SLA Rx","ddd":0,"assets":[],"fonts":{"list":[{"fName":"Gilroy-SemiBold","fFamily":"Gilroy","fStyle":"SemiBold","ascent":69.9996948242188}]},"layers":[{"ddd":0,"ind":1,"ty":4,"nm":"edge grad layer","sr":1,"ks":{"o":{"a":1,"k":[{"i":{"x":[0.833],"y":[0.833]},"o":{"x":[0.167],"y":[0.167]},"t":1,"s":[0]},{"i":{"x":[0.833],"y":[0.833]},"o":{"x":[0.167],"y":[0.167]},"t":4,"s":[100]},{"i":{"x":[0.833],"y":[0.833]},"o":{"x":[0.167],"y":[0.167]},"t":49,"s":[100]},{"t":59,"s":[0]}],"ix":11},"r":{"a":0,"k":0,"ix":10},"p":{"a":0,"k":[-72.5,82.5,0],"ix":2,"l":2},"a":{"a":0,"k":[0,0,0],"ix":1,"l":2},"s":{"a":0,"k":[95.413,100,100],"ix":6,"l":2}},"ao":0,"shapes":[{"ty":"gr","it":[{"ty":"rc","d":1,"s":{"a":0,"k":[24.082,41.555],"ix":2},"p":{"a":0,"k":[0,0],"ix":3},"r":{"a":0,"k":0,"ix":4},"nm":"Rectangle Path 1","mn":"ADBE Vector Shape - Rect","hd":false},{"ty":"gf","o":{"a":0,"k":100,"ix":10},"r":1,"bm":0,"g":{"p":3,"k":{"a":0,"k":[0,1,1,1,0.507,1,1,1,1,1,1,1,0,1,0.5,0.5,1,0],"ix":9}},"s":{"a":0,"k":[-4.333,0],"ix":5},"e":{"a":0,"k":[10.897,0],"ix":6},"t":1,"nm":"Gradient Fill 1","mn":"ADBE Vector Graphic - G-Fill","hd":false},{"ty":"tr","p":{"a":0,"k":[93.791,-61.473],"ix":2},"a":{"a":0,"k":[0,0],"ix":1},"s":{"a":0,"k":[162.366,100],"ix":3},"r":{"a":0,"k":0,"ix":6},"o":{"a":0,"k":100,"ix":7},"sk":{"a":0,"k":0,"ix":4},"sa":{"a":0,"k":0,"ix":5},"nm":"Transform"}],"nm":"edge grad","np":3,"cix":2,"bm":0,"ix":1,"mn":"ADBE Vector Group","hd":false}],"ip":0,"op":59,"st":0,"ct":1,"bm":0},{"ddd":0,"ind":2,"ty":4,"nm":"shimmer layer","sr":1,"ks":{"o":{"a":0,"k":100,"ix":11},"r":{"a":0,"k":0,"ix":10},"p":{"a":1,"k":[{"i":{"x":0.833,"y":0.833},"o":{"x":0.167,"y":0.167},"t":119,"s":[-60.938,37,0],"to":[0,0,0],"ti":[0,0,0]},{"t":168,"s":[358.062,37,0]}],"ix":2,"l":2},"a":{"a":0,"k":[63,-52,0],"ix":1,"l":2},"s":{"a":0,"k":[290.5,290.5,100],"ix":6,"l":2}},"ao":0,"shapes":[{"ty":"gr","it":[{"ty":"rc","d":1,"s":{"a":0,"k":[46.9,202.111],"ix":2},"p":{"a":0,"k":[0,0],"ix":3},"r":{"a":0,"k":0,"ix":4},"nm":"Rectangle Path 1","mn":"ADBE Vector Shape - Rect","hd":false},{"ty":"gf","o":{"a":0,"k":100,"ix":10},"r":1,"bm":0,"g":{"p":5,"k":{"a":0,"k":[0,1,1,1,0.25,1,1,1,0.5,1,1,1,0.75,1,1,1,1,1,1,1,0,0,0.25,0.45,0.5,0.9,0.75,0.45,1,0],"ix":9}},"s":{"a":0,"k":[-23.338,-0.223],"ix":5},"e":{"a":0,"k":[23.908,0.047],"ix":6},"t":1,"nm":"Gradient Fill 1","mn":"ADBE Vector Graphic - G-Fill","hd":false},{"ty":"tr","p":{"a":0,"k":[49.95,-57.444],"ix":2},"a":{"a":0,"k":[0,0],"ix":1},"s":{"a":0,"k":[100,100],"ix":3},"r":{"a":0,"k":45,"ix":6},"o":{"a":0,"k":100,"ix":7},"sk":{"a":0,"k":0,"ix":4},"sa":{"a":0,"k":0,"ix":5},"nm":"Transform"}],"nm":"shimmer layer","np":3,"cix":2,"bm":0,"ix":1,"mn":"ADBE Vector Group","hd":false}],"ip":-27,"op":573,"st":-27,"ct":1,"bm":0},{"ddd":0,"ind":3,"ty":4,"nm":"null-invisible","sr":1,"ks":{"o":{"a":0,"k":0,"ix":11},"r":{"a":0,"k":0,"ix":10},"p":{"a":1,"k":[{"i":{"x":0.667,"y":1},"o":{"x":0.752,"y":0},"t":0,"s":[-28.19,22.89,0],"to":[0,0,0],"ti":[0,0,0]},{"t":45,"s":[164.46,22.89,0]}],"ix":2,"l":2},"a":{"a":0,"k":[50.5,53.5,0],"ix":1,"l":2},"s":{"a":0,"k":[73,73,100],"ix":6,"l":2}},"ao":0,"shapes":[{"ty":"gr","it":[{"ty":"rc","d":1,"s":{"a":0,"k":[100,100],"ix":2},"p":{"a":0,"k":[0,0],"ix":3},"r":{"a":0,"k":0,"ix":4},"nm":"Rectangle Path 1","mn":"ADBE Vector Shape - Rect","hd":false},{"ty":"fl","c":{"a":0,"k":[1,1,1,1],"ix":4},"o":{"a":0,"k":100,"ix":5},"r":1,"bm":0,"nm":"Fill 1","mn":"ADBE Vector Graphic - Fill","hd":false},{"ty":"tr","p":{"a":0,"k":[-129.487,-0.987],"ix":2},"a":{"a":0,"k":[0,0],"ix":1},"s":{"a":0,"k":[100,100],"ix":3},"r":{"a":0,"k":0,"ix":6},"o":{"a":0,"k":100,"ix":7},"sk":{"a":0,"k":0,"ix":4},"sa":{"a":0,"k":0,"ix":5},"nm":"Transform"}],"nm":"Rectangle 1","np":3,"cix":2,"bm":0,"ix":1,"mn":"ADBE Vector Group","hd":false}],"ip":0,"op":600,"st":0,"ct":1,"bm":0},{"ddd":0,"ind":4,"ty":4,"nm":"lightening symbol 2","parent":3,"sr":1,"ks":{"o":{"a":1,"k":[{"i":{"x":[0.833],"y":[0.833]},"o":{"x":[0.167],"y":[0.167]},"t":0,"s":[0]},{"t":8,"s":[100]}],"ix":11},"r":{"a":1,"k":[{"i":{"x":[0.667],"y":[1]},"o":{"x":[0.333],"y":[0]},"t":24,"s":[0]},{"i":{"x":[0.667],"y":[1]},"o":{"x":[0.333],"y":[0]},"t":30,"s":[8]},{"i":{"x":[0.667],"y":[1]},"o":{"x":[0.333],"y":[0]},"t":41,"s":[0]},{"i":{"x":[0.667],"y":[1]},"o":{"x":[0.333],"y":[0]},"t":45,"s":[15]},{"i":{"x":[0.667],"y":[1]},"o":{"x":[0.333],"y":[0]},"t":48,"s":[-15]},{"t":52,"s":[0]}],"ix":10},"p":{"a":0,"k":[88.637,52.076,0],"ix":2,"l":2},"a":{"a":0,"k":[0,0,0],"ix":1,"l":2},"s":{"a":0,"k":[130,130,100],"ix":6,"l":2}},"ao":0,"shapes":[{"ty":"gr","it":[{"ind":0,"ty":"sh","ix":1,"ks":{"a":0,"k":{"i":[[1.039,-1.511],[0,0],[-0.146,-0.277],[-0.866,0],[0,0],[-0.062,-0.073],[0.037,-0.224],[0,0],[-0.386,-0.156],[-1.039,1.511],[0,0],[0.146,0.277],[0.866,0],[0,0],[0.062,0.073],[-0.037,0.224],[0,0],[0.386,0.156]],"o":[[0,0],[-0.491,0.714],[0.146,0.277],[0,0],[0.227,0],[0.062,0.073],[0,0],[-0.301,1.809],[0.386,0.156],[0,0],[0.491,-0.714],[-0.146,-0.277],[0,0],[-0.227,0],[-0.062,-0.073],[0,0],[0.301,-1.809],[-0.386,-0.156]],"v":[[-0.83,-3.412],[-2.772,-0.588],[-3.363,0.76],[-1.918,1.037],[-1.268,1.037],[-0.865,1.111],[-0.858,1.52],[-1.047,2.654],[-1.114,5.524],[0.83,3.412],[2.772,0.588],[3.363,-0.76],[1.918,-1.037],[1.268,-1.037],[0.865,-1.111],[0.858,-1.52],[1.047,-2.654],[1.114,-5.524]],"c":true},"ix":2},"nm":"Path 1","mn":"ADBE Vector Shape - Group","hd":false},{"ty":"fl","c":{"a":0,"k":[0.525490196078,0.21568627451,0.474509803922,1],"ix":4},"o":{"a":0,"k":100,"ix":5},"r":1,"bm":0,"nm":"Fill 1","mn":"ADBE Vector Graphic - Fill","hd":false},{"ty":"tr","p":{"a":0,"k":[0,0],"ix":2},"a":{"a":0,"k":[0,0],"ix":1},"s":{"a":0,"k":[222.222,222.222],"ix":3},"r":{"a":0,"k":0,"ix":6},"o":{"a":0,"k":100,"ix":7},"sk":{"a":0,"k":0,"ix":4},"sa":{"a":0,"k":0,"ix":5},"nm":"Transform"}],"nm":"Vector 13010","np":2,"cix":2,"bm":0,"ix":1,"mn":"ADBE Vector Group","hd":false}],"ip":8,"op":608,"st":8,"ct":1,"bm":0},{"ddd":0,"ind":5,"ty":4,"nm":"HALO 1","parent":3,"sr":1,"ks":{"o":{"a":1,"k":[{"i":{"x":[0.833],"y":[0.833]},"o":{"x":[0.167],"y":[0.167]},"t":0,"s":[0]},{"i":{"x":[0.833],"y":[0.833]},"o":{"x":[0.167],"y":[0.167]},"t":8,"s":[30]},{"i":{"x":[0.833],"y":[0.833]},"o":{"x":[0.167],"y":[0.167]},"t":50,"s":[70]},{"t":80,"s":[0]}],"ix":11},"r":{"a":1,"k":[{"i":{"x":[0.667],"y":[1]},"o":{"x":[0.333],"y":[0]},"t":24,"s":[0]},{"i":{"x":[0.833],"y":[0.833]},"o":{"x":[0.333],"y":[0]},"t":30,"s":[8]},{"i":{"x":[0.833],"y":[0.833]},"o":{"x":[0.167],"y":[0.167]},"t":41,"s":[0]},{"i":{"x":[0.833],"y":[0.833]},"o":{"x":[0.167],"y":[0.167]},"t":45,"s":[8]},{"i":{"x":[0.833],"y":[0.833]},"o":{"x":[0.167],"y":[0.167]},"t":48,"s":[-7]},{"t":52,"s":[0]}],"ix":10},"p":{"a":0,"k":[88.637,52.076,0],"ix":2,"l":2},"a":{"a":0,"k":[0,0,0],"ix":1,"l":2},"s":{"a":1,"k":[{"i":{"x":[0.833,0.833,0.833],"y":[0.833,0.833,0.833]},"o":{"x":[0.167,0.167,0.167],"y":[0.167,0.167,0.167]},"t":45,"s":[110,110,100]},{"t":75,"s":[188,188,100]}],"ix":6,"l":2}},"ao":0,"shapes":[{"ty":"gr","it":[{"ind":0,"ty":"sh","ix":1,"ks":{"a":0,"k":{"i":[[1.039,-1.511],[0,0],[-0.146,-0.277],[-0.866,0],[0,0],[-0.062,-0.073],[0.037,-0.224],[0,0],[-0.386,-0.156],[-1.039,1.511],[0,0],[0.146,0.277],[0.866,0],[0,0],[0.062,0.073],[-0.037,0.224],[0,0],[0.386,0.156]],"o":[[0,0],[-0.491,0.714],[0.146,0.277],[0,0],[0.227,0],[0.062,0.073],[0,0],[-0.301,1.809],[0.386,0.156],[0,0],[0.491,-0.714],[-0.146,-0.277],[0,0],[-0.227,0],[-0.062,-0.073],[0,0],[0.301,-1.809],[-0.386,-0.156]],"v":[[-0.83,-3.412],[-2.772,-0.588],[-3.363,0.76],[-1.918,1.037],[-1.268,1.037],[-0.865,1.111],[-0.858,1.52],[-1.047,2.654],[-1.114,5.524],[0.83,3.412],[2.772,0.588],[3.363,-0.76],[1.918,-1.037],[1.268,-1.037],[0.865,-1.111],[0.858,-1.52],[1.047,-2.654],[1.114,-5.524]],"c":true},"ix":2},"nm":"Path 1","mn":"ADBE Vector Shape - Group","hd":false},{"ty":"fl","c":{"a":0,"k":[0.525490196078,0.21568627451,0.474509803922,1],"ix":4},"o":{"a":0,"k":100,"ix":5},"r":1,"bm":0,"nm":"Fill 1","mn":"ADBE Vector Graphic - Fill","hd":false},{"ty":"tr","p":{"a":0,"k":[0,0],"ix":2},"a":{"a":0,"k":[0,0],"ix":1},"s":{"a":0,"k":[222.222,222.222],"ix":3},"r":{"a":0,"k":0,"ix":6},"o":{"a":0,"k":100,"ix":7},"sk":{"a":0,"k":0,"ix":4},"sa":{"a":0,"k":0,"ix":5},"nm":"Transform"}],"nm":"Vector 13010","np":2,"cix":2,"bm":0,"ix":1,"mn":"ADBE Vector Group","hd":false}],"ip":8,"op":608,"st":8,"ct":1,"bm":0},{"ddd":0,"ind":6,"ty":4,"nm":"HALO 2","parent":3,"sr":1,"ks":{"o":{"a":1,"k":[{"i":{"x":[0.833],"y":[0.833]},"o":{"x":[0.167],"y":[0.167]},"t":0,"s":[0]},{"i":{"x":[0.833],"y":[0.833]},"o":{"x":[0.167],"y":[0.167]},"t":8,"s":[0]},{"i":{"x":[0.833],"y":[0.833]},"o":{"x":[0.167],"y":[0.167]},"t":59,"s":[0]},{"i":{"x":[0.833],"y":[0.833]},"o":{"x":[0.167],"y":[0.167]},"t":65,"s":[50]},{"t":100,"s":[0]}],"ix":11},"r":{"a":1,"k":[{"i":{"x":[0.833],"y":[0.833]},"o":{"x":[0.167],"y":[0.167]},"t":56,"s":[0]},{"i":{"x":[0.833],"y":[0.833]},"o":{"x":[0.167],"y":[0.167]},"t":60,"s":[8]},{"i":{"x":[0.833],"y":[0.833]},"o":{"x":[0.167],"y":[0.167]},"t":63,"s":[-7]},{"t":67,"s":[0]}],"ix":10},"p":{"a":0,"k":[88.637,52.076,0],"ix":2,"l":2},"a":{"a":0,"k":[0,0,0],"ix":1,"l":2},"s":{"a":1,"k":[{"i":{"x":[0.833,0.833,0.833],"y":[0.833,0.833,0.833]},"o":{"x":[0.167,0.167,0.167],"y":[0.167,0.167,0.167]},"t":60,"s":[110,110,100]},{"t":91,"s":[250,250,100]}],"ix":6,"l":2}},"ao":0,"shapes":[{"ty":"gr","it":[{"ind":0,"ty":"sh","ix":1,"ks":{"a":0,"k":{"i":[[1.039,-1.511],[0,0],[-0.146,-0.277],[-0.866,0],[0,0],[-0.062,-0.073],[0.037,-0.224],[0,0],[-0.386,-0.156],[-1.039,1.511],[0,0],[0.146,0.277],[0.866,0],[0,0],[0.062,0.073],[-0.037,0.224],[0,0],[0.386,0.156]],"o":[[0,0],[-0.491,0.714],[0.146,0.277],[0,0],[0.227,0],[0.062,0.073],[0,0],[-0.301,1.809],[0.386,0.156],[0,0],[0.491,-0.714],[-0.146,-0.277],[0,0],[-0.227,0],[-0.062,-0.073],[0,0],[0.301,-1.809],[-0.386,-0.156]],"v":[[-0.83,-3.412],[-2.772,-0.588],[-3.363,0.76],[-1.918,1.037],[-1.268,1.037],[-0.865,1.111],[-0.858,1.52],[-1.047,2.654],[-1.114,5.524],[0.83,3.412],[2.772,0.588],[3.363,-0.76],[1.918,-1.037],[1.268,-1.037],[0.865,-1.111],[0.858,-1.52],[1.047,-2.654],[1.114,-5.524]],"c":true},"ix":2},"nm":"Path 1","mn":"ADBE Vector Shape - Group","hd":false},{"ty":"fl","c":{"a":0,"k":[0.525490196078,0.21568627451,0.474509803922,1],"ix":4},"o":{"a":0,"k":100,"ix":5},"r":1,"bm":0,"nm":"Fill 1","mn":"ADBE Vector Graphic - Fill","hd":false},{"ty":"tr","p":{"a":0,"k":[0,0],"ix":2},"a":{"a":0,"k":[0,0],"ix":1},"s":{"a":0,"k":[222.222,222.222],"ix":3},"r":{"a":0,"k":0,"ix":6},"o":{"a":0,"k":100,"ix":7},"sk":{"a":0,"k":0,"ix":4},"sa":{"a":0,"k":0,"ix":5},"nm":"Transform"}],"nm":"Vector 13010","np":2,"cix":2,"bm":0,"ix":1,"mn":"ADBE Vector Group","hd":false}],"ip":15,"op":615,"st":15,"ct":1,"bm":0},{"ddd":0,"ind":7,"ty":4,"nm":"up line","parent":3,"sr":1,"ks":{"o":{"a":1,"k":[{"i":{"x":[0.833],"y":[0.833]},"o":{"x":[0.167],"y":[0.167]},"t":0,"s":[0]},{"t":20,"s":[100]}],"ix":11},"r":{"a":0,"k":0,"ix":10},"p":{"a":1,"k":[{"i":{"x":0.833,"y":0.833},"o":{"x":0.167,"y":0.167},"t":82,"s":[126.842,73.5,0],"to":[0,0,0],"ti":[0,0,0]},{"i":{"x":0.833,"y":0.833},"o":{"x":0.167,"y":0.167},"t":123,"s":[126.842,73.5,0],"to":[0,0,0],"ti":[0,0,0]},{"t":131,"s":[126.842,73.5,0]}],"ix":2,"l":2},"a":{"a":0,"k":[0,0,0],"ix":1,"l":2},"s":{"a":0,"k":[100,100,100],"ix":6,"l":2}},"ao":0,"shapes":[{"ty":"gr","it":[{"ind":0,"ty":"sh","ix":1,"ks":{"a":1,"k":[{"i":{"x":0.833,"y":0.833},"o":{"x":0.701,"y":0},"t":10,"s":[{"i":[[0,0],[0,0],[0,0]],"o":[[0,0],[0,0],[0,0]],"v":[[-59.5,-24.5],[-59.38,-24.5],[-37,-24.5]],"c":true}]},{"i":{"x":0.667,"y":1},"o":{"x":0.167,"y":0.167},"t":31,"s":[{"i":[[0,0],[0,0],[0,0]],"o":[[0,0],[0,0],[0,0]],"v":[[-138.278,-23.676],[-137.812,-23.676],[-50.607,-23.676]],"c":true}]},{"i":{"x":0.667,"y":1},"o":{"x":0.333,"y":0},"t":40,"s":[{"i":[[0,0],[0,0],[0,0]],"o":[[0,0],[0,0],[0,0]],"v":[[-111.242,-23.875],[-110.935,-23.875],[-53.495,-23.875]],"c":true}]},{"i":{"x":0.833,"y":1},"o":{"x":0.167,"y":0},"t":60,"s":[{"i":[[0,0],[0,0],[0,0]],"o":[[0,0],[0,0],[0,0]],"v":[[-63.78,-24.101],[-63.72,-24.101],[-52.479,-24.101]],"c":true}]},{"t":131,"s":[{"i":[[0,0],[0,0],[0,0]],"o":[[0,0],[0,0],[0,0]],"v":[[-63.78,-24.101],[-63.72,-24.101],[-52.479,-24.101]],"c":true}]}],"ix":2},"nm":"Path 1","mn":"ADBE Vector Shape - Group","hd":false},{"ty":"st","c":{"a":0,"k":[0.525490196078,0.21568627451,0.474509803922,1],"ix":3},"o":{"a":0,"k":100,"ix":4},"w":{"a":0,"k":5,"ix":5},"lc":1,"lj":1,"ml":4,"bm":0,"nm":"Stroke 1","mn":"ADBE Vector Graphic - Stroke","hd":false},{"ty":"gf","o":{"a":0,"k":100,"ix":10},"r":1,"bm":0,"g":{"p":2,"k":{"a":0,"k":[0,1,1,1,1,0,0,0],"ix":9}},"s":{"a":0,"k":[0,0],"ix":5},"e":{"a":0,"k":[100,0],"ix":6},"t":2,"h":{"a":0,"k":0,"ix":7},"a":{"a":0,"k":0,"ix":8},"nm":"Gradient Fill 1","mn":"ADBE Vector Graphic - G-Fill","hd":false},{"ty":"tr","p":{"a":0,"k":[0.164,0.291],"ix":2},"a":{"a":0,"k":[0,0],"ix":1},"s":{"a":0,"k":[100,100],"ix":3},"r":{"a":0,"k":0,"ix":6},"o":{"a":0,"k":100,"ix":7},"sk":{"a":0,"k":0,"ix":4},"sa":{"a":0,"k":0,"ix":5},"nm":"Transform"}],"nm":"Shape 1","np":3,"cix":2,"bm":0,"ix":1,"mn":"ADBE Vector Group","hd":false}],"ip":0,"op":480,"st":0,"ct":1,"bm":0},{"ddd":0,"ind":8,"ty":4,"nm":"below line","parent":3,"sr":1,"ks":{"o":{"a":1,"k":[{"i":{"x":[0.833],"y":[0.833]},"o":{"x":[0.167],"y":[0.167]},"t":0,"s":[0]},{"t":20,"s":[100]}],"ix":11},"r":{"a":0,"k":0,"ix":10},"p":{"a":1,"k":[{"i":{"x":0.833,"y":0.833},"o":{"x":0.167,"y":0.167},"t":82,"s":[126.842,69.212,0],"to":[0,0,0],"ti":[0,0,0]},{"i":{"x":0.833,"y":0.833},"o":{"x":0.167,"y":0.167},"t":123,"s":[126.842,69.212,0],"to":[0,0,0],"ti":[0,0,0]},{"t":131,"s":[126.842,69.212,0]}],"ix":2,"l":2},"a":{"a":0,"k":[0,0,0],"ix":1,"l":2},"s":{"a":0,"k":[100,100,100],"ix":6,"l":2}},"ao":0,"shapes":[{"ty":"gr","it":[{"ind":0,"ty":"sh","ix":1,"ks":{"a":1,"k":[{"i":{"x":0.833,"y":0.833},"o":{"x":0.701,"y":0},"t":10,"s":[{"i":[[0,0],[0,0]],"o":[[0,0],[0,0]],"v":[[-74,-8],[-36.5,-8]],"c":true}]},{"i":{"x":0.667,"y":1},"o":{"x":0.167,"y":0.167},"t":31,"s":[{"i":[[0,0],[0,0]],"o":[[0,0],[0,0]],"v":[[-118.594,-7.551],[-47.844,-7.551]],"c":true}]},{"i":{"x":0.833,"y":1},"o":{"x":0.333,"y":0},"t":40,"s":[{"i":[[0,0],[0,0]],"o":[[0,0],[0,0]],"v":[[-96.352,-7.294],[-54.358,-7.294]],"c":true}]},{"i":{"x":0.833,"y":1},"o":{"x":0.167,"y":0},"t":60,"s":[{"i":[[0,0],[0,0]],"o":[[0,0],[0,0]],"v":[[-68.753,-8],[-55.397,-8]],"c":true}]},{"t":131,"s":[{"i":[[0,0],[0,0]],"o":[[0,0],[0,0]],"v":[[-68.753,-8],[-55.397,-8]],"c":true}]}],"ix":2},"nm":"Path 1","mn":"ADBE Vector Shape - Group","hd":false},{"ty":"st","c":{"a":0,"k":[0.525490196078,0.21568627451,0.474509803922,1],"ix":3},"o":{"a":0,"k":100,"ix":4},"w":{"a":0,"k":5,"ix":5},"lc":1,"lj":1,"ml":4,"bm":0,"nm":"Stroke 1","mn":"ADBE Vector Graphic - Stroke","hd":false},{"ty":"gf","o":{"a":0,"k":100,"ix":10},"r":1,"bm":0,"g":{"p":2,"k":{"a":0,"k":[0,1,1,1,1,0,0,0],"ix":9}},"s":{"a":0,"k":[0,0],"ix":5},"e":{"a":0,"k":[100,0],"ix":6},"t":2,"h":{"a":0,"k":0,"ix":7},"a":{"a":0,"k":0,"ix":8},"nm":"Gradient Fill 1","mn":"ADBE Vector Graphic - G-Fill","hd":false},{"ty":"tr","p":{"a":0,"k":[0,0],"ix":2},"a":{"a":0,"k":[0,0],"ix":1},"s":{"a":0,"k":[100,100],"ix":3},"r":{"a":0,"k":0,"ix":6},"o":{"a":0,"k":100,"ix":7},"sk":{"a":0,"k":0,"ix":4},"sa":{"a":0,"k":0,"ix":5},"nm":"Transform"}],"nm":"Shape 1","np":3,"cix":2,"bm":0,"ix":1,"mn":"ADBE Vector Group","hd":false}],"ip":0,"op":480,"st":0,"ct":1,"bm":0},{"ddd":0,"ind":9,"ty":5,"nm":"slaText","sr":1,"ks":{"o":{"a":0,"k":100,"ix":11},"r":{"a":1,"k":[{"i":{"x":[0.833],"y":[0.833]},"o":{"x":[0.167],"y":[0.167]},"t":101,"s":[0]},{"i":{"x":[0.833],"y":[0.833]},"o":{"x":[0.167],"y":[0.167]},"t":105.762,"s":[-1]},{"i":{"x":[0.833],"y":[0.833]},"o":{"x":[0.167],"y":[0.167]},"t":110.523,"s":[3]},{"i":{"x":[0.833],"y":[0.833]},"o":{"x":[0.167],"y":[0.167]},"t":116.477,"s":[-3]},{"i":{"x":[0.833],"y":[0.833]},"o":{"x":[0.167],"y":[0.167]},"t":121.238,"s":[1]},{"t":126,"s":[0]}],"ix":10},"p":{"a":0,"k":[82.915,24.898,0],"ix":2,"l":2},"a":{"a":0,"k":[97.801,-8.291,0],"ix":1,"l":2},"s":{"a":1,"k":[{"i":{"x":[0.667,0.667,0.667],"y":[1,1,1]},"o":{"x":[0.333,0.333,0.333],"y":[0,0,0]},"t":82,"s":[62.25,0,100]},{"t":101,"s":[83,83,100]}],"ix":6,"l":2}},"ao":0,"t":{"d":{"k":[{"s":{"s":39,"f":"Gilroy-SemiBold","t":"20-25 mins","ca":0,"j":0,"tr":-10,"lh":93,"ls":0,"fc":[0.851,0.741,0.686],"sc":[0.905,0.626,0.486],"sw":1,"of":true},"t":0}]},"p":{},"m":{"g":1,"a":{"a":0,"k":[0,0],"ix":2}},"a":[]},"ip":106,"op":121,"st":27,"ct":1,"bm":0},{"ddd":0,"ind":10,"ty":5,"nm":"slaText","sr":1,"ks":{"o":{"a":0,"k":100,"ix":11},"r":{"a":1,"k":[{"i":{"x":[0.833],"y":[0.833]},"o":{"x":[0.167],"y":[0.167]},"t":101,"s":[0]},{"i":{"x":[0.833],"y":[0.833]},"o":{"x":[0.167],"y":[0.167]},"t":105.762,"s":[-1]},{"i":{"x":[0.833],"y":[0.833]},"o":{"x":[0.167],"y":[0.167]},"t":110.523,"s":[3]},{"i":{"x":[0.833],"y":[0.833]},"o":{"x":[0.167],"y":[0.167]},"t":116.477,"s":[-3]},{"i":{"x":[0.833],"y":[0.833]},"o":{"x":[0.167],"y":[0.167]},"t":121.238,"s":[1]},{"t":126,"s":[0]}],"ix":10},"p":{"a":0,"k":[83.33,24.898,0],"ix":2,"l":2},"a":{"a":0,"k":[97.848,-8.291,0],"ix":1,"l":2},"s":{"a":1,"k":[{"i":{"x":[0.667,0.667,0.667],"y":[1,1,1]},"o":{"x":[0.333,0.333,0.333],"y":[0,0,0]},"t":70,"s":[62.25,0,100]},{"t":89,"s":[83,83,100]}],"ix":6,"l":2}},"ao":0,"t":{"d":{"k":[{"s":{"s":39,"f":"Gilroy-SemiBold","t":"20-25 mins","ca":0,"j":0,"tr":-10,"lh":93,"ls":0,"fc":[0.525,0.216,0.475]},"t":0}]},"p":{},"m":{"g":1,"a":{"a":0,"k":[0,0],"ix":2}},"a":[]},"ip":15,"op":495,"st":15,"ct":1,"bm":0},{"ddd":0,"ind":11,"ty":4,"nm":"mask express layer","sr":1,"ks":{"o":{"a":0,"k":100,"ix":11},"r":{"a":0,"k":0,"ix":10},"p":{"a":0,"k":[101,22,0],"ix":2,"l":2},"a":{"a":0,"k":[0,0,0],"ix":1,"l":2},"s":{"a":1,"k":[{"i":{"x":[0.667,0.667,0.667],"y":[1,1,1]},"o":{"x":[0.333,0.333,0.333],"y":[0,0,0]},"t":66,"s":[100,0,100]},{"t":82,"s":[100,136,100]}],"ix":6,"l":2}},"ao":0,"shapes":[{"ty":"gr","it":[{"ty":"rc","d":1,"s":{"a":0,"k":[116.885,25.18],"ix":2},"p":{"a":0,"k":[0,0],"ix":3},"r":{"a":0,"k":0,"ix":4},"nm":"Rectangle Path 1","mn":"ADBE Vector Shape - Rect","hd":false},{"ty":"fl","c":{"a":0,"k":[1,1,1,1],"ix":4},"o":{"a":0,"k":100,"ix":5},"r":1,"bm":0,"nm":"Fill 1","mn":"ADBE Vector Graphic - Fill","hd":false},{"ty":"tr","p":{"a":0,"k":[-18.058,1.59],"ix":2},"a":{"a":0,"k":[0,0],"ix":1},"s":{"a":0,"k":[100,100],"ix":3},"r":{"a":0,"k":0,"ix":6},"o":{"a":0,"k":100,"ix":7},"sk":{"a":0,"k":0,"ix":4},"sa":{"a":0,"k":0,"ix":5},"nm":"Transform"}],"nm":"mask express","np":3,"cix":2,"bm":0,"ix":1,"mn":"ADBE Vector Group","hd":false}],"ip":-34,"op":566,"st":-34,"ct":1,"bm":0},{"ddd":0,"ind":12,"ty":5,"nm":"EXPRESS","sr":1,"ks":{"o":{"a":0,"k":100,"ix":11},"r":{"a":0,"k":0,"ix":10},"p":{"a":1,"k":[{"i":{"x":0.698,"y":0.553},"o":{"x":0.366,"y":0},"t":0,"s":[-66.384,26.897,0],"to":[0,0,0],"ti":[0,0,0]},{"i":{"x":0.621,"y":1},"o":{"x":0.882,"y":0.075},"t":12,"s":[-63.176,26.897,0],"to":[0,0,0],"ti":[0,0,0]},{"t":45,"s":[91.026,25.897,0]}],"ix":2,"l":2},"a":{"a":0,"k":[87.862,-8.291,0],"ix":1,"l":2},"s":{"a":0,"k":[73,73,100],"ix":6,"l":2}},"ao":0,"t":{"d":{"k":[{"s":{"s":46,"f":"Gilroy-SemiBold","t":"Express","ca":0,"j":0,"tr":-10,"lh":93,"ls":0,"fc":[0.525,0.216,0.475]},"t":0}]},"p":{},"m":{"g":1,"a":{"a":0,"k":[0,0],"ix":2}},"a":[]},"ip":0,"op":480,"st":0,"ct":1,"bm":0},{"ddd":0,"ind":13,"ty":4,"nm":"gradwipe layer","sr":1,"ks":{"o":{"a":0,"k":100,"ix":11},"r":{"a":0,"k":0,"ix":10},"p":{"a":1,"k":[{"i":{"x":0.833,"y":0.833},"o":{"x":0.167,"y":0.167},"t":0,"s":[-295,83,0],"to":[0,0,0],"ti":[0,0,0]},{"t":42,"s":[-69,83,0]}],"ix":2,"l":2},"a":{"a":0,"k":[0,0,0],"ix":1,"l":2},"s":{"a":0,"k":[100,100,100],"ix":6,"l":2}},"ao":0,"shapes":[{"ty":"gr","it":[{"ty":"rc","d":1,"s":{"a":0,"k":[167.585,41.913],"ix":2},"p":{"a":0,"k":[0,0],"ix":3},"r":{"a":0,"k":0,"ix":4},"nm":"Rectangle Path 1","mn":"ADBE Vector Shape - Rect","hd":false},{"ty":"gf","o":{"a":0,"k":100,"ix":10},"r":1,"bm":0,"g":{"p":3,"k":{"a":0,"k":[0,1,1,1,0.109,1,1,1,0.495,1,1,1,0,1,0.25,0.5,0.5,0],"ix":9}},"s":{"a":0,"k":[-2.516,-0.453],"ix":5},"e":{"a":0,"k":[20.183,0],"ix":6},"t":1,"nm":"Gradient Fill 1","mn":"ADBE Vector Graphic - G-Fill","hd":false},{"ty":"tr","p":{"a":0,"k":[273.701,-61.793],"ix":2},"a":{"a":0,"k":[0,0],"ix":1},"s":{"a":0,"k":[250.605,110.443],"ix":3},"r":{"a":0,"k":0,"ix":6},"o":{"a":0,"k":100,"ix":7},"sk":{"a":0,"k":0,"ix":4},"sa":{"a":0,"k":0,"ix":5},"nm":"Transform"}],"nm":"gradwipe","np":2,"cix":2,"bm":0,"ix":1,"mn":"ADBE Vector Group","hd":false}],"ip":0,"op":600,"st":0,"ct":1,"bm":0},{"ddd":0,"ind":14,"ty":5,"nm":"slaText","sr":1,"ks":{"o":{"a":0,"k":100,"ix":11},"r":{"a":0,"k":0,"ix":10},"p":{"a":0,"k":[83.83,24.898,0],"ix":2,"l":2},"a":{"a":0,"k":[98.856,-8.291,0],"ix":1,"l":2},"s":{"a":0,"k":[83,83,100],"ix":6,"l":2}},"ao":0,"t":{"d":{"k":[{"s":{"s":39,"f":"Gilroy-SemiBold","t":"20-25 mins","ca":0,"j":0,"tr":-10,"lh":93,"ls":0,"fc":[0.525,0.216,0.475]},"t":0}]},"p":{},"m":{"g":1,"a":{"a":0,"k":[0,0],"ix":2}},"a":[]},"ip":-34,"op":446,"st":-34,"ct":1,"bm":0},{"ddd":0,"ind":15,"ty":4,"nm":"lightening symbol","sr":1,"ks":{"o":{"a":0,"k":100,"ix":11},"r":{"a":0,"k":0,"ix":10},"p":{"a":0,"k":[192.3,21.85,0],"ix":2,"l":2},"a":{"a":0,"k":[0,0,0],"ix":1,"l":2},"s":{"a":0,"k":[95,95,100],"ix":6,"l":2}},"ao":0,"shapes":[{"ty":"gr","it":[{"ind":0,"ty":"sh","ix":1,"ks":{"a":0,"k":{"i":[[1.039,-1.511],[0,0],[-0.146,-0.277],[-0.866,0],[0,0],[-0.062,-0.073],[0.037,-0.224],[0,0],[-0.386,-0.156],[-1.039,1.511],[0,0],[0.146,0.277],[0.866,0],[0,0],[0.062,0.073],[-0.037,0.224],[0,0],[0.386,0.156]],"o":[[0,0],[-0.491,0.714],[0.146,0.277],[0,0],[0.227,0],[0.062,0.073],[0,0],[-0.301,1.809],[0.386,0.156],[0,0],[0.491,-0.714],[-0.146,-0.277],[0,0],[-0.227,0],[-0.062,-0.073],[0,0],[0.301,-1.809],[-0.386,-0.156]],"v":[[-0.83,-3.412],[-2.772,-0.588],[-3.363,0.76],[-1.918,1.037],[-1.268,1.037],[-0.865,1.111],[-0.858,1.52],[-1.047,2.654],[-1.114,5.524],[0.83,3.412],[2.772,0.588],[3.363,-0.76],[1.918,-1.037],[1.268,-1.037],[0.865,-1.111],[0.858,-1.52],[1.047,-2.654],[1.114,-5.524]],"c":true},"ix":2},"nm":"Path 1","mn":"ADBE Vector Shape - Group","hd":false},{"ty":"fl","c":{"a":0,"k":[0.525490196078,0.21568627451,0.474509803922,1],"ix":4},"o":{"a":0,"k":100,"ix":5},"r":1,"bm":0,"nm":"Fill 1","mn":"ADBE Vector Graphic - Fill","hd":false},{"ty":"tr","p":{"a":0,"k":[0,0],"ix":2},"a":{"a":0,"k":[0,0],"ix":1},"s":{"a":0,"k":[222.222,222.222],"ix":3},"r":{"a":0,"k":0,"ix":6},"o":{"a":0,"k":100,"ix":7},"sk":{"a":0,"k":0,"ix":4},"sa":{"a":0,"k":0,"ix":5},"nm":"Transform"}],"nm":"Vector 13010","np":2,"cix":2,"bm":0,"ix":1,"mn":"ADBE Vector Group","hd":false}],"ip":0,"op":600,"st":0,"ct":1,"bm":0},{"ddd":0,"ind":16,"ty":4,"nm":"Vector 13013 layer","sr":1,"ks":{"o":{"a":0,"k":100,"ix":11},"r":{"a":0,"k":0,"ix":10},"p":{"a":0,"k":[177.798,19.616,0],"ix":2,"l":2},"a":{"a":0,"k":[0,0,0],"ix":1,"l":2},"s":{"a":0,"k":[100,100,100],"ix":6,"l":2}},"ao":0,"shapes":[{"ty":"gr","it":[{"ind":0,"ty":"sh","ix":1,"ks":{"a":0,"k":{"i":[[0,0],[0,0]],"o":[[0,0],[0,0]],"v":[[2.074,0],[-2.074,0]],"c":false},"ix":2},"nm":"Path 1","mn":"ADBE Vector Shape - Group","hd":false},{"ty":"st","c":{"a":0,"k":[0.525490224361,0.215686276555,0.474509805441,1],"ix":3},"o":{"a":0,"k":100,"ix":4},"w":{"a":0,"k":1.5,"ix":5},"lc":1,"lj":1,"ml":4,"bm":0,"nm":"Stroke 1","mn":"ADBE Vector Graphic - Stroke","hd":false},{"ty":"tr","p":{"a":0,"k":[0,0],"ix":2},"a":{"a":0,"k":[0,0],"ix":1},"s":{"a":0,"k":[222.222,222.222],"ix":3},"r":{"a":0,"k":0,"ix":6},"o":{"a":0,"k":100,"ix":7},"sk":{"a":0,"k":0,"ix":4},"sa":{"a":0,"k":0,"ix":5},"nm":"Transform"}],"nm":"Vector 13013","np":2,"cix":2,"bm":0,"ix":1,"mn":"ADBE Vector Group","hd":false}],"ip":0,"op":600,"st":0,"ct":1,"bm":0},{"ddd":0,"ind":17,"ty":4,"nm":"Vector 13012 layer","sr":1,"ks":{"o":{"a":0,"k":100,"ix":11},"r":{"a":0,"k":0,"ix":10},"p":{"a":0,"k":[174.343,28.834,0],"ix":2,"l":2},"a":{"a":0,"k":[0,0,0],"ix":1,"l":2},"s":{"a":0,"k":[100,100,100],"ix":6,"l":2}},"ao":0,"shapes":[{"ty":"gr","it":[{"ind":0,"ty":"sh","ix":1,"ks":{"a":0,"k":{"i":[[0,0],[0,0]],"o":[[0,0],[0,0]],"v":[[2.593,0],[-2.593,0]],"c":false},"ix":2},"nm":"Path 1","mn":"ADBE Vector Shape - Group","hd":false},{"ty":"st","c":{"a":0,"k":[0.525490196078,0.21568627451,0.474509803922,1],"ix":3},"o":{"a":0,"k":100,"ix":4},"w":{"a":0,"k":1.5,"ix":5},"lc":1,"lj":1,"ml":4,"bm":0,"nm":"Stroke 1","mn":"ADBE Vector Graphic - Stroke","hd":false},{"ty":"tr","p":{"a":0,"k":[0,0],"ix":2},"a":{"a":0,"k":[0,0],"ix":1},"s":{"a":0,"k":[222.222,222.222],"ix":3},"r":{"a":0,"k":0,"ix":6},"o":{"a":0,"k":100,"ix":7},"sk":{"a":0,"k":0,"ix":4},"sa":{"a":0,"k":0,"ix":5},"nm":"Transform"}],"nm":"Vector 13012","np":2,"cix":2,"bm":0,"ix":1,"mn":"ADBE Vector Group","hd":false}],"ip":0,"op":600,"st":0,"ct":1,"bm":0},{"ddd":0,"ind":18,"ty":4,"nm":"bg white layer","sr":1,"ks":{"o":{"a":0,"k":100,"ix":11},"r":{"a":0,"k":0,"ix":10},"p":{"a":0,"k":[-58.744,83,0],"ix":2,"l":2},"a":{"a":0,"k":[0,0,0],"ix":1,"l":2},"s":{"a":0,"k":[96.489,100,100],"ix":6,"l":2}},"ao":0,"shapes":[{"ty":"gr","it":[{"ty":"rc","d":1,"s":{"a":0,"k":[161.113,38.527],"ix":2},"p":{"a":0,"k":[0,0],"ix":3},"r":{"a":0,"k":0,"ix":4},"nm":"Rectangle Path 1","mn":"ADBE Vector Shape - Rect","hd":false},{"ty":"fl","c":{"a":0,"k":[1,1,1,1],"ix":4},"o":{"a":0,"k":100,"ix":5},"r":1,"bm":0,"nm":"Fill 1","mn":"ADBE Vector Graphic - Fill","hd":false},{"ty":"tr","p":{"a":0,"k":[165.557,-61.736],"ix":2},"a":{"a":0,"k":[0,0],"ix":1},"s":{"a":0,"k":[133.572,108.645],"ix":3},"r":{"a":0,"k":0,"ix":6},"o":{"a":0,"k":100,"ix":7},"sk":{"a":0,"k":0,"ix":4},"sa":{"a":0,"k":0,"ix":5},"nm":"Transform"}],"nm":"bg white ","np":3,"cix":2,"bm":0,"ix":1,"mn":"ADBE Vector Group","hd":false}],"ip":0,"op":600,"st":0,"ct":1,"bm":0}],"markers":[],"props":{},"chars":[{"ch":"2","size":39,"style":"SemiBold","w":52.9,"data":{"shapes":[{"ty":"gr","it":[{"ind":0,"ty":"sh","ix":1,"ks":{"a":0,"k":{"i":[[0,0],[0,0],[0,0],[0,0],[0,0],[0,8.762],[11.581,0],[4.532,-9.668],[0,0],[-5.841,0],[0,-7.05],[5.035,-5.035],[0,0]],"o":[[0,0],[0,0],[0,0],[0,0],[6.747,-6.848],[0,-13.998],[-9.366,0],[0,0],[2.719,-5.64],[6.042,0],[0,5.338],[0,0],[0,0]],"v":[[3.122,0],[49.548,0],[49.548,-11.179],[20.343,-11.179],[36.255,-27.09],[48.239,-50.052],[25.681,-71.805],[2.921,-57.504],[12.689,-51.764],[25.781,-60.526],[36.658,-49.649],[27.695,-34.14],[3.122,-9.064]],"c":true},"ix":2},"nm":"2","mn":"ADBE Vector Shape - Group","hd":false}],"nm":"2","np":3,"cix":2,"bm":0,"ix":1,"mn":"ADBE Vector Group","hd":false}]},"fFamily":"Gilroy"},{"ch":"0","size":39,"style":"SemiBold","w":63,"data":{"shapes":[{"ty":"gr","it":[{"ind":0,"ty":"sh","ix":1,"ks":{"a":0,"k":{"i":[[-17.725,0],[0,21.753],[17.725,0],[0,-21.753]],"o":[[17.725,0],[0,-21.753],[-17.725,0],[0,21.753]],"v":[[31.723,1.309],[59.418,-35.248],[31.723,-71.805],[4.028,-35.248]],"c":true},"ix":2},"nm":"0","mn":"ADBE Vector Shape - Group","hd":false},{"ind":1,"ty":"sh","ix":2,"ks":{"a":0,"k":{"i":[[10.474,0],[0,16.214],[-10.373,0],[0,-16.214]],"o":[[-10.373,0],[0,-16.214],[10.474,0],[0,16.214]],"v":[[31.723,-9.97],[15.61,-35.248],[31.723,-60.526],[47.836,-35.248]],"c":true},"ix":2},"nm":"0","mn":"ADBE Vector Shape - Group","hd":false}],"nm":"0","np":5,"cix":2,"bm":0,"ix":1,"mn":"ADBE Vector Group","hd":false}]},"fFamily":"Gilroy"},{"ch":"-","size":39,"style":"SemiBold","w":51,"data":{"shapes":[{"ty":"gr","it":[{"ind":0,"ty":"sh","ix":1,"ks":{"a":0,"k":{"i":[[0,0],[0,0],[0,0],[0,0]],"o":[[0,0],[0,0],[0,0],[0,0]],"v":[[7.05,-25.378],[44.312,-25.378],[44.312,-35.852],[7.05,-35.852]],"c":true},"ix":2},"nm":"-","mn":"ADBE Vector Shape - Group","hd":false}],"nm":"-","np":3,"cix":2,"bm":0,"ix":1,"mn":"ADBE Vector Group","hd":false}]},"fFamily":"Gilroy"},{"ch":"5","size":39,"style":"SemiBold","w":53.5,"data":{"shapes":[{"ty":"gr","it":[{"ind":0,"ty":"sh","ix":1,"ks":{"a":0,"k":{"i":[[12.79,0],[0,0],[0,0],[0,0],[0,0],[0,0],[0,0],[0,0],[0,-7.05],[7.855,0],[1.813,6.244],[0,0],[-10.675,0],[0,14.804]],"o":[[0,0],[0,0],[0,0],[0,0],[0,0],[0,0],[0,0],[7.654,0],[0,7.05],[-7.352,0],[0,0],[3.726,10.172],[12.991,0],[0,-14.703]],"v":[[27.695,-43.909],[18.832,-43.909],[20.041,-59.619],[48.642,-59.619],[48.642,-70.496],[9.366,-70.496],[6.647,-32.629],[27.191,-32.629],[40.082,-21.35],[26.99,-9.97],[12.991,-19.537],[3.021,-13.797],[26.99,1.309],[51.663,-21.35]],"c":true},"ix":2},"nm":"5","mn":"ADBE Vector Shape - Group","hd":false}],"nm":"5","np":3,"cix":2,"bm":0,"ix":1,"mn":"ADBE Vector Group","hd":false}]},"fFamily":"Gilroy"},{"ch":" ","size":39,"style":"SemiBold","w":25,"data":{},"fFamily":"Gilroy"},{"ch":"m","size":39,"style":"SemiBold","w":85.1,"data":{"shapes":[{"ty":"gr","it":[{"ind":0,"ty":"sh","ix":1,"ks":{"a":0,"k":{"i":[[11.38,0],[3.323,-5.237],[6.546,0],[3.223,-4.935],[0,0],[0,0],[0,0],[0,0],[0,0],[-6.143,0],[0,-7.05],[0,0],[0,0],[0,0],[-6.445,0],[0,-7.05],[0,0],[0,0],[0,0]],"o":[[-6.747,0],[-2.921,-5.035],[-6.244,0],[0,0],[0,0],[0,0],[0,0],[0,0],[0,-9.164],[5.942,0],[0,0],[0,0],[0,0],[0,-9.164],[5.942,0],[0,0],[0,0],[0,0],[0,-12.589]],"v":[[61.331,-51.663],[45.923,-43.707],[31.622,-51.663],[17.221,-44.312],[17.221,-50.354],[6.345,-50.354],[6.345,0],[17.221,0],[17.221,-28.198],[28.4,-41.492],[37.866,-30.515],[37.866,0],[48.743,0],[48.743,-28.198],[59.72,-41.492],[69.489,-30.515],[69.489,0],[80.365,0],[80.365,-31.219]],"c":true},"ix":2},"nm":"m","mn":"ADBE Vector Shape - Group","hd":false}],"nm":"m","np":3,"cix":2,"bm":0,"ix":1,"mn":"ADBE Vector Group","hd":false}]},"fFamily":"Gilroy"},{"ch":"i","size":39,"style":"SemiBold","w":23.3,"data":{"shapes":[{"ty":"gr","it":[{"ind":0,"ty":"sh","ix":1,"ks":{"a":0,"k":{"i":[[-3.827,0],[0,3.726],[3.827,0],[0,-3.827]],"o":[[3.827,0],[0,-3.827],[-3.827,0],[0,3.726]],"v":[[11.783,-57.907],[18.732,-64.856],[11.783,-71.805],[4.834,-64.856]],"c":true},"ix":2},"nm":"i","mn":"ADBE Vector Shape - Group","hd":false},{"ind":1,"ty":"sh","ix":2,"ks":{"a":0,"k":{"i":[[0,0],[0,0],[0,0],[0,0]],"o":[[0,0],[0,0],[0,0],[0,0]],"v":[[6.345,0],[17.221,0],[17.221,-50.354],[6.345,-50.354]],"c":true},"ix":2},"nm":"i","mn":"ADBE Vector Shape - Group","hd":false}],"nm":"i","np":5,"cix":2,"bm":0,"ix":1,"mn":"ADBE Vector Group","hd":false}]},"fFamily":"Gilroy"},{"ch":"n","size":39,"style":"SemiBold","w":57.1,"data":{"shapes":[{"ty":"gr","it":[{"ind":0,"ty":"sh","ix":1,"ks":{"a":0,"k":{"i":[[11.279,0],[3.323,-5.237],[0,0],[0,0],[0,0],[0,0],[0,0],[-7.15,0],[0,-7.654],[0,0],[0,0],[0,0]],"o":[[-6.848,0],[0,0],[0,0],[0,0],[0,0],[0,0],[0,-10.272],[6.848,0],[0,0],[0,0],[0,0],[0,-13.092]],"v":[[32.831,-51.663],[17.221,-43.909],[17.221,-50.354],[6.345,-50.354],[6.345,0],[17.221,0],[17.221,-26.99],[30.011,-41.492],[41.29,-29.81],[41.29,0],[52.167,0],[52.167,-30.917]],"c":true},"ix":2},"nm":"n","mn":"ADBE Vector Shape - Group","hd":false}],"nm":"n","np":3,"cix":2,"bm":0,"ix":1,"mn":"ADBE Vector Group","hd":false}]},"fFamily":"Gilroy"},{"ch":"s","size":39,"style":"SemiBold","w":43.1,"data":{"shapes":[{"ty":"gr","it":[{"ind":0,"ty":"sh","ix":1,"ks":{"a":0,"k":{"i":[[0,9.164],[-3.928,0],[-1.813,-3.928],[0,0],[8.258,0],[0,-9.467],[0,-8.963],[4.834,0],[1.611,4.532],[0,0],[-10.071,0],[0,10.071]],"o":[[0,-3.625],[4.129,0],[0,0],[-3.525,-6.647],[-10.272,0],[0,18.027],[0,4.028],[-5.539,0],[0,0],[3.223,7.251],[10.876,0],[0,-18.631]],"v":[[16.113,-36.456],[23.465,-41.794],[32.932,-36.053],[42.096,-41.19],[23.465,-51.663],[5.035,-36.255],[32.126,-14.301],[23.566,-8.661],[12.387,-15.912],[3.021,-10.474],[23.566,1.309],[43.204,-14.2]],"c":true},"ix":2},"nm":"s","mn":"ADBE Vector Shape - Group","hd":false}],"nm":"s","np":3,"cix":2,"bm":0,"ix":1,"mn":"ADBE Vector Group","hd":false}]},"fFamily":"Gilroy"},{"ch":"E","size":46,"style":"SemiBold","w":53,"data":{"shapes":[{"ty":"gr","it":[{"ind":0,"ty":"sh","ix":1,"ks":{"a":0,"k":{"i":[[0,0],[0,0],[0,0],[0,0],[0,0],[0,0],[0,0],[0,0],[0,0],[0,0],[0,0],[0,0]],"o":[[0,0],[0,0],[0,0],[0,0],[0,0],[0,0],[0,0],[0,0],[0,0],[0,0],[0,0],[0,0]],"v":[[18.631,-11.078],[18.631,-30.112],[46.829,-30.112],[46.829,-41.089],[18.631,-41.089],[18.631,-59.418],[49.347,-59.418],[49.347,-70.496],[7.05,-70.496],[7.05,0],[49.85,0],[49.85,-11.078]],"c":true},"ix":2},"nm":"E","mn":"ADBE Vector Shape - Group","hd":false}],"nm":"E","np":3,"cix":2,"bm":0,"ix":1,"mn":"ADBE Vector Group","hd":false}]},"fFamily":"Gilroy"},{"ch":"x","size":46,"style":"SemiBold","w":52,"data":{"shapes":[{"ty":"gr","it":[{"ind":0,"ty":"sh","ix":1,"ks":{"a":0,"k":{"i":[[0,0],[0,0],[0,0],[0,0],[0,0],[0,0],[0,0],[0,0],[0,0],[0,0],[0,0],[0,0]],"o":[[0,0],[0,0],[0,0],[0,0],[0,0],[0,0],[0,0],[0,0],[0,0],[0,0],[0,0],[0,0]],"v":[[51.361,0],[32.529,-25.781],[50.455,-50.354],[37.766,-50.354],[26.184,-34.442],[14.603,-50.354],[2.014,-50.354],[19.94,-25.882],[1.007,0],[13.696,0],[26.285,-17.221],[38.773,0]],"c":true},"ix":2},"nm":"x","mn":"ADBE Vector Shape - Group","hd":false}],"nm":"x","np":3,"cix":2,"bm":0,"ix":1,"mn":"ADBE Vector Group","hd":false}]},"fFamily":"Gilroy"},{"ch":"p","size":46,"style":"SemiBold","w":63,"data":{"shapes":[{"ty":"gr","it":[{"ind":0,"ty":"sh","ix":1,"ks":{"a":0,"k":{"i":[[13.696,0],[3.827,-5.338],[0,0],[0,0],[0,0],[0,0],[0,0],[-7.855,0],[0,15.005]],"o":[[-7.855,0],[0,0],[0,0],[0,0],[0,0],[0,0],[3.827,5.237],[13.696,0],[0,-14.905]],"v":[[34.845,-51.663],[17.221,-43.103],[17.221,-50.354],[6.345,-50.354],[6.345,20.142],[17.221,20.142],[17.221,-7.15],[34.845,1.309],[59.921,-25.177]],"c":true},"ix":2},"nm":"p","mn":"ADBE Vector Shape - Group","hd":false},{"ind":1,"ty":"sh","ix":2,"ks":{"a":0,"k":{"i":[[9.064,0],[0,9.366],[-9.064,0],[0,-9.366]],"o":[[-9.064,0],[0,-9.366],[9.064,0],[0,9.366]],"v":[[33.133,-9.064],[17.221,-25.177],[33.133,-41.29],[49.045,-25.177]],"c":true},"ix":2},"nm":"p","mn":"ADBE Vector Shape - Group","hd":false}],"nm":"p","np":5,"cix":2,"bm":0,"ix":1,"mn":"ADBE Vector Group","hd":false}]},"fFamily":"Gilroy"},{"ch":"r","size":46,"style":"SemiBold","w":34.2,"data":{"shapes":[{"ty":"gr","it":[{"ind":0,"ty":"sh","ix":1,"ks":{"a":0,"k":{"i":[[3.021,-6.848],[0,0],[0,0],[0,0],[0,0],[0,0],[-7.15,-0.504],[0,0]],"o":[[0,0],[0,0],[0,0],[0,0],[0,0],[0,-11.279],[0,0],[-6.345,0]],"v":[[17.221,-41.895],[17.221,-50.354],[6.345,-50.354],[6.345,0],[17.221,0],[17.221,-25.378],[32.73,-39.478],[32.73,-51.26]],"c":true},"ix":2},"nm":"r","mn":"ADBE Vector Shape - Group","hd":false}],"nm":"r","np":3,"cix":2,"bm":0,"ix":1,"mn":"ADBE Vector Group","hd":false}]},"fFamily":"Gilroy"},{"ch":"e","size":46,"style":"SemiBold","w":57.9,"data":{"shapes":[{"ty":"gr","it":[{"ind":0,"ty":"sh","ix":1,"ks":{"a":0,"k":{"i":[[1.712,7.855],[0,0],[0,1.511],[15.005,0],[0,-14.905],[-16.617,0],[-4.633,6.848],[0,0],[6.042,0]],"o":[[0,0],[0.201,-1.41],[0,-14.502],[-15.811,0],[0,15.106],[9.869,0],[0,0],[-2.417,3.525],[-8.057,0]],"v":[[14.905,-20.544],[54.987,-20.544],[55.389,-25.076],[30.112,-51.663],[3.525,-25.177],[30.917,1.309],[52.972,-9.668],[44.009,-14.905],[31.018,-8.661]],"c":true},"ix":2},"nm":"e","mn":"ADBE Vector Shape - Group","hd":false},{"ind":1,"ty":"sh","ix":2,"ks":{"a":0,"k":{"i":[[0,0],[-8.157,0],[-1.511,-8.661]],"o":[[1.511,-7.553],[6.546,0],[0,0]],"v":[[14.804,-29.407],[30.011,-41.794],[44.412,-29.407]],"c":true},"ix":2},"nm":"e","mn":"ADBE Vector Shape - Group","hd":false}],"nm":"e","np":5,"cix":2,"bm":0,"ix":1,"mn":"ADBE Vector Group","hd":false}]},"fFamily":"Gilroy"}]}